  0
SECTION
  2
HEADER
  9
$ACADVER
  1
AC1032
  9
$ACADMAINTVER
 90
      197
  9
$DWGCODEPAGE
  3
ANSI_1252
  9
$LASTSAVEDBY
  1
m.golmirzae
  9
$REQUIREDVERSIONS
160
                 0
  9
$INSBASE
 10
0.0
 20
0.0
 30
0.0
  9
$EXTMIN
 10
0.0307485681189519
 20
-0.0422779471691115
 30
0.0
  9
$EXTMAX
 10
420.0307485681189
 20
296.9577220528312
 30
0.0
  9
$LIMMIN
 10
0.0
 20
0.0
  9
$LIMMAX
 10
420.0
 20
297.0
  9
$ORTHOMODE
 70
     0
  9
$REGENMODE
 70
     1
  9
$FILLMODE
 70
     1
  9
$QTEXTMODE
 70
     0
  9
$MIRRTEXT
 70
     0
  9
$LTSCALE
 40
1.0
  9
$ATTMODE
 70
     1
  9
$TEXTSIZE
 40
80.92260147141718
  9
$TRACEWID
 40
1.0
  9
$TEXTSTYLE
  7
Standard
  9
$CLAYER
  8
Layer1
  9
$CELTYPE
  6
ByLayer
  9
$CECOLOR
 62
     1
  9
$CELTSCALE
 40
1.0
  9
$DISPSILH
 70
     0
  9
$DIMSCALE
 40
1.0
  9
$DIMASZ
 40
2.5
  9
$DIMEXO
 40
0.625
  9
$DIMDLI
 40
3.75
  9
$DIMRND
 40
0.0
  9
$DIMDLE
 40
0.0
  9
$DIMEXE
 40
1.25
  9
$DIMTP
 40
0.0
  9
$DIMTM
 40
0.0
  9
$DIMTXT
 40
2.5
  9
$DIMCEN
 40
2.5
  9
$DIMTSZ
 40
0.0
  9
$DIMTOL
 70
     0
  9
$DIMLIM
 70
     0
  9
$DIMTIH
 70
     0
  9
$DIMTOH
 70
     0
  9
$DIMSE1
 70
     0
  9
$DIMSE2
 70
     0
  9
$DIMTAD
 70
     1
  9
$DIMZIN
 70
     8
  9
$DIMBLK
  1

  9
$DIMASO
 70
     1
  9
$DIMSHO
 70
     1
  9
$DIMPOST
  1

  9
$DIMAPOST
  1

  9
$DIMALT
 70
     0
  9
$DIMALTD
 70
     3
  9
$DIMALTF
 40
0.03937007874016
  9
$DIMLFAC
 40
1.0
  9
$DIMTOFL
 70
     1
  9
$DIMTVP
 40
0.0
  9
$DIMTIX
 70
     0
  9
$DIMSOXD
 70
     0
  9
$DIMSAH
 70
     0
  9
$DIMBLK1
  1

  9
$DIMBLK2
  1

  9
$DIMSTYLE
  2
ISO-25
  9
$DIMCLRD
 70
     0
  9
$DIMCLRE
 70
     0
  9
$DIMCLRT
 70
     0
  9
$DIMTFAC
 40
1.0
  9
$DIMGAP
 40
0.625
  9
$DIMJUST
 70
     0
  9
$DIMSD1
 70
     0
  9
$DIMSD2
 70
     0
  9
$DIMTOLJ
 70
     0
  9
$DIMTZIN
 70
     8
  9
$DIMALTZ
 70
     0
  9
$DIMALTTZ
 70
     0
  9
$DIMUPT
 70
     0
  9
$DIMDEC
 70
     2
  9
$DIMTDEC
 70
     2
  9
$DIMALTU
 70
     2
  9
$DIMALTTD
 70
     3
  9
$DIMTXSTY
  7
Standard
  9
$DIMAUNIT
 70
     0
  9
$DIMADEC
 70
     0
  9
$DIMALTRND
 40
0.0
  9
$DIMAZIN
 70
     0
  9
$DIMDSEP
 70
    44
  9
$DIMATFIT
 70
     3
  9
$DIMFRAC
 70
     0
  9
$DIMLDRBLK
  1

  9
$DIMLUNIT
 70
     2
  9
$DIMLWD
 70
    -2
  9
$DIMLWE
 70
    -2
  9
$DIMTMOVE
 70
     0
  9
$DIMFXL
 40
0.18
  9
$DIMFXLON
 70
     0
  9
$DIMJOGANG
 40
0.7853981633974483
  9
$DIMTFILL
 70
     0
  9
$DIMTFILLCLR
 70
     0
  9
$DIMARCSYM
 70
     0
  9
$DIMLTYPE
  6
ByLayer
  9
$DIMLTEX1
  6
ByLayer
  9
$DIMLTEX2
  6
ByLayer
  9
$DIMTXTDIRECTION
 70
     0
  9
$LUNITS
 70
     2
  9
$LUPREC
 70
     4
  9
$SKETCHINC
 40
1.0
  9
$FILLETRAD
 40
0.0
  9
$AUNITS
 70
     0
  9
$AUPREC
 70
     0
  9
$MENU
  1
.
  9
$ELEVATION
 40
0.0
  9
$PELEVATION
 40
0.0
  9
$THICKNESS
 40
0.0
  9
$LIMCHECK
 70
     0
  9
$CHAMFERA
 40
0.0
  9
$CHAMFERB
 40
0.0
  9
$CHAMFERC
 40
0.0
  9
$CHAMFERD
 40
0.0
  9
$SKPOLY
 70
     0
  9
$TDCREATE
 40
2453122.447476852
  9
$TDUCREATE
 40
2453122.301647315
  9
$TDUPDATE
 40
2461297.761805556
  9
$TDUUPDATE
 40
2461297.615972222
  9
$TDINDWG
 40
8.5237185069
  9
$TDUSRTIMER
 40
8.5237185069
  9
$USRTIMER
 70
     1
  9
$ANGBASE
 50
0.0
  9
$ANGDIR
 70
     0
  9
$PDMODE
 70
     0
  9
$PDSIZE
 40
0.0
  9
$PLINEWID
 40
0.2
  9
$SPLFRAME
 70
     0
  9
$SPLINETYPE
 70
     6
  9
$SPLINESEGS
 70
     8
  9
$HANDSEED
  5
5056410
  9
$SURFTAB1
 70
     6
  9
$SURFTAB2
 70
     6
  9
$SURFTYPE
 70
     6
  9
$SURFU
 70
     6
  9
$SURFV
 70
     6
  9
$UCSBASE
  2

  9
$UCSNAME
  2

  9
$UCSORG
 10
0.0
 20
0.0
 30
0.0
  9
$UCSXDIR
 10
1.0
 20
0.0
 30
0.0
  9
$UCSYDIR
 10
0.0
 20
1.0
 30
0.0
  9
$UCSORTHOREF
  2

  9
$UCSORTHOVIEW
 70
     0
  9
$UCSORGTOP
 10
0.0
 20
0.0
 30
0.0
  9
$UCSORGBOTTOM
 10
0.0
 20
0.0
 30
0.0
  9
$UCSORGLEFT
 10
0.0
 20
0.0
 30
0.0
  9
$UCSORGRIGHT
 10
0.0
 20
0.0
 30
0.0
  9
$UCSORGFRONT
 10
0.0
 20
0.0
 30
0.0
  9
$UCSORGBACK
 10
0.0
 20
0.0
 30
0.0
  9
$PUCSBASE
  2

  9
$PUCSNAME
  2

  9
$PUCSORG
 10
0.0
 20
0.0
 30
0.0
  9
$PUCSXDIR
 10
1.0
 20
0.0
 30
0.0
  9
$PUCSYDIR
 10
0.0
 20
1.0
 30
0.0
  9
$PUCSORTHOREF
  2

  9
$PUCSORTHOVIEW
 70
     0
  9
$PUCSORGTOP
 10
0.0
 20
0.0
 30
0.0
  9
$PUCSORGBOTTOM
 10
0.0
 20
0.0
 30
0.0
  9
$PUCSORGLEFT
 10
0.0
 20
0.0
 30
0.0
  9
$PUCSORGRIGHT
 10
0.0
 20
0.0
 30
0.0
  9
$PUCSORGFRONT
 10
0.0
 20
0.0
 30
0.0
  9
$PUCSORGBACK
 10
0.0
 20
0.0
 30
0.0
  9
$USERI1
 70
     0
  9
$USERI2
 70
     0
  9
$USERI3
 70
     0
  9
$USERI4
 70
     0
  9
$USERI5
 70
     0
  9
$USERR1
 40
3.141592653589793
  9
$USERR2
 40
0.0
  9
$USERR3
 40
0.0
  9
$USERR4
 40
0.0
  9
$USERR5
 40
0.0
  9
$WORLDVIEW
 70
     1
  9
$SHADEDGE
 70
     0
  9
$SHADEDIF
 70
    70
  9
$TILEMODE
 70
     1
  9
$MAXACTVP
 70
    64
  9
$PINSBASE
 10
0.0
 20
0.0
 30
0.0
  9
$PLIMCHECK
 70
     0
  9
$PEXTMIN
 10
-82.45049119473277
 20
-12.61109972763063
 30
0.0
  9
$PEXTMAX
 10
349.1504728841859
 20
215.8110938148499
 30
0.0
  9
$PLIMMIN
 10
0.0
 20
0.0
  9
$PLIMMAX
 10
12.0
 20
9.0
  9
$UNITMODE
 70
     0
  9
$VISRETAIN
 70
     1
  9
$PLINEGEN
 70
     0
  9
$PSLTSCALE
 70
     1
  9
$TREEDEPTH
 70
  3020
  9
$CMLSTYLE
  2
Standard
  9
$CMLJUST
 70
     0
  9
$CMLSCALE
 40
20.0
  9
$PROXYGRAPHICS
 70
     1
  9
$MEASUREMENT
 70
     1
  9
$CELWEIGHT
370
    -1
  9
$ENDCAPS
280
     0
  9
$JOINSTYLE
280
     0
  9
$LWDISPLAY
290
     0
  9
$INSUNITS
 70
     4
  9
$HYPERLINKBASE
  1

  9
$STYLESHEET
  1
SL.ctb
  9
$XEDIT
290
     1
  9
$CEPSNTYPE
380
     0
  9
$PSTYLEMODE
290
     1
  9
$FINGERPRINTGUID
  2
{FDEAD578-A652-11D2-9A35-0060089B3A3F}
  9
$VERSIONGUID
  2
{325B10C8-6122-CE42-9D1F-05A1304E9E5A}
  9
$EXTNAMES
290
     1
  9
$PSVPSCALE
 40
0.0
  9
$OLESTARTUP
290
     0
  9
$SORTENTS
280
   127
  9
$INDEXCTL
280
     0
  9
$HIDETEXT
280
     1
  9
$XCLIPFRAME
280
     2
  9
$HALOGAP
280
     0
  9
$OBSCOLOR
 70
   257
  9
$OBSLTYPE
280
     0
  9
$INTERSECTIONDISPLAY
280
     0
  9
$INTERSECTIONCOLOR
 70
   257
  9
$DIMASSOC
280
     2
  9
$PROJECTNAME
  1

  9
$CAMERADISPLAY
290
     0
  9
$LENSLENGTH
 40
50.0
  9
$CAMERAHEIGHT
 40
0.0
  9
$STEPSPERSEC
 40
2.0
  9
$STEPSIZE
 40
6.0
  9
$3DDWFPREC
 40
2.0
  9
$PSOLWIDTH
 40
0.25
  9
$PSOLHEIGHT
 40
4.0
  9
$LOFTANG1
 40
1.570796326794896
  9
$LOFTANG2
 40
1.570796326794896
  9
$LOFTMAG1
 40
0.0
  9
$LOFTMAG2
 40
0.0
  9
$LOFTPARAM
 70
     7
  9
$LOFTNORMALS
280
     1
  9
$LATITUDE
 40
37.795
  9
$LONGITUDE
 40
-122.394
  9
$NORTHDIRECTION
 40
0.0
  9
$TIMEZONE
 70
 -8000
  9
$LIGHTGLYPHDISPLAY
280
     1
  9
$TILEMODELIGHTSYNCH
280
     1
  9
$CMATERIAL
347
2C407
  9
$SOLIDHIST
280
     0
  9
$SHOWHIST
280
     1
  9
$DWFFRAME
280
     2
  9
$DGNFRAME
280
     0
  9
$REALWORLDSCALE
290
     1
  9
$INTERFERECOLOR
 62
     1
  9
$INTERFEREOBJVS
345
2C414
  9
$INTERFEREVPVS
346
52036
  9
$CSHADOW
280
     0
  9
$SHADOWPLANELOCATION
 40
0.0
  0
ENDSEC
  0
SECTION
  2
CLASSES
  0
CLASS
  1
ACDBDICTIONARYWDFLT
  2
AcDbDictionaryWithDefault
  3
ObjectDBX Classes
 90
        0
 91
        1
280
     0
281
     0
  0
CLASS
  1
DICTIONARYVAR
  2
AcDbDictionaryVar
  3
ObjectDBX Classes
 90
        0
 91
       14
280
     0
281
     0
  0
CLASS
  1
TABLESTYLE
  2
AcDbTableStyle
  3
ObjectDBX Classes
 90
     4095
 91
        1
280
     0
281
     0
  0
CLASS
  1
SORTENTSTABLE
  2
AcDbSortentsTable
  3
ObjectDBX Classes
 90
        0
 91
        5
280
     0
281
     0
  0
CLASS
  1
MATERIAL
  2
AcDbMaterial
  3
ObjectDBX Classes
 90
     1153
 91
        3
280
     0
281
     0
  0
CLASS
  1
VISUALSTYLE
  2
AcDbVisualStyle
  3
ObjectDBX Classes
 90
     4095
 91
       26
280
     0
281
     0
  0
CLASS
  1
SCALE
  2
AcDbScale
  3
ObjectDBX Classes
 90
     1153
 91
       33
280
     0
281
     0
  0
CLASS
  1
MLEADERSTYLE
  2
AcDbMLeaderStyle
  3
ACDB_MLEADERSTYLE_CLASS
 90
     4095
 91
        1
280
     0
281
     0
  0
CLASS
  1
CELLSTYLEMAP
  2
AcDbCellStyleMap
  3
ObjectDBX Classes
 90
     1152
 91
        1
280
     0
281
     0
  0
CLASS
  1
ACAD_EVALUATION_GRAPH
  2
AcDbEvalGraph
  3
ObjectDBX Classes
 90
     1153
 91
        1
280
     0
281
     0
  0
CLASS
  1
ACAECUSTOBJ
  2
AcAeEditorObj
  3
AcAeEditorObj
 90
     1024
 91
        0
280
     0
281
     0
  0
CLASS
  1
ACDB_DYNAMICBLOCKPURGEPREVENTER_VERSION
  2
AcDbDynamicBlockPurgePreventer
  3
ObjectDBX Classes
 90
     1153
 91
        1
280
     0
281
     0
  0
CLASS
  1
AEC_REFEDIT_STATUS_TRACKER
  2
AecDbRefEditStatusTracker
  3
AecArchBase80|Product Desc: Autodesk Architectural Desktop 2007 |Company: Autodesk,Inc. |WEB Address: www.autodesk.com
 90
      129
 91
        0
280
     0
281
     0
  0
CLASS
  1
NPOCOLLECTION
  2
AcDbImpNonPersistentObjectsCollection
  3
ObjectDBX Classes
 90
     1153
 91
        1
280
     0
281
     0
  0
CLASS
  1
EXACXREFPANELOBJECT
  2
ExAcXREFPanelObject
  3
EXAC_ESW
 90
     1025
 91
        1
280
     0
281
     0
  0
CLASS
  1
ACDB_TEXTOBJECTCONTEXTDATA_CLASS
  2
AcDbTextObjectContextData
  3
ObjectDBX Classes
 90
     1153
 91
        0
280
     0
281
     0
  0
CLASS
  1
ACDBSECTIONVIEWSTYLE
  2
AcDbSectionViewStyle
  3
ObjectDBX Classes
 90
     1025
 91
        2
280
     0
281
     0
  0
CLASS
  1
ACDBDETAILVIEWSTYLE
  2
AcDbDetailViewStyle
  3
ObjectDBX Classes
 90
     1025
 91
        2
280
     0
281
     0
  0
CLASS
  1
RAPIDRTRENDERSETTINGS
  2
AcDbRapidRTRenderSettings
  3
ObjectDBX Classes
 90
     1024
 91
        1
280
     0
281
     0
  0
CLASS
  1
MENTALRAYRENDERSETTINGS
  2
AcDbMentalRayRenderSettings
  3
SCENEOE
 90
     1024
 91
        1
280
     0
281
     0
  0
CLASS
  1
SOLID_BACKGROUND
  2
AcDbSolidBackground
  3
SCENEOE
 90
     4095
 91
        0
280
     0
281
     0
  0
CLASS
  1
ACDBASSOCNETWORK
  2
AcDbAssocNetwork
  3
ObjectDBX Classes
 90
     1025
 91
        2
280
     0
281
     0
  0
CLASS
  1
ACDBASSOCACTION
  2
AcDbAssocAction
  3
ObjectDBX Classes
 90
     1025
 91
        2
280
     0
281
     0
  0
CLASS
  1
ACDBASSOCARRAYACTIONBODY
  2
AcDbAssocArrayActionBody
  3
ObjectDBX Classes
 90
     1025
 91
        2
280
     0
281
     0
  0
CLASS
  1
ACDBASSOCDEPENDENCY
  2
AcDbAssocDependency
  3
ObjectDBX Classes
 90
     1025
 91
        6
280
     0
281
     0
  0
CLASS
  1
ACDBASSOCVERTEXACTIONPARAM
  2
AcDbAssocVertexActionParam
  3
ObjectDBX Classes
 90
     1025
 91
        6
280
     0
281
     0
  0
CLASS
  1
ACDB_DYNAMICBLOCKPROXYNODE
  2
AcDbDynamicBlockProxyNode
  3
ObjectDBX Classes
 90
     1153
 91
        1
280
     0
281
     0
  0
CLASS
  1
FIELD
  2
AcDbField
  3
ObjectDBX Classes
 90
     1152
 91
       13
280
     0
281
     0
  0
CLASS
  1
FIELDLIST
  2
AcDbFieldList
  3
ObjectDBX Classes
 90
     1152
 91
        1
280
     0
281
     0
  0
CLASS
  1
ACDBASSOCARRAYRECTANGULARPARAMETERS
  2
AcDbAssocArrayRectangularParameters
  3
ObjectDBX Classes
 90
     1025
 91
        0
280
     0
281
     0
  0
ENDSEC
  0
SECTION
  2
TABLES
  0
TABLE
  2
VPORT
  5
8
102
{ACAD_XDICTIONARY
360
392D6
102
}
330
0
100
AcDbSymbolTable
 70
     1
  0
VPORT
  5
2C405
330
8
100
AcDbSymbolTableRecord
100
AcDbViewportTableRecord
  2
*Active
 70
     0
 10
0.0
 20
0.0
 11
1.0
 21
1.0
 12
159.4330786568725
 22
-8.635894013357443
 13
0.0
 23
0.0
 14
10.0
 24
10.0
 15
10.0
 25
10.0
 16
0.0
 26
0.0
 36
608.9186511561247
 17
229.8266342826521
 27
91.70493245288509
 37
0.0
 40
491.2698407810172
 41
2.36978417266187
 42
50.0
 43
0.0
 44
0.0
 50
0.0
 51
0.0
 71
     0
 72
  1000
 73
     1
 74
     3
 75
     0
 76
     0
 77
     0
 78
     0
281
     0
 65
     1
110
0.0
120
0.0
130
0.0
111
1.0
121
0.0
131
0.0
112
0.0
122
1.0
132
0.0
 79
     0
146
0.0
348
2C410
 60
     3
 61
     5
292
     1
282
     1
141
0.0
142
0.0
 63
   250
421
  3355443
1001
ACAD_NAV_VCDISPLAY
1070
     3
  0
ENDTAB
  0
TABLE
  2
LTYPE
  5
5
330
0
100
AcDbSymbolTable
 70
     2
  0
LTYPE
  5
14
330
5
100
AcDbSymbolTableRecord
100
AcDbLinetypeTableRecord
  2
ByBlock
 70
     0
  3

 72
    65
 73
     0
 40
0.0
  0
LTYPE
  5
15
330
5
100
AcDbSymbolTableRecord
100
AcDbLinetypeTableRecord
  2
ByLayer
 70
     0
  3

 72
    65
 73
     0
 40
0.0
  0
LTYPE
  5
16
330
5
100
AcDbSymbolTableRecord
100
AcDbLinetypeTableRecord
  2
Continuous
 70
     0
  3
Solid line
 72
    65
 73
     0
 40
0.0
  0
LTYPE
  5
5055750
330
5
100
AcDbSymbolTableRecord
100
AcDbLinetypeTableRecord
  2
AUSGEZOGEN
 70
     0
  3
Ausgezogene Linie
 72
    65
 73
     0
 40
0.0
  0
ENDTAB
  0
TABLE
  2
LAYER
  5
2
102
{ACAD_XDICTIONARY
360
C4E2
102
}
330
0
100
AcDbSymbolTable
 70
    14
  0
LAYER
  5
10
102
{ACAD_XDICTIONARY
360
392C7
102
}
330
2
100
AcDbSymbolTableRecord
100
AcDbLayerTableRecord
  2
0
 70
     0
 62
     7
  6
Continuous
370
    -3
390
F
347
2C409
348
0
  0
LAYER
  5
2C55B
102
{ACAD_XDICTIONARY
360
2C55C
102
}
330
2
100
AcDbSymbolTableRecord
100
AcDbLayerTableRecord
  2
KADR
 70
     0
 62
    40
  6
Continuous
370
    -3
390
F
347
2C409
348
0
  0
LAYER
  5
2DB33
102
{ACAD_XDICTIONARY
360
392D1
102
}
330
2
100
AcDbSymbolTableRecord
100
AcDbLayerTableRecord
  2
Layer1
 70
     0
 62
     3
  6
Continuous
370
    -3
390
F
347
2C409
348
0
1001
AcAecLayerStandard
1000

1000

  0
LAYER
  5
5054D03
102
{ACAD_XDICTIONARY
360
5054D04
102
}
330
2
100
AcDbSymbolTableRecord
100
AcDbLayerTableRecord
  2
TITLE
 70
     0
 62
     7
  6
Continuous
370
    -3
390
F
347
2C409
348
0
  0
LAYER
  5
5055751
102
{ACAD_XDICTIONARY
360
5055752
102
}
330
2
100
AcDbSymbolTableRecord
100
AcDbLayerTableRecord
  2
T_A
 70
     0
 62
     4
  6
Continuous
370
    -3
390
F
347
2C409
348
0
  0
LAYER
  5
5055753
102
{ACAD_XDICTIONARY
360
5055754
102
}
330
2
100
AcDbSymbolTableRecord
100
AcDbLayerTableRecord
  2
FRAME_LINE
 70
     0
 62
    21
  6
AUSGEZOGEN
370
    13
390
F
347
2C409
348
0
  0
LAYER
  5
5055755
102
{ACAD_XDICTIONARY
360
5055756
102
}
330
2
100
AcDbSymbolTableRecord
100
AcDbLayerTableRecord
  2
TXT FIXED
 70
     0
 62
    30
  6
Continuous
370
    -3
390
F
347
2C409
348
0
  0
LAYER
  5
5055757
102
{ACAD_XDICTIONARY
360
5055758
102
}
330
2
100
AcDbSymbolTableRecord
100
AcDbLayerTableRecord
  2
TXT TITLE BLOCK
 70
     0
 62
     7
  6
Continuous
370
    13
390
F
347
2C409
348
0
  0
LAYER
  5
5055759
102
{ACAD_XDICTIONARY
360
505575A
102
}
330
2
100
AcDbSymbolTableRecord
100
AcDbLayerTableRecord
  2
Title Block
 70
     0
 62
     1
  6
Continuous
370
    -3
390
F
347
2C409
348
0
  0
LAYER
  5
505575B
330
2
100
AcDbSymbolTableRecord
100
AcDbLayerTableRecord
  2
SECTION_LINE
 70
     0
 62
    23
  6
Continuous
370
    -3
390
F
347
2C409
348
0
1001
AcAecLayerStandard
1000

1000

1001
AcCmTransparency
1071
        0
  0
LAYER
  5
505575C
330
2
100
AcDbSymbolTableRecord
100
AcDbLayerTableRecord
  2
SUB-SECTION_LINE
 70
     0
 62
    41
  6
Continuous
370
    -3
390
F
347
2C409
348
0
1001
AcAecLayerStandard
1000

1000

1001
AcCmTransparency
1071
        0
  0
LAYER
  5
505575D
330
2
100
AcDbSymbolTableRecord
100
AcDbLayerTableRecord
  2
FOLDING_MARK
 70
     0
 62
     7
  6
Continuous
370
    -3
390
F
347
2C409
348
0
1001
AcAecLayerStandard
1000

1000

1001
AcCmTransparency
1071
        0
  0
LAYER
  5
505575E
102
{ACAD_XDICTIONARY
360
505575F
102
}
330
2
100
AcDbSymbolTableRecord
100
AcDbLayerTableRecord
  2
TITLE TEXT
 70
     0
 62
     7
  6
Continuous
370
    -3
390
F
347
2C409
348
0
1001
RAK
1000
{ACET-LAYISO
1070
     0
1070
     7
1000
Continuous
1071
       -3
1071
        1
1005
F
1000
ACET-LAYISO}
  0
LAYER
  5
5056126
102
{ACAD_XDICTIONARY
360
5056127
102
}
330
2
100
AcDbSymbolTableRecord
100
AcDbLayerTableRecord
  2
TEXT
 70
     0
 62
     7
  6
Continuous
370
    -3
390
F
347
2C409
348
0
  0
ENDTAB
  0
TABLE
  2
STYLE
  5
3
330
0
100
AcDbSymbolTable
 70
     8
  0
STYLE
  5
11
330
3
100
AcDbSymbolTableRecord
100
AcDbTextStyleTableRecord
  2
Standard
 70
     0
 40
0.0
 41
1.0
 50
0.0
 71
     0
 42
80.92260147141718
  3
txt
  4

  0
STYLE
  5
92
330
3
100
AcDbSymbolTableRecord
100
AcDbTextStyleTableRecord
  2
ROMANS
 70
     0
 40
0.0
 41
1.0
 50
0.0
 71
     0
 42
30.0
  3
romans.shx
  4

  0
STYLE
  5
94
330
3
100
AcDbSymbolTableRecord
100
AcDbTextStyleTableRecord
  2
ROMANC
 70
     0
 40
1.0
 41
1.0
 50
0.0
 71
     0
 42
1.0
  3
ROMANC.shx
  4

  0
STYLE
  5
5298D
330
3
100
AcDbSymbolTableRecord
100
AcDbTextStyleTableRecord
  2
ROMANT
 70
     0
 40
0.0
 41
1.0
 50
0.0
 71
     0
 42
2.5
  3
romant
  4

  0
STYLE
  5
5054EA4
330
3
100
AcDbSymbolTableRecord
100
AcDbTextStyleTableRecord
  2
ROMAND
 70
     0
 40
0.0
 41
1.0
 50
0.0
 71
     0
 42
5.0
  3
ROMAND.shx
  4

  0
STYLE
  5
5055760
330
3
100
AcDbSymbolTableRecord
100
AcDbTextStyleTableRecord
  2
COURIER
 70
     0
 40
1.5
 41
1.0
 50
0.0
 71
     0
 42
2.0
  3
cour.ttf
  4

1001
ACAD
1000
Courier New
1071
       49
  0
STYLE
  5
5056128
330
3
100
AcDbSymbolTableRecord
100
AcDbTextStyleTableRecord
  2
1
 70
     0
 40
0.0
 41
1.0
 50
0.0
 71
     0
 42
2.5
  3
tahoma.ttf
  4

1001
ACAD
1000
Tahoma
1071
       42
  0
STYLE
  5
5056129
330
3
100
AcDbSymbolTableRecord
100
AcDbTextStyleTableRecord
  2
ITALICC
 70
     0
 40
0.0
 41
1.0
 50
0.0
 71
     0
 42
2.5
  3
italicc
  4

  0
ENDTAB
  0
TABLE
  2
VIEW
  5
6
330
0
100
AcDbSymbolTable
 70
     0
  0
ENDTAB
  0
TABLE
  2
UCS
  5
7
330
0
100
AcDbSymbolTable
 70
     0
  0
ENDTAB
  0
TABLE
  2
APPID
  5
9
330
0
100
AcDbSymbolTable
 70
    28
  0
APPID
  5
12
330
9
100
AcDbSymbolTableRecord
100
AcDbRegAppTableRecord
  2
ACAD
 70
     0
  0
APPID
  5
C4E1
330
9
100
AcDbSymbolTableRecord
100
AcDbRegAppTableRecord
  2
PARS
 70
     0
  0
APPID
  5
1A2E5
330
9
100
AcDbSymbolTableRecord
100
AcDbRegAppTableRecord
  2
RAK
 70
     0
  0
APPID
  5
2C431
330
9
100
AcDbSymbolTableRecord
100
AcDbRegAppTableRecord
  2
ACAD_EXEMPT_FROM_CAD_STANDARDS
 70
     0
  0
APPID
  5
2C566
330
9
100
AcDbSymbolTableRecord
100
AcDbRegAppTableRecord
  2
ACAD_PSEXT
 70
     0
  0
APPID
  5
2DB34
330
9
100
AcDbSymbolTableRecord
100
AcDbRegAppTableRecord
  2
AcAecLayerStandard
 70
     0
  0
APPID
  5
39211
330
9
100
AcDbSymbolTableRecord
100
AcDbRegAppTableRecord
  2
ACAD_MLEADERVER
 70
     0
  0
APPID
  5
39630
330
9
100
AcDbSymbolTableRecord
100
AcDbRegAppTableRecord
  2
ACAUTHENVIRON
 70
     0
  0
APPID
  5
39634
330
9
100
AcDbSymbolTableRecord
100
AcDbRegAppTableRecord
  2
AcDbDynamicBlockTrueName
 70
     0
  0
APPID
  5
39635
330
9
100
AcDbSymbolTableRecord
100
AcDbRegAppTableRecord
  2
AcDbDynamicBlockGUID
 70
     0
  0
APPID
  5
39637
330
9
100
AcDbSymbolTableRecord
100
AcDbRegAppTableRecord
  2
AcDbBlockRepETag
 70
     0
  0
APPID
  5
3A617
330
9
100
AcDbSymbolTableRecord
100
AcDbRegAppTableRecord
  2
AcDbAttr
 70
     0
  0
APPID
  5
3EC4F
330
9
100
AcDbSymbolTableRecord
100
AcDbRegAppTableRecord
  2
ACAD_DSTYLE_DIMJOGGED_JOGANGLE_SYMBOL
 70
     0
  0
APPID
  5
416AE
330
9
100
AcDbSymbolTableRecord
100
AcDbRegAppTableRecord
  2
ACAD_DSTYLE_DIMEXT_LENGTH
 70
     0
  0
APPID
  5
512B7
330
9
100
AcDbSymbolTableRecord
100
AcDbRegAppTableRecord
  2
AcadAnnotative
 70
     0
  0
APPID
  5
512B8
330
9
100
AcDbSymbolTableRecord
100
AcDbRegAppTableRecord
  2
ACAD_DSTYLE_DIMJAG
 70
     0
  0
APPID
  5
512B9
330
9
100
AcDbSymbolTableRecord
100
AcDbRegAppTableRecord
  2
ACAD_DSTYLE_DIMTALN
 70
     0
  0
APPID
  5
52159
330
9
100
AcDbSymbolTableRecord
100
AcDbRegAppTableRecord
  2
ACAD_DSTYLE_DIMBREAK
 70
     0
  0
APPID
  5
5215A
330
9
100
AcDbSymbolTableRecord
100
AcDbRegAppTableRecord
  2
ACAD_NAV_VCDISPLAY
 70
     0
  0
APPID
  5
5215B
330
9
100
AcDbSymbolTableRecord
100
AcDbRegAppTableRecord
  2
AcCmTransparency
 70
     0
  0
APPID
  5
52842
330
9
100
AcDbSymbolTableRecord
100
AcDbRegAppTableRecord
  2
ACAD_DSTYLE_DIM_LINETYPE
 70
     0
  0
APPID
  5
52843
330
9
100
AcDbSymbolTableRecord
100
AcDbRegAppTableRecord
  2
ACAD_DSTYLE_DIM_EXT1_LINETYPE
 70
     0
  0
APPID
  5
52844
330
9
100
AcDbSymbolTableRecord
100
AcDbRegAppTableRecord
  2
ACAD_DSTYLE_DIM_EXT2_LINETYPE
 70
     0
  0
APPID
  5
5291B
330
9
100
AcDbSymbolTableRecord
100
AcDbRegAppTableRecord
  2
GradientColor1ACI
 70
     0
  0
APPID
  5
5291C
330
9
100
AcDbSymbolTableRecord
100
AcDbRegAppTableRecord
  2
GradientColor2ACI
 70
     0
  0
APPID
  5
5055761
330
9
100
AcDbSymbolTableRecord
100
AcDbRegAppTableRecord
  2
AcDbDynamicBlockTrueName2
 70
     0
  0
APPID
  5
505594D
330
9
100
AcDbSymbolTableRecord
100
AcDbRegAppTableRecord
  2
Acad_TC
 70
     0
  0
APPID
  5
5055FBE
330
9
100
AcDbSymbolTableRecord
100
AcDbRegAppTableRecord
  2
ADE
 70
     0
  0
ENDTAB
  0
TABLE
  2
DIMSTYLE
  5
A
330
0
100
AcDbSymbolTable
 70
     3
100
AcDbDimStyleTable
 71
     2
340
27
340
17EC
  0
DIMSTYLE
105
27
330
A
100
AcDbSymbolTableRecord
100
AcDbDimStyleTableRecord
  2
ISO-25
 70
     0
 41
2.5
 42
0.625
 43
3.75
 44
1.25
 73
     0
 74
     0
 77
     1
 78
     8
140
2.5
141
2.5
143
0.03937007874016
147
0.625
171
     3
172
     1
271
     2
272
     2
274
     3
278
    44
283
     0
284
     8
340
11
  0
DIMSTYLE
105
17EC
330
A
100
AcDbSymbolTableRecord
100
AcDbDimStyleTableRecord
  2
STANDARD
 70
     0
340
11
  0
DIMSTYLE
105
19EC0
330
A
100
AcDbSymbolTableRecord
100
AcDbDimStyleTableRecord
  2

 70
     0
279
     2
340
11
  0
ENDTAB
  0
TABLE
  2
BLOCK_RECORD
  5
1
330
0
100
AcDbSymbolTable
 70
    15
  0
BLOCK_RECORD
  5
1F
102
{ACAD_XDICTIONARY
360
2A268
102
}
330
1
100
AcDbSymbolTableRecord
100
AcDbBlockTableRecord
  2
*Model_Space
340
22
 70
     0
280
     1
281
     0
  0
BLOCK_RECORD
  5
55
330
1
100
AcDbSymbolTableRecord
100
AcDbBlockTableRecord
  2
*Paper_Space
340
56
 70
     0
280
     1
281
     0
  0
BLOCK_RECORD
  5
50
330
1
100
AcDbSymbolTableRecord
100
AcDbBlockTableRecord
  2
*Paper_Space0
340
51
 70
     0
280
     1
281
     0
  0
BLOCK_RECORD
  5
505424F
330
1
100
AcDbSymbolTableRecord
100
AcDbBlockTableRecord
  2
LOGO PERSIAN
340
0
310
2800000020000000200000000100200000000000001000000100000001000000000000000000000000000000302821FF302821FF302821FF302821FF302821FF302821FF302821FF302821FF302821FF302821FF302821FF302821FF302821FF302821FF302821FF302821FF302821FF302821FF302821FF302821FF302821
310
FF302821FF302821FF302821FF302821FF302821FF302821FF302821FF302821FF302821FF302821FF302821FF302821FF302821FF302821FF302821FF302821FF302821FF302821FF302821FF302821FF302821FF302821FF302821FF302821FF302821FF302821FF302821FF302821FF302821FF302821FF302821FF3028
310
21FF302821FF302821FF302821FF302821FF302821FF302821FF302821FF302821FF302821FF302821FF302821FF302821FF302821FF302821FF302821FF302821FF302821FF302821FF302821FF302821FF302821FF302821FF302821FF302821FF302821FF302821FF302821FF302821FF302821FF302821FF302821FF30
310
2821FF302821FF302821FF302821FF302821FF302821FF302821FF302821FF302821FF302821FF302821FF302821FF302821FF302821FF302821FF302821FF302821FF302821FF302821FF302821FF302821FF302821FF302821FF302821FF302821FF302821FF302821FF302821FF302821FF302821FF302821FF302821FF
310
302821FF302821FF302821FF302821FF302821FF302821FF302821FF302821FF302821FF302821FF302821FF302821FF302821FF302821FF302821FF302821FF302821FF302821FF302821FF302821FF302821FF302821FF302821FF302821FF302821FF302821FF302821FF302821FF302821FF302821FF302821FF302821
310
FF302821FF302821FF302821FF302821FF302821FF302821FF302821FF302821FF302821FF302821FF302821FF302821FF302821FF302821FF302821FF302821FF302821FF302821FF302821FF302821FF302821FF302821FF302821FF302821FF302821FF302821FF302821FF302821FF302821FF302821FF302821FF3028
310
21FF302821FF302821FF302821FF302821FF302821FF302821FF302821FF302821FF302821FF302821FF302821FF302821FF302821FFFF0000FF302821FFFF0000FFFF0000FFFF0000FFFF0000FFFF0000FFFF0000FFFF0000FFFF0000FFFF0000FFFF0000FF302821FF302821FFFF0000FFFF0000FFFF0000FFFF0000FFFF
310
0000FFFF0000FFFF0000FFFF0000FF302821FF302821FFFF0000FFFF0000FFFF0000FFFF0000FF302821FF302821FF302821FF302821FFFF0000FFFF0000FFFF0000FFFF0000FFFF0000FFFF0000FFFF0000FFFF0000FFFF0000FFFF0000FFFF0000FFFF0000FF302821FFFF0000FFFF0000FFFF0000FFFF0000FFFF0000FF
310
FF0000FFFF0000FFFF0000FFFF0000FF302821FF302821FFFF0000FFFF0000FFFF0000FFFF0000FFFF0000FF302821FF302821FF302821FFFF0000FFFF0000FFFF0000FFFF0000FFFF0000FFFF0000FFFF0000FFFF0000FFFF0000FF302821FFFF0000FFFF0000FF302821FFFF0000FFFF0000FF302821FFFF0000FFFF0000
310
FFFF0000FFFF0000FFFF0000FFFF0000FF302821FF302821FFFF0000FFFF0000FFFF0000FF302821FF302821FF302821FF302821FF302821FF302821FFFF0000FFFF0000FFFF0000FFFF0000FFFF0000FFFF0000FFFF0000FFFF0000FFFF0000FFFF0000FFFF0000FFFF0000FFFF0000FFFF0000FFFF0000FFFF0000FFFF00
310
00FFFF0000FFFF0000FFFF0000FFFF0000FFFF0000FFFF0000FFFF0000FFFF0000FFFF0000FF302821FF302821FF302821FF302821FF302821FF302821FF302821FF302821FFFF0000FFFF0000FFFF0000FFFF0000FFFF0000FFFF0000FFFF0000FFFF0000FFFF0000FFFF0000FFFF0000FFFF0000FFFF0000FFFF0000FFFF
310
0000FFFF0000FFFF0000FFFF0000FFFF0000FFFF0000FFFF0000FFFF0000FF302821FF302821FF302821FF302821FF302821FF302821FF302821FF302821FF302821FF302821FFFF0000FFFF0000FFFF0000FFFF0000FFFF0000FFFF0000FFFF0000FFFF0000FFFF0000FFFF0000FFFF0000FFFF0000FFFF0000FFFF0000FF
310
FF0000FFFF0000FFFF0000FFFF0000FFFF0000FFFF0000FFFF0000FFFF0000FF302821FF302821FF302821FF302821FF302821FF302821FF302821FF302821FF302821FF302821FFFF0000FFFF0000FFFF0000FFFF0000FFFF0000FFFF0000FFFF0000FFFF0000FF302821FFFF0000FFFF0000FFFF0000FFFF0000FF302821
310
FF302821FF302821FF302821FF302821FF302821FF302821FFFF0000FFFF0000FF302821FF302821FF302821FF302821FF302821FF302821FF302821FF302821FF302821FF302821FFFF0000FFFF0000FFFF0000FFFF0000FFFF0000FFFF0000FFFF0000FFFF0000FFFF0000FFFF0000FFFF0000FFFF0000FFFF0000FFFF00
310
00FFFF0000FFFF0000FFFF0000FFFF0000FF302821FFFF0000FFFF0000FF302821FF302821FF302821FF302821FF302821FF302821FF302821FF302821FF302821FF302821FF302821FFFF0000FFFF0000FFFF0000FFFF0000FFFF0000FFFF0000FFFF0000FFFF1D1DFFFF2121FFFF2525FFFF2929FFFF2D2DFFFF3131FFFF
310
3535FFFF0000FFFF0000FFFF0000FFFF0000FFFF0000FFFF0000FFFF0000FF302821FF302821FF302821FF302821FF302821FF302821FF302821FF302821FF302821FF302821FF302821FF302821FFFF0000FFFF0000FFFF0000FFFF1111FFFF1515FFFF0000FFFF0000FFFF0000FFFF0000FFFF0000FFFF0000FFFF0000FF
310
FF0000FFFF0000FFFF0000FFFF4343FFFF4848FFFF0000FFFF4D4DFFFF0000FF302821FF302821FF302821FF302821FF302821FF302821FF302821FF302821FF302821FF302821FF302821FF302821FFFF0000FFFF0707FFFF0B0BFFFF1010FFFF0000FFFF0000FFFF0000FFFF0000FFFF0000FFFF0000FFFF0000FFFF0000
310
FFFF0000FFFF0000FF302821FFFF0000FFFF4646FFFF4B4BFFFF0000FF302821FF302821FF302821FF302821FF302821FF302821FF302821FF302821FF302821FF302821FF302821FF302821FFFF0000FFFF0606FFFF0A0AFFFF0000FFFF0000FFFF0000FFFF0000FFFF0000FFFF0000FFFF0000FFFF0000FFFF0000FFFF00
310
00FFFF0000FFFF0000FFFF0000FFFF0000FFFF0000FFFF0000FFFF4E4EFFFF0000FFFF5555FF302821FF302821FF302821FF302821FF302821FF302821FF302821FF302821FF302821FF302821FFFF0000FFFF0505FFFF0000FFFF0C0CFFFF0000FFFF0000FFFF0000FFFF0000FFFF0000FFFF0000FFFF0000FFFF0000FFFF
310
0000FFFF0000FFFF0000FFFF0000FFFF0000FFFF0000FFFF0000FFFF4E4EFFFF5252FFFF0000FF302821FF302821FF302821FF302821FF302821FF302821FF302821FF302821FF302821FF302821FFFF0000FFFF0606FFFF0000FF302821FFFF0000FFFF0000FFFF0000FFFF0000FFFF0000FFFF0000FFFF0000FFFF0000FF
310
FF0000FFFF0000FFFF0000FFFF0000FFFF0000FFFF0000FFFF0000FFFF5050FFFF5353FFFF0000FF302821FF302821FF302821FF302821FF302821FF302821FF302821FF302821FF302821FF302821FFFF0000FFFF0505FFFF0000FFFF0C0CFFFF0000FFFF0000FFFF0000FF302821FF302821FF302821FF302821FF302821
310
FF302821FF302821FFFF0000FFFF0000FFFF0000FF302821FFFF0000FFFF4E4EFFFF5252FFFF0000FF302821FF302821FF302821FF302821FF302821FF302821FF302821FF302821FF302821FF302821FFFF0000FFFF0606FFFF0909FFFF0000FFFF0000FFFF0000FFFF0000FFFF0000FFFF0000FFFF0000FFFF0000FFFF00
310
00FFFF0000FFFF0000FFFF0000FFFF0000FFFF0000FFFF0000FFFF0000FFFF4E4EFFFF0000FFFF5555FF302821FF302821FF302821FF302821FF302821FF302821FF302821FF302821FF302821FF302821FF302821FFFF0000FFFF0000FFFF0D0DFFFF1111FFFF0000FFFF0000FFFF0000FFFF0000FFFF0000FFFF0000FFFF
310
0000FFFF0000FFFF0000FFFF0000FFFF3E3EFFFF0000FFFF4545FFFF4949FFFF0000FF302821FF302821FF302821FF302821FF302821FF302821FF302821FF302821FF302821FF302821FF302821FF302821FF302821FF302821FFFF0A0AFFFF0000FFFF1313FFFF1616FFFF0000FFFF0000FFFF0000FFFF0000FFFF0000FF
310
FF0000FFFF0000FFFF0000FFFF0000FFFF0000FFFF4343FFFF0000FFFF0000FF302821FF302821FF302821FF302821FF302821FF302821FF302821FF302821FF302821FF302821FF302821FF302821FF302821FF302821FF302821FF302821FF302821FFFF0000FFFF0000FFFF0000FFFF0000FFFF0000FFFF0000FFFF2929
310
FFFF0000FFFF0000FFFF0000FFFF0000FFFF0000FFFF0000FFFF4444FF302821FF302821FF302821FF302821FF302821FF302821FF302821FF302821FF302821FF302821FF302821FF302821FF302821FF302821FF302821FF302821FF302821FF302821FF302821FF302821FF302821FF302821FF302821FFFF2525FFFF00
310
00FFFF2D2DFFFF3030FF302821FF302821FF302821FF302821FF302821FF302821FF302821FF302821FF302821FF302821FF302821FF302821FF302821FF302821FF302821FF302821FF302821FF302821FF302821FF302821FF302821FF302821FF302821FF302821FF302821FF302821FF302821FF302821FF302821FF30
310
2821FF302821FF302821FF302821FF302821FF302821FF302821FF302821FF302821FF302821FF302821FF302821FF302821FF302821FF302821FF302821FF302821FF302821FF302821FF302821FF302821FF302821FF302821FF302821FF302821FF302821FF302821FF302821FF302821FF302821FF302821FF302821FF
310
302821FF302821FF302821FF302821FF302821FF302821FF302821FF302821FF302821FF302821FF302821FF302821FF302821FF302821FF302821FF302821FF302821FF302821FF302821FF302821FF302821FF302821FF302821FF302821FF302821FF302821FF302821FF302821FF302821FF302821FF302821FF302821
310
FF302821FF302821FF302821FF302821FF302821FF302821FF302821FF302821FF302821FF302821FF302821FF302821FF302821FF302821FF302821FF302821FF302821FF302821FF302821FF302821FF302821FF302821FF302821FF302821FF302821FF302821FF302821FF302821FF302821FF302821FF302821FF3028
310
21FF302821FF302821FF302821FF302821FF302821FF302821FF302821FF302821FF302821FF302821FF302821FF302821FF302821FF302821FF302821FF302821FF302821FF302821FF302821FF302821FF302821FF302821FF302821FF302821FF302821FF302821FF302821FF302821FF302821FF302821FF302821FF30
310
2821FF302821FF302821FF302821FF302821FF302821FF302821FF302821FF302821FF302821FF302821FF302821FF302821FF302821FF302821FF302821FF302821FF302821FF302821FF302821FF302821FF302821FF302821FF302821FF302821FF302821FF302821FF302821FF302821FF302821FF302821FF302821FF
310
302821FF302821FF302821FF302821FF302821FF302821FF302821FF302821FF302821FF302821FF302821FF302821FF302821FF302821FF302821FF302821FF302821FF302821FF
 70
     1
280
     1
281
     0
  0
BLOCK_RECORD
  5
5054CCD
102
{ACAD_XDICTIONARY
360
5054CD1
102
}
330
1
100
AcDbSymbolTableRecord
100
AcDbBlockTableRecord
  2
A$C26A449BC
340
0
 70
     4
280
     1
281
     0
  0
BLOCK_RECORD
  5
5055455
102
{ACAD_XDICTIONARY
360
5055456
102
}
330
1
100
AcDbSymbolTableRecord
100
AcDbBlockTableRecord
  2
مشاور نیرو
340
0
310
28000000200000002000000001002000000000000010000001000000010000000000000000000000000000FF000000FF000000FF000000FF000000FF000000FF000000FF000000FF000000FF000000FF000000FF000000FF000000FF000000FF000000FF000000FF000000FF000000FF000000FF000000FF000000FF000000
310
FF000000FF000000FF000000FF000000FF000000FF000000FF000000FF000000FF000000FF000000FF000000FF000000FF000000FF000000FF000000FF000000FF000000FF000000FF000000FF000000FF000000FF000000FF000000FF000000FF000000FF000000FF000000FF000000FF000000FF000000FF000000FF0000
310
00FF000000FF000000FF000000FF000000FF000000FF000000FF000000FF000000FF000000FF000000FF000000FF000000FF000000FF000000FF000000FF000000FF000000FF000000FF000000FF000000FF000000FF000000FF000000FF000000FF000000FF000000FF000000FF000000FF000000FF000000FF000000FF00
310
0000FF000000FF000000FF000000FF000000FF000000FF000000FF000000FF000000FF000000FF000000FF000000FF000000FF000000FF000000FF000000FF000000FF000000FF000000FF000000FF000000FF000000FF000000FF000000FF000000FF000000FF000000FF000000FF000000FF000000FF000000FF000000FF
310
000000FF000000FF000000FF000000FF000000FF000000FF000000FF000000FF000000FF000000FF000000FF000000FF000000FF000000FF000000FF000000FF000000FF000000FF000000FF000000FF000000FF000000FF000000FF000000FF000000FF000000FF000000FF000000FF000000FF000000FF000000FF000000
310
FF000000FF000000FF000000FF000000FF000000FF000000FF000000FF000000FF000000FF000000FF000000FF000000FF000000FF000000FF000000FF000000FF000000FF000000FF000000FF000000FF000000FF000000FF000000FF000000FF000000FF000000FF000000FF000000FF000000FF000000FF000000FF0000
310
00FF000000FF000000FF000000FF000000FF000000FF000000FF000000FF000000FF000000FF000000FF000000FF000000FF000000FF000000FF000000FF000000FF000000FF000000FF000000FF000000FF000000FF000000FF000000FF000000FF000000FF000000FF000000FF000000FF000000FF000000FF000000FF00
310
0000FF000000FF000000FF000000FF000000FF000000FF000000FF000000FF000000FF000000FF000000FF000000FF000000FF000000FF000000FF000000FF000000FF000000FF000000FF000000FF000000FF000000FF000000FF000000FF000000FF000000FF000000FF000000FF000000FF000000FF000000FF000000FF
310
000000FF000000FF000000FF000000FF000000FF000000FF000000FF000000FF000000FF000000FF000000FF000000FF000000FF000000FF000000FF000000FF000000FF000000FF000000FF000000FF000000FF000000FF000000FF000000FF000000FF000000FF000000FF000000FF000000FF000000FF000000FF000000
310
FF000000FF000000FF000000FF000000FF000000FF000000FF000000FF000000FF000000FF000000FF000000FF000000FF000000FF000000FF000000FF000000FF000000FF000000FF000000FF000000FF000000FF000000FF000000FF000000FF000000FF000000FF000000FF000000FF000000FF000000FF000000FF0000
310
00FF000000FF000000FF000000FF000000FF000000FF000000FF000000FF000000FF000000FF000000FF000000FF000000FF000000FF000000FF000000FF000000FF000000FF000000FF000000FF000000FF000000FF000000FF000000FF000000FF000000FF000000FF000000FF000000FF000000FF000000FF000000FF00
310
0000FF000000FF000000FF000000FF000000FF000000FF000000FF000000FF000000FF000000FF000000FF000000FF000000FF000000FF000000FF000000FF000000FF000000FF000000FF000000FF000000FF000000FF000000FF000000FF000000FF000000FF000000FF000000FF000000FF000000FF000000FF000000FF
310
000000FF000000FF000000FF000000FF000000FF000000FF000000FF000000FF000000FF000000FF000000FF000000FF000000FF000000FF000000FF000000FF000000FF000000FF0000FFFF000000FF000000FF000000FF000000FF000000FF000000FF000000FF000000FF000000FF000000FF000000FF000000FF000000
310
FF000000FF000000FF000000FF000000FF000000FF000000FF000000FF000000FF000000FF000000FF000000FF000000FF000000FF000000FF000000FF000000FF000000FF0000FFFF0000FFFF000000FF000000FF000000FF000000FF000000FF000000FF000000FF000000FF000000FF000000FF000000FF000000FF0000
310
00FF000000FF000000FF000000FF000000FF000000FF000000FF000000FF000000FF000000FF000000FF000000FF000000FF000000FF000000FF000000FF000000FF0000FFFF0000FFFF0000FFFF0000FFFF000000FFFFFFFFFFFFFFFFFFFFFFFFFFFFFFFFFFFFFFFFFFFFFFFFFFFFFFFFFFFFFFFFFFFFFFFFFFFFFFFFFFFF
310
FFFFFFFFFFFFFFFFFFFFFFFFFFFFFFFFFFFFFFFFFFFFFFFFFFFFFFFFFFFFFFFFFFFFFFFFFFFFFFFFFFFFFFFFFFFFFF000000FF000000FF000000FF0000FFFF0000FFFF0000FFFF0000FFFF0000FFFFFFFFFFFFFFFFFFFFFFFFFFFFFFFFFFFFFFFFFFFFFFFFFFFFFFFFFFFFFFFFFFFFFFFFFFFFFFFFFFFFFFFFFFFFFFFFFFFF
310
FFFFFFFFFFFFFFFFFFFFFFFFFFFFFFFFFFFFFFFFFFFFFFFFFFFFFFFFFFFFFFFFFFFFFFFFFFFFFFFFFFFFFFFFFFFFFFFFFFFFFFFF000000FF000000FF0000FFFF0000FFFF0000FFFF0000FFFF0000FFFFFFFFFFFFFFFFFFFFFFFFFFFFFFFFFFFFFFFFFFFFFFFFFFFFFFFFFFFFFFFFFFFFFFFFFFFFFFFFFFFFFFFFFFFFFFFFFF
310
FFFFFFFFFFFFFFFFFFFFFFFFFFFFFFFFFFFFFFFFFFFFFFFFFFFFFFFFFFFFFFFFFFFFFFFFFFFFFFFFFFFFFFFFFFFFFFFFFFFFFFFFFF000000FF000000FF000000FF000000FF0000FFFF0000FFFF0000FFFF0000FFFF000000FFFFFFFFFFFFFFFFFFFFFFFFFFFFFFFFFFFFFFFFFFFFFFFFFFFFFFFFFFFFFFFFFFFFFFFFFFFFFF
310
FFFFFFFFFFFFFFFFFFFFFFFFFFFFFFFFFFFFFFFFFFFFFFFFFFFFFFFFFFFFFFFFFFFFFFFFFFFFFFFFFFFFFFFFFFFFFFFFFFFF000000FF000000FF000000FF000000FF000000FF000000FF0000FFFF0000FFFF0000FFFF000000FF000000FF000000FF000000FF000000FF000000FF000000FF000000FF000000FF000000FF00
310
0000FFFFFFFFFF000000FFFFFFFFFFFFFFFFFF000000FF000000FFFFFFFFFF000000FFFFFFFFFFFFFFFFFFFFFFFFFF000000FF000000FF000000FF000000FF000000FF000000FF000000FF000000FF0000FFFF000000FF000000FF000000FF000000FF000000FF000000FF000000FF000000FF000000FF000000FF000000FF
310
000000FF000000FF000000FF000000FF000000FF000000FF000000FF000000FF000000FF000000FF000000FF000000FF000000FF000000FF000000FF000000FF000000FF000000FF000000FF000000FF000000FF000000FF000000FF000000FF000000FF000000FF000000FF000000FF000000FF000000FF000000FF000000
310
FF000000FF000000FF000000FF000000FF000000FF000000FF000000FF000000FF000000FF000000FF000000FF000000FF000000FF000000FF000000FF000000FF000000FF000000FF000000FF000000FF000000FF000000FF000000FF000000FF000000FF000000FF000000FF000000FF000000FF000000FF000000FF0000
310
00FF000000FF000000FF000000FF000000FF000000FF000000FF000000FF000000FF000000FF000000FF000000FF000000FF000000FF000000FF000000FF000000FF000000FF000000FF000000FF000000FF000000FF000000FF000000FF000000FF000000FF000000FF000000FF000000FF000000FF000000FF000000FF00
310
0000FF000000FF000000FF000000FF000000FF000000FF000000FF000000FF000000FF000000FF000000FF000000FF000000FF000000FF000000FF000000FF000000FF000000FF000000FF000000FF000000FF000000FF000000FF000000FF000000FF000000FF000000FF000000FF000000FF000000FF000000FF000000FF
310
000000FF000000FF000000FF000000FF000000FF000000FF000000FF000000FF000000FF000000FF000000FF000000FF000000FF000000FF000000FF000000FF000000FF000000FF000000FF000000FF000000FF000000FF000000FF000000FF000000FF000000FF000000FF000000FF000000FF000000FF000000FF000000
310
FF000000FF000000FF000000FF000000FF000000FF000000FF000000FF000000FF000000FF000000FF000000FF000000FF000000FF000000FF000000FF000000FF000000FF000000FF000000FF000000FF000000FF000000FF000000FF000000FF000000FF000000FF000000FF000000FF000000FF000000FF000000FF0000
310
00FF000000FF000000FF000000FF000000FF000000FF000000FF000000FF000000FF000000FF000000FF000000FF000000FF000000FF000000FF000000FF000000FF000000FF000000FF000000FF000000FF000000FF000000FF000000FF000000FF000000FF000000FF000000FF000000FF000000FF000000FF000000FF00
310
0000FF000000FF000000FF000000FF000000FF000000FF000000FF000000FF000000FF000000FF000000FF000000FF000000FF000000FF000000FF000000FF000000FF000000FF000000FF000000FF000000FF000000FF000000FF000000FF000000FF000000FF000000FF000000FF000000FF000000FF000000FF000000FF
310
000000FF000000FF000000FF000000FF000000FF000000FF000000FF000000FF000000FF000000FF000000FF000000FF000000FF000000FF000000FF000000FF000000FF000000FF000000FF000000FF000000FF000000FF000000FF000000FF000000FF000000FF000000FF000000FF000000FF000000FF000000FF000000
310
FF000000FF000000FF000000FF000000FF000000FF000000FF000000FF000000FF000000FF000000FF000000FF000000FF000000FF000000FF000000FF000000FF000000FF000000FF000000FF000000FF000000FF000000FF000000FF000000FF000000FF000000FF000000FF000000FF000000FF000000FF000000FF0000
310
00FF000000FF000000FF000000FF000000FF000000FF000000FF000000FF000000FF000000FF000000FF000000FF000000FF000000FF000000FF000000FF000000FF000000FF000000FF000000FF000000FF000000FF000000FF000000FF000000FF000000FF000000FF000000FF000000FF000000FF000000FF000000FF00
310
0000FF000000FF000000FF000000FF000000FF000000FF000000FF000000FF000000FF000000FF000000FF000000FF000000FF000000FF000000FF000000FF000000FF000000FF000000FF000000FF000000FF000000FF000000FF000000FF000000FF000000FF000000FF000000FF000000FF000000FF000000FF000000FF
310
000000FF000000FF000000FF000000FF000000FF000000FF000000FF000000FF000000FF000000FF000000FF000000FF000000FF000000FF000000FF000000FF000000FF000000FF
 70
     4
280
     0
281
     1
  0
BLOCK_RECORD
  5
50555EC
102
{ACAD_XDICTIONARY
360
50555ED
102
}
330
1
100
AcDbSymbolTableRecord
100
AcDbBlockTableRecord
  2
PSP_LOGO
340
0
310
28000000200000002000000001002000000000000010000001000000010000000000000000000000302821FF302821FF302821FF302821FF302821FF302821FF302821FF302821FF302821FF302821FF302821FF302821FF302821FF302821FF302821FF302821FF302821FF302821FF302821FF302821FF302821FF302821
310
FF302821FF302821FF302821FF302821FF302821FF302821FF302821FF302821FF302821FF302821FF302821FF302821FF302821FF302821FF302821FF302821FF302821FF302821FF302821FF302821FF302821FF302821FF302821FF302821FF302821FF302821FF302821FF302821FF302821FF302821FF302821FF3028
310
21FF302821FF302821FF302821FF302821FF302821FF302821FF302821FF302821FF302821FF302821FF302821FF302821FF302821FF302821FF302821FF302821FF302821FF302821FF302821FF302821FF302821FF302821FF302821FF302821FF302821FF302821FF302821FF302821FF302821FF302821FF302821FF30
310
2821FF302821FF302821FF302821FF302821FF302821FF302821FF302821FF302821FF302821FF302821FF302821FF302821FF302821FF302821FF302821FF302821FF302821FF302821FF302821FF302821FF302821FF302821FF302821FF302821FF302821FF302821FF302821FF302821FF302821FF302821FF302821FF
310
302821FF302821FF302821FF302821FF302821FF302821FF302821FF302821FF302821FF302821FF302821FF302821FF302821FF302821FF302821FF302821FF302821FF302821FF302821FF302821FF302821FF302821FF302821FF302821FF302821FF302821FF302821FF302821FF302821FF302821FF302821FF302821
310
FF302821FF302821FF302821FF302821FF302821FF302821FF302821FF302821FF302821FF302821FF302821FF302821FF302821FF302821FF302821FF302821FF302821FF302821FF302821FF302821FF302821FF302821FF302821FF302821FF302821FF302821FF302821FF302821FF302821FF302821FF302821FF3028
310
21FF302821FF302821FF302821FF302821FF302821FF302821FF302821FF302821FF302821FF302821FF302821FF302821FFFF0000FF302821FFFF0000FFFF0000FFFF0000FFFF0000FFFF0000FFFF0000FFFF0000FFFF0000FFFF0000FFFF0000FF302821FF302821FFFF0000FFFF0000FFFF0000FFFF0000FFFF0000FFFF
310
0000FFFF0000FFFF0000FF302821FF302821FFFF0000FFFF0000FFFF0000FFFF0000FF302821FF302821FF302821FF302821FFFF0000FFFF0000FFFF0000FFFF0000FFFF0000FFFF0000FFFF0000FFFF0000FFFF0000FFFF0000FFFF0000FFFF0000FF302821FFFF0000FFFF0000FFFF0000FFFF0000FFFF0000FFFF0000FF
310
FF0000FFFF0000FFFF0000FF302821FF302821FFFF0000FFFF0000FFFF0000FFFF0000FFFF0000FF302821FF302821FF302821FFFF0000FFFF0000FFFF0000FFFF0000FFFF0000FFFF0000FFFF0000FFFF0000FFFF0000FF302821FFFF0000FFFF0000FF302821FFFF0000FFFF0000FF302821FFFF0000FFFF0000FFFF0000
310
FFFF0000FFFF0000FFFF0000FF302821FF302821FFFF0000FFFF0000FFFF0000FF302821FF302821FF302821FF302821FF302821FF302821FFFF0000FFFF0000FFFF0000FFFF0000FFFF0000FFFF0000FFFF0000FFFF0000FFFF0000FFFF0000FFFF0000FFFF0000FFFF0000FFFF0000FFFF0000FFFF0000FFFF0000FFFF00
310
00FFFF0000FFFF0000FFFF0000FFFF0000FFFF0000FFFF0000FFFF0000FFFF0000FF302821FF302821FF302821FF302821FF302821FF302821FF302821FF302821FFFF0000FFFF0000FFFF0000FFFF0000FFFF0000FFFF0000FFFF0000FFFF0000FFFF0000FFFF0000FFFF0000FFFF0000FFFF0000FFFF0000FFFF0000FFFF
310
0000FFFF0000FFFF0000FFFF0000FFFF0000FFFF0000FFFF0000FF302821FF302821FF302821FF302821FF302821FF302821FF302821FF302821FF302821FF302821FFFF0000FFFF0000FFFF0000FFFF0000FFFF0000FFFF0000FFFF0000FFFF0000FFFF0000FFFF0000FFFF0000FFFF0000FFFF0000FFFF0000FFFF0000FF
310
FF0000FFFF0000FFFF0000FFFF0000FFFF0000FFFF0000FFFF0000FF302821FF302821FF302821FF302821FF302821FF302821FF302821FF302821FF302821FF302821FFFF0000FFFF0000FFFF0000FFFF0000FFFF0000FFFF0000FFFF0000FFFF0000FF302821FFFF0000FFFF0000FFFF0000FFFF0000FF302821FF302821
310
FF302821FF302821FF302821FF302821FF302821FFFF0000FFFF0000FF302821FF302821FF302821FF302821FF302821FF302821FF302821FF302821FF302821FF302821FFFF0000FFFF0000FFFF0000FFFF0000FFFF0000FFFF0000FFFF0000FFFF0000FFFF0000FFFF0000FFFF0000FFFF0000FFFF0000FFFF0000FFFF00
310
00FFFF0000FFFF0000FFFF0000FF302821FFFF0000FFFF0000FF302821FF302821FF302821FF302821FF302821FF302821FF302821FF302821FF302821FF302821FF302821FFFF0000FFFF0000FFFF0000FFFF0000FFFF0000FFFF0000FFFF1919FFFF1D1DFFFF2121FFFF2525FFFF2929FFFF2D2DFFFF3131FFFF3535FFFF
310
3939FFFF3D3DFFFF0000FFFF0000FFFF0000FFFF0000FFFF0000FF302821FF302821FF302821FF302821FF302821FF302821FF302821FF302821FF302821FF302821FF302821FF302821FFFF0000FFFF0000FFFF0D0DFFFF1111FFFF1515FFFF1919FFFF1E1EFFFF2222FFFF2626FFFF2828FFFF2C2CFFFF3333FFFF3636FF
310
FF3838FFFF3D3DFFFF4343FFFF4848FFFF0000FFFF0000FFFF0000FF302821FF302821FF302821FF302821FF302821FF302821FF302821FF302821FF302821FF302821FF302821FF302821FFFF0404FFFF0707FFFF0B0BFFFF1010FFFF1515FFFF1A1AFFFF1E1EFFFF2323FFFF2727FFFF2A2AFFFF2F2FFFFF3333FFFF3838
310
FFFF3C3CFFFF0000FFFF4242FFFF4646FFFF4B4BFFFF5050FFFF0000FF302821FF302821FF302821FF302821FF302821FF302821FF302821FF302821FF302821FF302821FF302821FFFF0202FFFF0606FFFF0A0AFFFF0E0EFFFF0000FFFF1717FFFF1A1AFFFF1E1EFFFF2121FFFF2424FFFF2828FFFF2F2FFFFF3333FFFF36
310
36FFFF3939FFFF3D3DFFFF4040FFFF4747FFFF4B4BFFFF4E4EFFFF5252FFFF5555FF302821FF302821FF302821FF302821FF302821FF302821FF302821FF302821FF302821FF302821FFFF0101FFFF0505FFFF0808FFFF0C0CFFFF1212FFFF1616FFFF1919FFFF1D1DFFFF2121FFFF2525FFFF2929FFFF2D2DFFFF3131FFFF
310
3535FFFF3B3BFFFF3F3FFFFF4343FFFF4545FFFF4A4AFFFF4E4EFFFF5252FFFF5656FF302821FF302821FF302821FF302821FF302821FF302821FF302821FF302821FF302821FF302821FFFF0000FFFF0606FFFF0B0BFF302821FFFF1111FFFF1515FFFF1818FFFF1D1DFFFF2121FFFF2525FFFF2929FFFF2D2DFFFF3131FF
310
FF3535FFFF3939FFFF3D3DFFFF4141FFFF4545FFFF4C4CFFFF5050FFFF5353FFFF5757FF302821FF302821FF302821FF302821FF302821FF302821FF302821FF302821FF302821FF302821FFFF0101FFFF0505FFFF0808FFFF0C0CFFFF1212FFFF1616FFFF1919FFFF0000FF302821FF302821FF302821FF302821FF302821
310
FF302821FFFF3B3BFFFF3E3EFFFF4343FF302821FFFF4A4AFFFF4E4EFFFF5252FFFF5656FF302821FF302821FF302821FF302821FF302821FF302821FF302821FF302821FF302821FF302821FFFF0202FFFF0606FFFF0909FFFF0E0EFFFF0000FFFF1616FFFF1818FFFF1C1CFFFF2020FFFF2424FFFF2828FFFF2D2DFFFF31
310
31FFFF3535FFFF3939FFFF3D3DFFFF4141FFFF4646FFFF4A4AFFFF4E4EFFFF5252FFFF5555FF302821FF302821FF302821FF302821FF302821FF302821FF302821FF302821FF302821FF302821FF302821FFFF0505FFFF0909FFFF0D0DFFFF1111FFFF1414FFFF1818FFFF1E1EFFFF2323FFFF2727FFFF2A2AFFFF2E2EFFFF
310
3131FFFF3535FFFF3A3AFFFF3E3EFFFF4242FFFF4545FFFF4949FFFF4D4DFFFF0000FF302821FF302821FF302821FF302821FF302821FF302821FF302821FF302821FF302821FF302821FF302821FF302821FF302821FFFF0A0AFFFF0F0FFFFF1313FFFF1616FFFF1A1AFFFF1D1DFFFF2121FFFF2424FFFF2828FFFF2C2CFF
310
FF3131FFFF3535FFFF3A3AFFFF3E3EFFFF4343FFFF4747FFFF4A4AFF302821FF302821FF302821FF302821FF302821FF302821FF302821FF302821FF302821FF302821FF302821FF302821FF302821FF302821FF302821FF302821FF302821FFFF1212FFFF1515FFFF1919FFFF1D1DFFFF2121FFFF2525FFFF2929FFFF2D2D
310
FFFF3131FFFF3535FFFF3939FFFF3D3DFFFF4040FFFF4444FF302821FF302821FF302821FF302821FF302821FF302821FF302821FF302821FF302821FF302821FF302821FF302821FF302821FF302821FF302821FF302821FF302821FF302821FF302821FF302821FF302821FF302821FF302821FFFF2525FFFF2929FFFF2D
310
2DFFFF3030FF302821FF302821FF302821FF302821FF302821FF302821FF302821FF302821FF302821FF302821FF302821FF302821FF302821FF302821FF302821FF302821FF302821FF302821FF302821FF302821FF302821FF302821FF302821FF302821FF302821FF302821FF302821FF302821FF302821FF302821FF30
310
2821FF302821FF302821FF302821FF302821FF302821FF302821FF302821FF302821FF302821FF302821FF302821FF302821FF302821FF302821FF302821FF302821FF302821FF302821FF302821FF302821FF302821FF302821FF302821FF302821FF302821FF302821FF302821FF302821FF302821FF302821FF302821FF
310
302821FF302821FF302821FF302821FF302821FF302821FF302821FF302821FF302821FF302821FF302821FF302821FF302821FF302821FF302821FF302821FF302821FF302821FF302821FF302821FF302821FF302821FF302821FF302821FF302821FF302821FF302821FF302821FF302821FF302821FF302821FF302821
310
FF302821FF302821FF302821FF302821FF302821FF302821FF302821FF302821FF302821FF302821FF302821FF302821FF302821FF302821FF302821FF302821FF302821FF302821FF302821FF302821FF302821FF302821FF302821FF302821FF302821FF302821FF302821FF302821FF302821FF302821FF302821FF3028
310
21FF302821FF302821FF302821FF302821FF302821FF302821FF302821FF302821FF302821FF302821FF302821FF302821FF302821FF302821FF302821FF302821FF302821FF302821FF302821FF302821FF302821FF302821FF302821FF302821FF302821FF302821FF302821FF302821FF302821FF302821FF302821FF30
310
2821FF302821FF302821FF302821FF302821FF302821FF302821FF302821FF302821FF302821FF302821FF302821FF302821FF302821FF302821FF302821FF302821FF302821FF302821FF302821FF302821FF302821FF302821FF302821FF302821FF302821FF302821FF302821FF302821FF302821FF302821FF302821FF
310
302821FF302821FF302821FF302821FF302821FF302821FF302821FF302821FF302821FF302821FF302821FF302821FF302821FF302821FF302821FF302821FF302821FF302821FF
102
{BLKREFS
331
505619C
102
}
 70
     4
280
     1
281
     0
1001
AcDbDynamicBlockGUID
1000
{7A5F7EDD-C5C4-4100-BE20-3D72755A3859}
  0
BLOCK_RECORD
  5
5055613
102
{ACAD_XDICTIONARY
360
5055614
102
}
330
1
100
AcDbSymbolTableRecord
100
AcDbBlockTableRecord
  2
GHODSNIROO
340
0
310
2800000020000000200000000100080000000000000400000000000000000000000000000000000000000000000080000080000000808000800000008000800080800000C0C0C000C0DCC000F0CAA6000020400000206000002080000020A0000020C0000020E00000400000004020000040400000406000004080000040A0
310
000040C0000040E00000600000006020000060400000606000006080000060A0000060C0000060E00000800000008020000080400000806000008080000080A0000080C0000080E00000A0000000A0200000A0400000A0600000A0800000A0A00000A0C00000A0E00000C0000000C0200000C0400000C0600000C0800000C0
310
A00000C0C00000C0E00000E0000000E0200000E0400000E0600000E0800000E0A00000E0C00000E0E00040000000400020004000400040006000400080004000A0004000C0004000E00040200000402020004020400040206000402080004020A0004020C0004020E000404000004040200040404000404060004040800040
310
40A0004040C0004040E00040600000406020004060400040606000406080004060A0004060C0004060E00040800000408020004080400040806000408080004080A0004080C0004080E00040A0000040A0200040A0400040A0600040A0800040A0A00040A0C00040A0E00040C0000040C0200040C0400040C0600040C08000
310
40C0A00040C0C00040C0E00040E0000040E0200040E0400040E0600040E0800040E0A00040E0C00040E0E00080000000800020008000400080006000800080008000A0008000C0008000E00080200000802020008020400080206000802080008020A0008020C0008020E00080400000804020008040400080406000804080
310
008040A0008040C0008040E00080600000806020008060400080606000806080008060A0008060C0008060E00080800000808020008080400080806000808080008080A0008080C0008080E00080A0000080A0200080A0400080A0600080A0800080A0A00080A0C00080A0E00080C0000080C0200080C0400080C0600080C0
310
800080C0A00080C0C00080C0E00080E0000080E0200080E0400080E0600080E0800080E0A00080E0C00080E0E000C0000000C0002000C0004000C0006000C0008000C000A000C000C000C000E000C0200000C0202000C0204000C0206000C0208000C020A000C020C000C020E000C0400000C0402000C0404000C0406000C0
310
408000C040A000C040C000C040E000C0600000C0602000C0604000C0606000C0608000C060A000C060C000C060E000C0800000C0802000C0804000C0806000C0808000C080A000C080C000C080E000C0A00000C0A02000C0A04000C0A06000C0A08000C0A0A000C0A0C000C0A0E000C0C00000C0C02000C0C04000C0C06000
310
C0C08000C0C0A000F0FBFF00A4A0A000808080000000FF0000FF000000FFFF00FF000000FF00FF00FFFF0000FFFFFF0000000000000000000000000000000000000000000000000000000000000000000000000000000000000000000000000000000000000000000000000000000000000000000000000000000000000000
310
00000000000000000000000000000000000000000000000000000000000000000000000000000000000000000000000000000000000000000000000000000000000000000000000000000000000000000000000000000000000000000000000000000000000000000000000000000000000000000000000000000000000000
310
00000000000000000000000000000000000000000000000000000000000000000000000000000000000000000000000000000000000000000000000000000000000000000000000000000000000000000000000000000000000000000000000000000000000000000000000000000000000000000000000000000000000000
310
0000000000000000000000000000000000000000000000F9F9F9F9F9000000000000000000000000000000000000000000000000000000F9F9F9F9F9000000000000000000000000000000000000000000000000000000F9F9F9F9F9000000000000000000000000000000000000000000000000000000F9F9F9F9F9000000
310
000000000000000000000000000000000000000000000000F9F9F9F9F900FBFBFBFBFBFBFBFBFBFBFBFBFBFBFB00FBFBFB00000000FFFFFFFFFFFFF9F900FBFBFBFBFBFBFBFBFBFBFBFBFBFBFB00FBFBFB00000000FF00000000F9F9F9000000000000000000000000000000000000000000000000FFFFFFFF00F9F9F900FB
310
FBFBFBFBFBFBFBFBFB00FBFBFBFBFBFBFBFBFB000000FFFFFFFF00F9F9F900FBFBFBFBFB00FBFBFBFB00FBFBFBFBFBFBFBFBFBFB0000FFFFFFFFFFFFF9F900FBFBFBFBFBFBFBFBFBFB00FBFBFBFBFBFBFBFBFBFB00000000000000000000000000000000000000000000000000000000000000000000000000000000000000
310
00000000000000000000000000000000000000000000000000000000000000000000000000000000000000000000000000000000000000000000000000000000000000000000000000000000000000000000000000000000000000000000000000000000000000000000000000000000000000000000000000000000000000
310
00000000000000000000000000000000000000000000000000000000000000000000000000000000000000000000000000000000000000000000000000000000000000000000000000000000000000000000000000000000000000000000000000000000000000000000000000000000000000000000000000000000000000
310
0000000000000000000000000000000000000000000000000000000000000000000000000000000000000000000000000000000000000000
 70
     4
280
     0
281
     0
1001
AcDbDynamicBlockGUID
1000
{C6DAF609-A487-4DD3-A511-BCC433BC8242}
  0
BLOCK_RECORD
  5
5055638
330
1
100
AcDbSymbolTableRecord
100
AcDbBlockTableRecord
  2
_Open30
340
0
 70
     0
280
     1
281
     0
  0
BLOCK_RECORD
  5
505563E
102
{ACAD_XDICTIONARY
360
505563F
102
}
330
1
100
AcDbSymbolTableRecord
100
AcDbBlockTableRecord
  2
Frame_Detail
340
0
310
28000000200000002000000001002000000000000010000001000000010000000000000000000000000000FF000000FF000000FF000000FF000000FF000000FF000000FF000000FF000000FF000000FF000000FF000000FF000000FF000000FF000000FF000000FF000000FF000000FF000000FF000000FF000000FF000000
310
FF000000FF000000FF000000FF000000FF000000FF000000FF000000FF000000FF000000FF000000FF000000FF000000FF000000FF000000FF000000FF000000FF000000FF000000FF000000FF000000FF000000FF000000FF000000FF000000FF000000FF000000FF000000FF000000FF000000FF000000FF000000FF0000
310
00FF000000FF000000FF000000FF000000FF000000FF000000FF000000FF000000FF000000FF000000FF000000FF000000FF000000FF000000FF000000FF000000FF000000FF000000FF000000FF000000FF000000FF000000FF000000FF000000FF000000FF000000FF000000FF000000FF000000FF000000FF000000FF00
310
0000FF000000FF000000FF000000FF000000FF000000FF000000FF000000FF000000FF000000FF000000FF000000FF000000FF000000FF000000FF000000FF000000FF000000FF000000FF000000FF000000FF000000FF000000FF000000FF000000FF000000FF000000FF000000FF000000FF000000FF000000FF000000FF
310
000000FF000000FF000000FF000000FF000000FF000000FF000000FF000000FF000000FF000000FF000000FF000000FF000000FF000000FF000000FF000000FF000000FF000000FF000000FF000000FF000000FF000000FF000000FF000000FF000000FF000000FF000000FF000000FF000000FF000000FF000000FF000000
310
FF000000FF000000FF000000FF000000FF000000FF000000FF000000FF000000FF000000FF000000FF000000FF000000FF000000FF000000FF000000FF000000FF000000FF000000FF000000FF000000FF000000FF000000FF000000FF000000FF000000FF000000FF000000FF000000FF000000FF000000FF000000FF0000
310
00FF000000FF000000FF000000FF000000FF000000FF000000FF000000FF000000FF000000FF000000FF000000FF000000FF000000FF000000FF000000FF000000FF000000FF000000FF000000FF000000FF000000FF000000FF000000FF000000FF000000FF000000FF000000FF000000FF000000FF000000FF000000FF00
310
0000FF000000FF000000FF000000FF000000FF000000FF000000FF000000FF000000FF000000FF000000FF000000FF000000FF000000FF000000FF000000FF000000FF000000FF000000FF000000FF000000FF000000FF000000FF000000FF000000FF000000FF000000FF000000FF000000FF000000FF000000FF000000FF
310
000000FF000000FF000000FF000000FF000000FF000000FF000000FF000000FF000000FF000000FF000000FF000000FF000000FF000000FF000000FF000000FF000000FF000000FF000000FF000000FF000000FF000000FF000000FF000000FF000000FF000000FF000000FF000000FF000000FF000000FF000000FF000000
310
FF000000FF000000FF000000FF000000FF000000FF000000FF000000FF000000FF000000FF000000FF000000FF000000FF000000FF000000FF000000FF000000FF000000FF000000FF000000FF000000FF000000FF000000FF000000FF000000FF000000FF000000FF000000FF000000FF000000FF000000FF000000FF0000
310
00FF000000FF000000FF000000FF000000FF000000FF000000FF000000FF000000FF000000FF000000FF000000FF000000FF000000FF000000FF000000FF000000FF000000FF000000FF000000FF000000FF000000FF000000FF000000FF000000FF000000FF000000FF000000FF000000FF000000FF000000FF000000FF00
310
0000FF000000FF000000FF000000FF000000FF000000FF000000FF000000FF000000FF000000FF000000FF000000FF000000FF000000FF000000FF000000FF000000FF000000FF000000FF000000FF000000FF000000FF000000FF000000FF000000FF000000FF000000FF000000FF000000FF000000FF000000FF000000FF
310
000000FF000000FF000000FF000000FF000000FF000000FF000000FF000000FF000000FF000000FF000000FF000000FF000000FF000000FF000000FF000000FF000000FF000000FF000000FF000000FF000000FF000000FF000000FF000000FF000000FF000000FF000000FF000000FF000000FF000000FF000000FF000000
310
FF000000FF000000FF000000FF000000FF000000FF000000FF000000FF000000FF000000FF000000FF000000FF000000FF000000FF000000FF000000FF000000FF000000FF000000FF000000FF000000FF000000FF000000FF000000FF000000FF000000FF000000FF000000FF000000FF000000FF000000FF000000FF0000
310
00FF000000FF000000FF000000FF000000FF000000FF000000FF000000FF000000FF000000FF000000FF000000FF000000FF000000FF000000FF000000FF000000FF000000FF000000FF000000FF000000FF000000FF000000FF000000FF000000FF000000FF000000FF000000FF000000FF000000FF000000FF000000FF00
310
0000FF000000FF000000FF000000FF000000FF000000FF000000FF000000FF000000FF000000FF000000FF000000FF000000FF000000FF000000FF0000FFFF0000FFFF0000FFFF0000FFFF0000FFFF0000FFFF0000FFFF007FFFFF007FFFFF0000FFFF0000FFFF007FFFFF0000FFFF0000FFFF0000FFFF00FFFFFF00FFFFFF
310
007FFFFF00FFFFFF00FFFFFF00FFFFFF00FFFFFF00FFFFFF007FFFFF007FFFFF0000FFFF007FFFFF007FFFFFFFFFFFFFFFFFFFFF000000FF000000FF007FFFFF007FFFFF007FFFFF007FFFFF007FFFFF007FFFFF007FFFFF007FFFFF007FFFFF00FFFFFF0000FFFF007FFFFF00FFFFFF00FFFFFF0000FFFF00FFFFFF00FFFF
310
FF007FFFFF00FFFFFF00FFFFFF00FFFFFF00FFFFFF00FFFFFF007FFFFF007FFFFF00FFFFFF0000FFFF007FFFFF0000FFFF00FFFFFF000000FF000000FF000000FF000000FF000000FF000000FF000000FF000000FF000000FF000000FF000000FF000000FF000000FF000000FF000000FF000000FF000000FF000000FF0000
310
00FF000000FF000000FF000000FF000000FF000000FF000000FF000000FF000000FF000000FF000000FF000000FF000000FF000000FF000000FF000000FF000000FF000000FF000000FF000000FF000000FF000000FF000000FF000000FF000000FF000000FF000000FF000000FF000000FF000000FF000000FF000000FF00
310
0000FF000000FF000000FF000000FF000000FF000000FF000000FF000000FF000000FF000000FF000000FF000000FF000000FF000000FF000000FF000000FF000000FF000000FF000000FF000000FF000000FF000000FF000000FF000000FF000000FF000000FF000000FF000000FF000000FF000000FF000000FF000000FF
310
000000FF000000FF000000FF000000FF000000FF000000FF000000FF000000FF000000FF000000FF000000FF000000FF000000FF000000FF000000FF000000FF000000FF000000FF000000FF000000FF000000FF000000FF000000FF000000FF000000FF000000FF000000FF000000FF000000FF000000FF000000FF000000
310
FF000000FF000000FF000000FF000000FF000000FF000000FF000000FF000000FF000000FF000000FF000000FF000000FF000000FF000000FF000000FF000000FF000000FF000000FF000000FF000000FF000000FF000000FF000000FF000000FF000000FF000000FF000000FF000000FF000000FF000000FF000000FF0000
310
00FF000000FF000000FF000000FF000000FF000000FF000000FF000000FF000000FF000000FF000000FF000000FF000000FF000000FF000000FF000000FF000000FF000000FF000000FF000000FF000000FF000000FF000000FF000000FF000000FF000000FF000000FF000000FF000000FF000000FF000000FF000000FF00
310
0000FF000000FF000000FF000000FF000000FF000000FF000000FF000000FF000000FF000000FF000000FF000000FF000000FF000000FF000000FF000000FF000000FF000000FF000000FF000000FF000000FF000000FF000000FF000000FF000000FF000000FF000000FF000000FF000000FF000000FF000000FF000000FF
310
000000FF000000FF000000FF000000FF000000FF000000FF000000FF000000FF000000FF000000FF000000FF000000FF000000FF000000FF000000FF000000FF000000FF000000FF000000FF000000FF000000FF000000FF000000FF000000FF000000FF000000FF000000FF000000FF000000FF000000FF000000FF000000
310
FF000000FF000000FF000000FF000000FF000000FF000000FF000000FF000000FF000000FF000000FF000000FF000000FF000000FF000000FF000000FF000000FF000000FF000000FF000000FF000000FF000000FF000000FF000000FF000000FF000000FF000000FF000000FF000000FF000000FF000000FF000000FF0000
310
00FF000000FF000000FF000000FF000000FF000000FF000000FF000000FF000000FF000000FF000000FF000000FF000000FF000000FF000000FF000000FF000000FF000000FF000000FF000000FF000000FF000000FF000000FF000000FF000000FF000000FF000000FF000000FF000000FF000000FF000000FF000000FF00
310
0000FF000000FF000000FF000000FF000000FF000000FF000000FF000000FF000000FF000000FF000000FF000000FF000000FF000000FF000000FF000000FF000000FF000000FF000000FF000000FF000000FF000000FF000000FF000000FF000000FF000000FF000000FF000000FF000000FF000000FF000000FF000000FF
310
000000FF000000FF000000FF000000FF000000FF000000FF000000FF000000FF000000FF000000FF000000FF000000FF000000FF000000FF000000FF000000FF000000FF000000FF000000FF000000FF000000FF000000FF000000FF000000FF000000FF000000FF000000FF000000FF000000FF000000FF000000FF000000
310
FF000000FF000000FF000000FF000000FF000000FF000000FF000000FF000000FF000000FF000000FF000000FF000000FF000000FF000000FF000000FF000000FF000000FF000000FF000000FF000000FF000000FF000000FF000000FF000000FF000000FF000000FF000000FF000000FF000000FF000000FF000000FF0000
310
00FF000000FF000000FF000000FF000000FF000000FF000000FF000000FF000000FF000000FF000000FF000000FF000000FF000000FF000000FF000000FF000000FF000000FF000000FF000000FF000000FF000000FF000000FF000000FF000000FF000000FF000000FF000000FF000000FF000000FF000000FF000000FF00
310
0000FF000000FF000000FF000000FF000000FF000000FF000000FF000000FF000000FF000000FF000000FF000000FF000000FF000000FF000000FF000000FF000000FF000000FF000000FF000000FF000000FF000000FF000000FF000000FF000000FF000000FF000000FF000000FF000000FF000000FF000000FF000000FF
310
000000FF000000FF000000FF000000FF000000FF000000FF000000FF000000FF000000FF000000FF000000FF000000FF000000FF000000FF000000FF000000FF000000FF000000FF
102
{BLKREFS
331
505619A
102
}
 70
     0
280
     0
281
     1
1001
AcDbDynamicBlockGUID
1000
{A1F0FC68-DEA6-AF41-8BCC-555B2BFC5C87}
  0
BLOCK_RECORD
  5
5055685
102
{ACAD_XDICTIONARY
360
5055686
102
}
330
1
100
AcDbSymbolTableRecord
100
AcDbBlockTableRecord
  2
A3-FRAME_NUMBERING
340
0
102
{BLKREFS
331
505619B
102
}
 70
     0
280
     1
281
     1
1001
AcDbDynamicBlockTrueName2
1000
A3-FRAME_NUMBERING
1001
AcDbDynamicBlockGUID
1000
{2A581D91-D45D-EF4D-AD5C-073EC8833E3E}
  0
BLOCK_RECORD
  5
50556E3
102
{ACAD_XDICTIONARY
360
50556E4
102
}
330
1
100
AcDbSymbolTableRecord
100
AcDbBlockTableRecord
  2
BLOCK2
340
0
310
28000000200000002000000001002000000000000010000001000000010000000000000000000000000000FF000000FF000000FF000000FF000000FF000000FF000000FF000000FF000000FF000000FF000000FF000000FF000000FF000000FF000000FF000000FF000000FF000000FF000000FF000000FF000000FF000000
310
FF000000FF000000FF000000FF000000FF000000FF000000FF000000FF000000FF000000FF000000FF000000FF000000FF000000FF000000FF000000FF000000FF000000FF000000FF000000FF000000FF000000FF000000FF000000FF000000FF000000FF000000FF000000FF000000FF000000FF000000FF000000FF0000
310
00FF000000FF000000FF000000FF000000FF000000FF000000FF000000FF000000FF000000FF000000FF000000FF000000FF000000FF000000FF000000FF000000FF000000FF000000FF000000FF000000FF000000FF000000FF000000FF000000FF000000FF000000FF000000FF000000FF000000FF000000FF000000FF00
310
0000FF000000FF000000FF000000FF000000FF000000FF000000FF000000FF000000FF000000FF000000FF000000FF000000FF000000FF000000FF000000FF000000FF000000FF000000FF000000FF000000FF000000FF000000FF000000FF000000FF000000FF000000FF000000FF000000FF000000FF000000FF000000FF
310
000000FF000000FF000000FF000000FF000000FF000000FF000000FF000000FF000000FF000000FF000000FF000000FF000000FF000000FF000000FF000000FF000000FF000000FF000000FF000000FF000000FF000000FF000000FF000000FF000000FF000000FF000000FF000000FF000000FF000000FF000000FF000000
310
FF000000FF000000FF000000FF000000FF000000FF000000FF000000FF000000FF000000FF000000FF000000FF000000FF000000FF000000FF000000FF000000FF000000FF000000FF000000FF000000FF000000FF000000FF000000FF000000FF000000FF000000FF000000FF000000FF000000FF000000FF000000FF0000
310
00FF000000FF000000FF000000FF000000FF000000FF000000FF000000FF000000FF000000FF000000FF000000FF000000FF000000FF000000FF000000FF000000FF000000FF000000FF000000FF000000FF000000FF000000FF000000FF000000FF000000FF000000FF000000FF000000FF000000FF000000FF000000FF00
310
0000FF000000FF000000FF000000FF000000FF000000FF000000FF000000FF000000FF000000FF000000FF000000FF000000FF000000FF000000FF000000FF000000FF000000FF000000FF000000FF000000FF000000FF000000FF000000FF000000FF000000FF000000FF000000FF000000FF000000FF000000FF000000FF
310
000000FF000000FF000000FF000000FF000000FF000000FF000000FF000000FF000000FF000000FF000000FF000000FF000000FF000000FF000000FF000000FF000000FF000000FF000000FF000000FF000000FF000000FF000000FF000000FF000000FF000000FF000000FF000000FF000000FF000000FF000000FF000000
310
FF000000FF000000FF000000FF000000FF000000FF000000FF000000FF000000FF000000FF000000FF000000FF000000FF000000FF000000FF000000FF000000FF000000FF000000FF000000FF000000FF000000FF000000FF000000FF000000FF000000FF000000FF000000FF000000FF000000FF000000FF000000FF0000
310
00FF000000FF000000FF000000FF000000FF000000FF000000FF000000FF000000FF000000FF000000FF000000FF000000FF000000FF000000FF000000FF000000FF000000FF000000FF000000FF000000FF000000FF000000FF000000FF000000FF000000FF000000FF000000FF000000FF000000FF000000FF000000FF00
310
0000FF000000FF000000FF000000FF000000FF000000FF000000FF000000FF000000FF000000FF000000FF000000FF000000FF000000FF000000FF000000FF000000FF000000FF000000FF000000FF000000FF000000FF000000FF000000FF000000FF000000FF000000FF000000FF000000FF000000FF000000FF000000FF
310
000000FF000000FF000000FF000000FF000000FF000000FF000000FF000000FF000000FF000000FF000000FF000000FF000000FF000000FF000000FF000000FF000000FF000000FF000000FF000000FF000000FF000000FF000000FF000000FF000000FF000000FF000000FF000000FF000000FF000000FF000000FF000000
310
FF000000FF000000FF000000FF000000FF000000FF000000FF000000FF000000FF000000FF000000FF000000FF000000FF000000FF000000FF000000FF000000FF000000FF000000FF000000FF000000FF000000FF000000FF000000FF000000FF000000FF000000FF000000FF000000FF000000FF000000FF000000FF0000
310
00FF000000FF000000FF000000FF000000FF000000FF000000FF000000FF000000FF000000FF000000FF000000FF000000FF000000FF000000FF000000FF000000FF000000FF000000FF000000FF000000FF000000FF000000FF000000FF000000FF000000FF000000FF000000FF000000FF000000FF000000FF000000FF00
310
0000FF000000FF000000FF000000FF000000FF000000FF000000FF000000FF000000FF000000FF000000FF000000FF000000FF000000FF000000FFFFFFFFFFFFFFFFFFFFFFFFFFFFFFFFFF000000FFFFFFFFFFFFFFFFFFFFFFFFFFFFFFFFFFFFFFFFFFFFFFFFFFFFFFFFFFFFFFFFFFFFFFFFFFFFFFFFFFFFFFFFFF000000FF
310
000000FFFFFF00FFFFFFFFFFFFFF00FF000000FF000000FF000000FFFFFFFFFFFFFFFFFF000000FF000000FFFFFFFFFFFFFFFFFF000000FF000000FFFFFFFFFFFFFFFFFFFFFFFFFFFFFFFFFF000000FFFFFFFFFFFFFFFFFFFFFFFFFF000000FF000000FF000000FF000000FF000000FF000000FF000000FF000000FF000000
310
FF000000FF000000FF000000FF000000FF000000FF000000FF000000FF000000FFFFFFFFFF000000FFFFFFFFFFFFFFFFFFFFFFFFFF000000FF000000FF000000FF000000FF000000FF000000FF000000FF000000FF000000FF000000FF000000FF000000FF000000FF000000FF000000FF000000FF000000FF000000FF0000
310
00FF000000FF000000FF000000FF000000FF000000FF000000FF000000FF000000FF000000FF000000FF000000FF000000FF000000FF000000FF000000FF000000FF000000FF000000FF000000FF000000FF000000FF000000FF000000FF000000FF000000FF000000FF000000FF000000FF000000FF000000FF000000FF00
310
0000FF000000FF000000FF000000FF000000FF000000FF000000FF000000FF000000FF000000FF000000FF000000FF000000FF000000FF000000FF000000FF000000FF000000FF000000FF000000FF000000FF000000FF000000FF000000FF000000FF000000FF000000FF000000FF000000FF000000FF000000FF000000FF
310
000000FF000000FF000000FF000000FF000000FF000000FF000000FF000000FF000000FF000000FF000000FF000000FF000000FF000000FF000000FF000000FF000000FF000000FF000000FF000000FF000000FF000000FF000000FF000000FF000000FF000000FF000000FF000000FF000000FF000000FF000000FF000000
310
FF000000FF000000FF000000FF000000FF000000FF000000FF000000FF000000FF000000FF000000FF000000FF000000FF000000FF000000FF000000FF000000FF000000FF000000FF000000FF000000FF000000FF000000FF000000FF000000FF000000FF000000FF000000FF000000FF000000FF000000FF000000FF0000
310
00FF000000FF000000FF000000FF000000FF000000FF000000FF000000FF000000FF000000FF000000FF000000FF000000FF000000FF000000FF000000FF000000FF000000FF000000FF000000FF000000FF000000FF000000FF000000FF000000FF000000FF000000FF000000FF000000FF000000FF000000FF000000FF00
310
0000FF000000FF000000FF000000FF000000FF000000FF000000FF000000FF000000FF000000FF000000FF000000FF000000FF000000FF000000FF000000FF000000FF000000FF000000FF000000FF000000FF000000FF000000FF000000FF000000FF000000FF000000FF000000FF000000FF000000FF000000FF000000FF
310
000000FF000000FF000000FF000000FF000000FF000000FF000000FF000000FF000000FF000000FF000000FF000000FF000000FF000000FF000000FF000000FF000000FF000000FF000000FF000000FF000000FF000000FF000000FF000000FF000000FF000000FF000000FF000000FF000000FF000000FF000000FF000000
310
FF000000FF000000FF000000FF000000FF000000FF000000FF000000FF000000FF000000FF000000FF000000FF000000FF000000FF000000FF000000FF000000FF000000FF000000FF000000FF000000FF000000FF000000FF000000FF000000FF000000FF000000FF000000FF000000FF000000FF000000FF000000FF0000
310
00FF000000FF000000FF000000FF000000FF000000FF000000FF000000FF000000FF000000FF000000FF000000FF000000FF000000FF000000FF000000FF000000FF000000FF000000FF000000FF000000FF000000FF000000FF000000FF000000FF000000FF000000FF000000FF000000FF000000FF000000FF000000FF00
310
0000FF000000FF000000FF000000FF000000FF000000FF000000FF000000FF000000FF000000FF000000FF000000FF000000FF000000FF000000FF000000FF000000FF000000FF000000FF000000FF000000FF000000FF000000FF000000FF000000FF000000FF000000FF000000FF000000FF000000FF000000FF000000FF
310
000000FF000000FF000000FF000000FF000000FF000000FF000000FF000000FF000000FF000000FF000000FF000000FF000000FF000000FF000000FF000000FF000000FF000000FF000000FF000000FF000000FF000000FF000000FF000000FF000000FF000000FF000000FF000000FF000000FF000000FF000000FF000000
310
FF000000FF000000FF000000FF000000FF000000FF000000FF000000FF000000FF000000FF000000FF000000FF000000FF000000FF000000FF000000FF000000FF000000FF000000FF000000FF000000FF000000FF000000FF000000FF000000FF000000FF000000FF000000FF000000FF000000FF000000FF000000FF0000
310
00FF000000FF000000FF000000FF000000FF000000FF000000FF000000FF000000FF000000FF000000FF000000FF000000FF000000FF000000FF000000FF000000FF000000FF000000FF000000FF000000FF000000FF000000FF000000FF000000FF000000FF000000FF000000FF000000FF000000FF000000FF000000FF00
310
0000FF000000FF000000FF000000FF000000FF000000FF000000FF000000FF000000FF000000FF000000FF000000FF000000FF000000FF000000FF000000FF000000FF000000FF000000FF000000FF000000FF000000FF000000FF000000FF000000FF000000FF000000FF000000FF000000FF000000FF000000FF000000FF
310
000000FF000000FF000000FF000000FF000000FF000000FF000000FF000000FF000000FF000000FF000000FF000000FF000000FF000000FF000000FF000000FF000000FF000000FF
 70
     4
280
     1
281
     0
1001
AcDbDynamicBlockGUID
1000
{21C413DB-7820-4987-8958-F771023FFDC4}
  0
BLOCK_RECORD
  5
505572D
102
{ACAD_REACTORS
330
505568C
102
}
330
1
100
AcDbSymbolTableRecord
100
AcDbBlockTableRecord
  2
*U10
340
0
102
{BLKREFS
331
5055734
331
5055735
331
5055736
102
}
 70
     0
280
     1
281
     0
  0
BLOCK_RECORD
  5
5055731
102
{ACAD_XDICTIONARY
360
5055732
102
}
102
{ACAD_REACTORS
330
505568B
102
}
330
1
100
AcDbSymbolTableRecord
100
AcDbBlockTableRecord
  2
*U11
340
0
102
{BLKREFS
331
50556BE
102
}
 70
     0
280
     1
281
     1
  0
BLOCK_RECORD
  5
5055738
102
{ACAD_REACTORS
330
5055694
102
}
330
1
100
AcDbSymbolTableRecord
100
AcDbBlockTableRecord
  2
*U12
340
0
102
{BLKREFS
331
505573F
331
5055740
331
5055741
102
}
 70
     0
280
     1
281
     0
  0
BLOCK_RECORD
  5
505573C
102
{ACAD_XDICTIONARY
360
505573D
102
}
102
{ACAD_REACTORS
330
5055693
102
}
330
1
100
AcDbSymbolTableRecord
100
AcDbBlockTableRecord
  2
*U13
340
0
102
{BLKREFS
331
50556D0
102
}
 70
     0
280
     1
281
     1
  0
BLOCK_RECORD
  5
5055743
102
{ACAD_XDICTIONARY
360
5055744
102
}
330
1
100
AcDbSymbolTableRecord
100
AcDbBlockTableRecord
  2
برق تهران-1
340
0
 70
     4
280
     0
281
     1
1001
AcDbDynamicBlockGUID
1000
{1449DCC0-34CF-463F-A004-9ADDEB3E7626}
  0
ENDTAB
  0
ENDSEC
  0
SECTION
  2
BLOCKS
  0
BLOCK
  5
20
330
1F
100
AcDbEntity
  8
0
100
AcDbBlockBegin
  2
*Model_Space
 70
     0
 10
0.0
 20
0.0
 30
0.0
  3
*Model_Space
  1

  0
ENDBLK
  5
21
330
1F
100
AcDbEntity
  8
0
100
AcDbBlockEnd
  0
BLOCK
  5
57
330
55
100
AcDbEntity
 67
     1
  8
0
100
AcDbBlockBegin
  2
*Paper_Space
 70
     0
 10
0.0
 20
0.0
 30
0.0
  3
*Paper_Space
  1

  0
ENDBLK
  5
58
330
55
100
AcDbEntity
 67
     1
  8
0
100
AcDbBlockEnd
  0
BLOCK
  5
52
330
50
100
AcDbEntity
 67
     1
  8
0
100
AcDbBlockBegin
  2
*Paper_Space0
 70
     0
 10
0.0
 20
0.0
 30
0.0
  3
*Paper_Space0
  1

  0
ENDBLK
  5
53
330
50
100
AcDbEntity
 67
     1
  8
0
100
AcDbBlockEnd
  0
BLOCK
  5
5054250
330
505424F
100
AcDbEntity
  8
0
100
AcDbBlockBegin
  2
LOGO PERSIAN
 70
     0
 10
0.0
 20
0.0
 30
0.0
  3
LOGO PERSIAN
  1

  0
HATCH
  5
5054251
330
505424F
100
AcDbEntity
  8
0
 62
     5
100
AcDbHatch
 10
0.0
 20
0.0
 30
0.0
210
0.0
220
0.0
230
1.0
  2
SOLID
 70
     1
 71
     0
 91
        2
 92
        5
 93
        6
 72
     1
 10
2593.268116785788
 20
194.7984789743376
 11
2441.00950061527
 21
686.6039814868797
 72
     2
 10
2406.297526194776
 20
675.8574624609194
 40
36.33743027983721
 50
17.20206056213657
 51
122.9328063257412
 73
     1
 72
     4
 94
        3
 73
     0
 74
     0
 95
       14
 96
       10
 40
4.379128066601809
 40
4.379128066601809
 40
4.379128066601809
 40
4.379128066601809
 40
4.727571936049049
 40
4.727571936049049
 40
5.094494429519414
 40
5.094494429519414
 40
5.46141692298978
 40
5.46141692298978
 40
5.621397917592876
 40
5.621397917592876
 40
5.621397917592876
 40
5.621397917592876
 10
2385.990866094513
 20
705.9913038174949
 10
2293.948860855679
 20
643.9658324134433
 10
2183.094621501343
 20
591.6135580753258
 10
1929.415005646542
 20
508.0104167880221
 10
1785.236299554777
 20
478.1060972093372
 10
1486.534710104839
 20
447.354052529377
 10
1332.10297323476
 20
446.5301478336094
 10
1116.868633424272
 20
466.3087918522696
 10
1052.400194685471
 20
475.0850356739489
 10
989.5569713945752
 20
486.5095648867158
 97
        0
 72
     1
 10
989.5569713945752
 20
486.5095648867158
 11
925.1243279754053
 21
147.714529668804
 72
     1
 10
925.1243279754616
 20
147.7145296687098
 11
2558.556142365145
 21
147.7145296687098
 72
     2
 10
2558.556142365198
 20
184.0519599485654
 40
36.33743027983606
 50
269.9999999998473
 51
377.2020605617304
 73
     1
 97
        0
 92
       20
 93
        6
 72
     1
 10
979.9986489273905
 20
193.1363175184586
 11
1025.848452483784
 21
434.2204169153259
 72
     4
 94
        3
 73
     0
 74
     0
 95
       14
 96
       10
 40
4.415822659599774
 40
4.415822659599774
 40
4.415822659599774
 40
4.415822659599774
 40
4.571980738817554
 40
4.571980738817554
 40
4.972925360970338
 40
4.972925360970338
 40
5.373869983123121
 40
5.373869983123121
 40
5.563387937698623
 40
5.563387937698623
 40
5.563387937698623
 40
5.563387937698623
 10
1025.848452483689
 20
434.2204169153259
 10
1089.186369571484
 20
424.052176261813
 10
1153.884803627967
 20
416.4978046370391
 10
1387.075807664767
 20
399.2226779339814
 10
1559.169480925355
 20
404.5976862342239
 10
1887.43771583047
 20
450.5955235058876
 10
2043.554119971559
 20
491.029410833392
 10
2245.572438367326
 20
573.6152316660501
 10
2306.248625072878
 20
603.5758067318814
 10
2361.812150367827
 20
636.8442247210872
 97
        0
 72
     2
 10
2380.47884117128
 20
605.6678956589959
 40
36.33743027983304
 50
239.089118356306
 51
342.7979394385896
 73
     0
 72
     1
 10
2415.190815591906
 20
616.4144146844856
 11
2531.657183031978
 21
240.2202668239924
 72
     2
 10
2496.945208611445
 20
229.4737477983143
 40
36.33743027983606
 50
342.7979394382696
 51
450.0000000008983
 73
     0
 72
     1
 10
2496.945208610843
 20
193.1363175184586
 11
979.9986489273905
 21
193.1363175184586
 97
        0
 75
     0
 76
     1
 47
0.0188490817145224
 98
        2
 10
1392.965975525099
 20
177.8503662293132
 10
1392.965975525099
 20
177.8503662293132
450
        0
451
        0
460
0.0
461
0.0
452
        0
462
0.0
453
        0
470

1001
ACAD
1010
0.0
1020
0.0
1030
0.0
  0
SPLINE
  5
5054252
330
505424F
100
AcDbEntity
  8
0
 62
     5
100
AcDbSpline
210
0.0
220
0.0
230
1.0
 70
     8
 71
     3
 72
    14
 73
    10
 74
     0
 42
0.000000001
 43
0.0000000001
 40
4.379128066601809
 40
4.379128066601809
 40
4.379128066601809
 40
4.379128066601809
 40
4.727571936049049
 40
4.727571936049049
 40
5.094494429519414
 40
5.094494429519414
 40
5.46141692298978
 40
5.46141692298978
 40
5.621397917592876
 40
5.621397917592876
 40
5.621397917592876
 40
5.621397917592876
 10
2385.990866094513
 20
705.9913038174953
 30
0.0
 10
2293.948860855679
 20
643.9658324134438
 30
0.0
 10
2183.094621501343
 20
591.6135580753262
 30
0.0
 10
1929.415005646542
 20
508.0104167880225
 30
0.0
 10
1785.236299554777
 20
478.1060972093377
 30
0.0
 10
1486.534710104839
 20
447.3540525293773
 30
0.0
 10
1332.10297323476
 20
446.5301478336097
 30
0.0
 10
1116.868633424272
 20
466.30879185227
 30
0.0
 10
1052.400194685471
 20
475.0850356739493
 30
0.0
 10
989.5569713945752
 20
486.5095648867162
 30
0.0
  0
LWPOLYLINE
  5
5054253
330
505424F
100
AcDbEntity
  8
0
 62
     5
100
AcDbPolyline
 90
        2
 70
     0
 43
0.0
 10
989.5569713945752
 20
486.5095648867162
 10
925.1243279754234
 20
147.7145296684279
  0
LWPOLYLINE
  5
5054254
330
505424F
100
AcDbEntity
  8
0
 62
     5
100
AcDbPolyline
 90
        2
 70
     0
 43
0.0
 10
925.1243279753088
 20
147.7145296687103
 10
2558.556142365087
 20
147.7145296687103
  0
LWPOLYLINE
  5
5054255
330
505424F
100
AcDbEntity
  8
0
 62
     5
100
AcDbPolyline
 90
        2
 70
     0
 43
0.0
 10
979.9986489278236
 20
193.1363175182706
 10
1025.848452483784
 20
434.2204169152322
  0
SPLINE
  5
5054256
330
505424F
100
AcDbEntity
  8
0
 62
     5
100
AcDbSpline
210
0.0
220
0.0
230
1.0
 70
     8
 71
     3
 72
    14
 73
    10
 74
     0
 42
0.000000001
 43
0.0000000001
 40
4.415822659599774
 40
4.415822659599774
 40
4.415822659599774
 40
4.415822659599774
 40
4.571980738817554
 40
4.571980738817554
 40
4.972925360970338
 40
4.972925360970338
 40
5.373869983123121
 40
5.373869983123121
 40
5.563387937698623
 40
5.563387937698623
 40
5.563387937698623
 40
5.563387937698623
 10
1025.848452483689
 20
434.2204169153263
 30
0.0
 10
1089.186369571484
 20
424.0521762618135
 30
0.0
 10
1153.884803627967
 20
416.4978046370396
 30
0.0
 10
1387.075807664767
 20
399.2226779339818
 30
0.0
 10
1559.169480925355
 20
404.5976862342244
 30
0.0
 10
1887.43771583047
 20
450.595523505888
 30
0.0
 10
2043.554119971559
 20
491.0294108333925
 30
0.0
 10
2245.572438367326
 20
573.6152316660506
 30
0.0
 10
2306.248625072878
 20
603.5758067318819
 30
0.0
 10
2361.812150367827
 20
636.8442247210877
 30
0.0
  0
LWPOLYLINE
  5
5054257
330
505424F
100
AcDbEntity
  8
0
 62
     5
100
AcDbPolyline
 90
        2
 70
     0
 43
0.0
 10
2361.81215036796
 20
636.8442247209936
 42
-0.4861608216969159
 10
2415.190815591606
 20
616.4144146844861
  0
LWPOLYLINE
  5
5054258
330
505424F
100
AcDbEntity
  8
0
 62
     5
100
AcDbPolyline
 90
        2
 70
     0
 43
0.0
 10
2496.945208610843
 20
193.1363175184591
 10
979.9986489273905
 20
193.1363175184591
  0
HATCH
  5
5054259
330
505424F
100
AcDbEntity
  8
0
 62
     5
100
AcDbHatch
 10
0.0
 20
0.0
 30
0.0
210
0.0
220
0.0
230
1.0
  2
SOLID
 70
     1
 71
     0
 91
        2
 92
        5
 93
        6
 72
     2
 10
229.2489941417607
 20
184.0519599484899
 40
36.33743027977565
 50
90.0
 51
190.7680191831
 73
     0
 72
     1
 10
193.5514046557455
 20
190.8409911183497
 11
294.8640189629095
 21
723.5556045626226
 72
     2
 10
330.5616084489466
 20
716.7665733926875
 40
36.33743027981733
 50
190.7680191832111
 51
308.0813573229005
 73
     0
 72
     4
 94
        3
 73
     0
 74
     0
 95
       12
 96
        8
 40
3.731899026818746
 40
3.731899026818746
 40
3.731899026818746
 40
3.731899026818746
 40
3.805264074264174
 40
3.805264074264174
 40
4.17218656773454
 40
4.17218656773454
 40
4.276702925599444
 40
4.276702925599444
 40
4.276702925599444
 40
4.276702925599444
 10
352.9738011632999
 20
745.3690637926871
 10
370.6858240566325
 20
731.4903677454136
 10
389.2774084584416
 20
718.0234780844719
 10
505.8210542416581
 20
639.7817218854137
 10
623.8152643795874
 20
585.3174810210574
 10
792.9498500455992
 20
532.0662990782481
 10
831.5503463859622
 20
521.3232787415925
 10
871.047569215205
 20
511.6770452345305
 97
        0
 72
     1
 10
871.0475692147538
 20
511.6770452346435
 11
801.8285295428286
 21
147.7145296687099
 72
     1
 10
801.8285295428249
 20
147.7145296687098
 11
229.2489941417589
 21
147.7145296687098
 97
        0
 92
       20
 93
        4
 72
     4
 94
        3
 73
     0
 74
     0
 95
        8
 96
        4
 40
4.067711929370322
 40
4.067711929370322
 40
4.067711929370322
 40
4.067711929370322
 40
4.240377665887361
 40
4.240377665887361
 40
4.240377665887361
 40
4.240377665887361
 10
629.866032944461
 20
540.1238320186156
 10
689.6196202890806
 20
516.539279351253
 10
752.7371207471078
 20
495.8632626351346
 10
818.4555476729292
 20
478.2558780025052
 97
        0
 72
     1
 10
818.4555476729292
 20
478.2558780025238
 11
764.2310016706742
 21
193.1363175184587
 72
     1
 10
764.231001670676
 20
193.1363175184586
 11
563.875329217768
 21
193.1363175184586
 72
     1
 10
563.8753292177661
 20
193.1363175184586
 11
629.8660329431259
 21
540.1238320190862
 97
        0
 75
     0
 76
     1
 47
0.0246715029805953
 98
        2
 10
546.4794817581259
 20
519.6307858401332
 10
546.4794817581259
 20
519.6307858401332
450
        0
451
        0
460
0.0
461
0.0
452
        0
462
0.0
453
        0
470

1001
ACAD
1010
0.0
1020
0.0
1030
0.0
  0
LWPOLYLINE
  5
505425A
330
505424F
100
AcDbEntity
  8
0
 62
     5
100
AcDbPolyline
 90
        2
 70
     0
 43
0.0
 10
193.5514046554053
 20
190.840991118256
 42
0.4703938507338658
 10
229.248994141497
 20
147.7145296687103
  0
LWPOLYLINE
  5
505425B
330
505424F
100
AcDbEntity
  8
0
 62
     5
100
AcDbPolyline
 90
        2
 70
     0
 43
0.0
 10
229.248994141497
 20
147.7145296687103
 10
801.8285295427704
 20
147.7145296687103
  0
LWPOLYLINE
  5
505425C
330
505424F
100
AcDbEntity
  8
0
 62
     5
100
AcDbPolyline
 90
        2
 70
     0
 43
0.0
 10
801.8285295428249
 20
147.7145296687103
 10
871.0475692147701
 20
511.6770452348135
  0
SPLINE
  5
505425D
330
505424F
100
AcDbEntity
  8
0
 62
     5
100
AcDbSpline
210
0.0
220
0.0
230
1.0
 70
     8
 71
     3
 72
    12
 73
     8
 74
     0
 42
0.000000001
 43
0.0000000001
 40
3.731899026818746
 40
3.731899026818746
 40
3.731899026818746
 40
3.731899026818746
 40
3.83641538468365
 40
3.83641538468365
 40
4.203337878154016
 40
4.203337878154016
 40
4.276702925599444
 40
4.276702925599444
 40
4.276702925599444
 40
4.276702925599444
 10
871.047569215205
 20
511.6770452345309
 30
0.0
 10
831.5503463859622
 20
521.3232787415931
 30
0.0
 10
792.9498500455992
 20
532.0662990782483
 30
0.0
 10
623.8152643795874
 20
585.3174810210579
 30
0.0
 10
505.8210542416581
 20
639.7817218854141
 30
0.0
 10
389.2774084584416
 20
718.0234780844724
 30
0.0
 10
370.6858240566325
 20
731.490367745414
 30
0.0
 10
352.9738011632999
 20
745.3690637926875
 30
0.0
  0
LWPOLYLINE
  5
505425E
330
505424F
100
AcDbEntity
  8
0
 62
     5
100
AcDbPolyline
 90
        2
 70
     0
 43
0.0
 10
352.0101056122294
 20
746.0986515457785
 42
0.5509335503989487
 10
294.8640189626658
 20
723.5556045628117
  0
LWPOLYLINE
  5
505425F
330
505424F
100
AcDbEntity
  8
0
 62
     5
100
AcDbPolyline
 90
        2
 70
     0
 43
0.0
 10
294.8640189629095
 20
723.5556045626232
 10
193.5514046557455
 20
190.8409911183502
  0
SPLINE
  5
5054260
330
505424F
100
AcDbEntity
  8
0
 62
     5
100
AcDbSpline
210
0.0
220
0.0
230
1.0
 70
     8
 71
     3
 72
     8
 73
     4
 74
     0
 42
0.000000001
 43
0.0000000001
 40
4.067711929370322
 40
4.067711929370322
 40
4.067711929370322
 40
4.067711929370322
 40
4.240377665887361
 40
4.240377665887361
 40
4.240377665887361
 40
4.240377665887361
 10
629.866032944461
 20
540.1238320186161
 30
0.0
 10
689.6196202890806
 20
516.5392793512534
 30
0.0
 10
752.7371207471078
 20
495.8632626351351
 30
0.0
 10
818.4555476729292
 20
478.2558780025056
 30
0.0
  0
LWPOLYLINE
  5
5054261
330
505424F
100
AcDbEntity
  8
0
 62
     5
100
AcDbPolyline
 90
        2
 70
     0
 43
0.0
 10
818.4555476729292
 20
478.2558780025056
 10
764.231001670676
 20
193.1363175184591
  0
LWPOLYLINE
  5
5054262
330
505424F
100
AcDbEntity
  8
0
 62
     5
100
AcDbPolyline
 90
        2
 70
     0
 43
0.0
 10
764.2310016705432
 20
193.1363175184591
 10
563.875329217577
 20
193.1363175184591
  0
LWPOLYLINE
  5
5054263
330
505424F
100
AcDbEntity
  8
0
 62
     5
100
AcDbPolyline
 90
        2
 70
     0
 43
0.0
 10
563.8753292177661
 20
193.1363175184591
 10
629.8660329431804
 20
540.123832019275
  0
HATCH
  5
5054264
330
505424F
100
AcDbEntity
  8
0
 62
     5
100
AcDbHatch
 10
0.0
 20
0.0
 30
0.0
210
0.0
220
0.0
230
1.0
  2
SOLID
 70
     1
 71
     1
 91
        3
 92
        5
 93
        1
 72
     3
 10
1396.597213374409
 20
1146.993862364126
 11
1211.247675994411
 21
0.0
 40
0.5250000000000005
 50
0.0
 51
360.0
 73
     1
 97
        1
330
5054265
 92
       21
 93
        1
 72
     3
 10
1396.597213374409
 20
1146.993862364126
 11
908.4357569958079
 21
0.0
 40
0.5333333333333336
 50
0.0
 51
360.0
 73
     1
 97
        1
330
5054266
 92
       20
 93
        8
 72
     3
 10
1396.597213374467
 20
1146.993862364126
 11
-726.7486055969386
 21
0.000000000407828
 40
0.5416666666664927
 50
175.1792318613039
 51
350.0646030971996
 73
     0
 72
     1
 10
705.1061524178014
 20
1025.869094764544
 11
908.3276653298533
 21
1025.869094764544
 72
     3
 10
1396.597213374409
 20
1146.993862364126
 11
-545.0614541974846
 21
0.0000000000003965
 40
0.5000000000000002
 50
13.93209154925803
 51
173.4985877666002
 73
     1
 72
     1
 10
1928.029974432424
 20
1086.431478564241
 11
678.5006852888957
 21
1086.431478564241
 72
     3
 10
1396.597213374409
 20
1146.993862364126
 11
-726.7486055973044
 21
0.0000000022240542
 40
0.541666666666094
 50
-4.820768138864695
 51
170.0646030970887
 73
     0
 72
     1
 10
2088.088274330893
 20
1268.11862996333
 11
1884.866761419425
 21
1268.11862996333
 72
     3
 10
1396.597213374409
 20
1146.993862364126
 11
-545.0614541974847
 21
0.0000000000003965
 40
0.4999999999999995
 50
193.932091549258
 51
353.4985877666002
 73
     1
 72
     1
 10
865.1644523161508
 20
1207.556246163634
 11
2114.693741460085
 21
1207.556246163634
 97
        8
330
505426C
330
5054269
330
505426A
330
505426B
330
5054268
330
505426D
330
505426E
330
505426F
 75
     0
 76
     1
 47
0.0593317798213877
 98
        3
 10
2316.320732493208
 20
852.0683872503447
 10
2316.320732493208
 20
852.0683872503447
 10
2316.320732493208
 20
852.0683872503447
450
        1
451
        0
460
0.0
461
0.0
452
        1
462
0.6700000166893006
453
        2
463
0.0
 63
     5
421
      255
463
1.0
 63
   173
421
  5724159
470
LINEAR
1001
ACAD
1010
0.0
1020
0.0
1030
0.0
  0
ELLIPSE
  5
5054265
102
{ACAD_REACTORS
330
5054264
102
}
330
505424F
100
AcDbEntity
  8
0
 62
     5
100
AcDbEllipse
 10
1396.597213374409
 20
1146.993862364126
 30
0.0
 11
1211.247675994411
 21
0.0
 31
0.0
210
0.0
220
0.0
230
1.0
 40
0.5250000000000005
 41
0.0
 42
6.283185307179585
  0
ELLIPSE
  5
5054266
102
{ACAD_REACTORS
330
5054264
102
}
330
505424F
100
AcDbEntity
  8
0
 62
     5
100
AcDbEllipse
 10
1396.597213374409
 20
1146.993862364126
 30
0.0
 11
908.4357569958079
 21
0.0
 31
0.0
210
0.0
220
0.0
230
1.0
 40
0.5333333333333336
 41
0.0
 42
6.283185307179585
  0
HATCH
  5
5054267
330
505424F
100
AcDbEntity
  8
0
 62
     5
100
AcDbHatch
 10
0.0
 20
0.0
 30
0.0
210
0.0
220
0.0
230
1.0
  2
SOLID
 70
     1
 71
     0
 91
        1
 92
        5
 93
        8
 72
     3
 10
1396.597213374467
 20
1146.993862364125
 11
-726.7486055969389
 21
0.000000000407828
 40
0.5416666666664927
 50
9.935396902800409
 51
184.820768138696
 73
     1
 72
     1
 10
2114.69374146006
 20
1207.556246163633
 11
865.1644523161394
 21
1207.556246163633
 72
     3
 10
1396.597213374409
 20
1146.993862364125
 11
-545.0614541974848
 21
0.0000000000003965
 40
0.4999999999999995
 50
6.50141223339976
 51
166.0679084507419
 73
     0
 72
     1
 10
1884.866761419462
 20
1268.11862996333
 11
2088.088274330881
 21
1268.118629963311
 72
     3
 10
1396.597213374409
 20
1146.993862364125
 11
-726.7486055973046
 21
0.0000000022240542
 40
0.541666666666094
 50
189.9353969029112
 51
364.8207681388647
 73
     1
 72
     1
 10
678.5006852889109
 20
1086.43147856424
 11
1928.029974432398
 21
1086.431478564259
 72
     3
 10
1396.597213374409
 20
1146.993862364125
 11
-545.0614541974846
 21
0.0000000000003965
 40
0.5000000000000002
 50
186.5014122333997
 51
346.067908450742
 73
     0
 72
     1
 10
908.327665329849
 20
1025.869094764563
 11
705.1061524178276
 21
1025.869094764563
 97
        0
 75
     0
 76
     1
 47
0.0445774849267856
 98
        3
 10
1320.33958281056
 20
815.8064471381445
 10
2173.369618960553
 20
727.3420948072088
 10
1511.259921429311
 20
825.6272374322993
450
        0
451
        0
460
0.0
461
0.0
452
        0
462
0.0
453
        0
470

1001
ACAD
1010
0.0
1020
0.0
1030
0.0
  0
ELLIPSE
  5
5054268
102
{ACAD_REACTORS
330
5054264
102
}
330
505424F
100
AcDbEntity
  8
0
 62
     5
100
AcDbEllipse
 10
1396.597213374409
 20
1146.993862364126
 30
0.0
 11
-726.7486055973044
 21
0.0000000022240542
 31
0.0
210
0.0
220
0.0
230
1.0
 40
0.541666666666094
 41
3.454359375536509
 42
6.437644905669657
  0
LWPOLYLINE
  5
5054269
102
{ACAD_REACTORS
330
5054264
102
}
330
505424F
100
AcDbEntity
  8
0
 62
     5
100
AcDbPolyline
 90
        2
 70
     0
 43
0.0
 10
705.106152417844
 20
1025.869094764544
 10
908.3276653297543
 20
1025.869094764544
  0
ELLIPSE
  5
505426A
102
{ACAD_REACTORS
330
5054264
102
}
330
505424F
100
AcDbEntity
  8
0
 62
     5
100
AcDbEllipse
 10
1396.597213374409
 20
1146.993862364126
 30
0.0
 11
-545.0614541974846
 21
0.0000000000003965
 31
0.0
210
0.0
220
0.0
230
1.0
 40
0.5000000000000002
 41
0.4605539916813215
 42
2.917499561288422
  0
LWPOLYLINE
  5
505426B
102
{ACAD_REACTORS
330
5054264
102
}
330
505424F
100
AcDbEntity
  8
0
 62
     5
100
AcDbPolyline
 90
        2
 70
     0
 43
0.0
 10
1928.029974432323
 20
1086.431478564241
 10
678.5006852888746
 20
1086.431478564241
  0
ELLIPSE
  5
505426C
102
{ACAD_REACTORS
330
5054264
102
}
330
505424F
100
AcDbEntity
  8
0
 62
     5
100
AcDbEllipse
 10
1396.597213374467
 20
1146.993862364126
 30
0.0
 11
-726.7486055969368
 21
0.000000000407828
 31
0.0
210
0.0
220
0.0
230
1.0
 40
0.5416666666664927
 41
0.3127667219431687
 42
3.296052252074409
  0
LWPOLYLINE
  5
505426D
102
{ACAD_REACTORS
330
5054264
102
}
330
505424F
100
AcDbEntity
  8
0
 62
     5
100
AcDbPolyline
 90
        2
 70
     0
 43
0.0
 10
2088.0882743309
 20
1268.11862996333
 10
1884.86676141899
 20
1268.11862996333
  0
ELLIPSE
  5
505426E
102
{ACAD_REACTORS
330
5054264
102
}
330
505424F
100
AcDbEntity
  8
0
 62
     5
100
AcDbEllipse
 10
1396.597213374409
 20
1146.993862364126
 30
0.0
 11
-545.0614541974847
 21
0.0000000000003965
 31
0.0
210
0.0
220
0.0
230
1.0
 40
0.4999999999999995
 41
3.602146645271115
 42
6.059092214878214
  0
LWPOLYLINE
  5
505426F
102
{ACAD_REACTORS
330
5054264
102
}
330
505424F
100
AcDbEntity
  8
0
 62
     5
100
AcDbPolyline
 90
        2
 70
     0
 43
0.0
 10
865.1644523165524
 20
1207.556246163634
 10
2114.69374146006
 20
1207.556246163634
  0
HATCH
  5
5054270
330
505424F
100
AcDbEntity
  8
0
 62
     5
100
AcDbHatch
 10
0.0
 20
0.0
 30
0.0
210
0.0
220
0.0
230
1.0
  2
SOLID
 70
     1
 71
     0
 91
        1
 92
        7
 72
     0
 73
     1
 93
        4
 10
2837.048774249739
 20
-0.0000000000002274
 10
2837.048774249739
 20
50.46865316649166
 10
0.0
 20
50.46865316649166
 10
0.0
 20
-0.0000000000002274
 97
        0
 75
     0
 76
     1
 47
0.0268944728169707
 98
        1
 10
2257.253932717123
 20
17.32237826277287
450
        0
451
        0
460
0.0
461
0.0
452
        0
462
0.0
453
        0
470

1001
ACAD
1010
0.0
1020
0.0
1030
0.0
  0
LWPOLYLINE
  5
5054271
330
505424F
100
AcDbEntity
  8
0
 62
     5
100
AcDbPolyline
 90
        5
 70
     1
 43
0.0
 10
0.0
 20
50.46865316649212
 10
0.0
 20
0.0
 10
2837.048774249739
 20
0.0
 10
2837.048774249739
 20
50.46865316649212
 10
0.0
 20
50.46865316649212
  0
MTEXT
  5
5054272
330
505424F
100
AcDbEntity
  8
0
 62
     5
100
AcDbMText
 10
-67.19542160466517
 20
-66.92912692649724
 30
0.0
 40
204.4465395624735
 41
3194.968924676993
 46
0.0
 71
     1
 72
     5
  1
{\Fromand|c0;PERSIAN SAZEH Co.}
 73
     1
 44
1.0
  0
LWPOLYLINE
  5
5054273
330
505424F
100
AcDbEntity
  8
0
 62
     5
100
AcDbPolyline
 90
        2
 70
     0
 43
0.0
 10
979.9986489273905
 20
193.1363175184591
 10
1025.848452483784
 20
434.2204169152322
 42
-0.8908208420302761
  0
ENDBLK
  5
5054274
330
505424F
100
AcDbEntity
  8
0
100
AcDbBlockEnd
  0
BLOCK
  5
5054CD3
330
5054CCD
100
AcDbEntity
  8
0
 62
     1
100
AcDbBlockBegin
  2
A$C26A449BC
 70
     0
 10
0.0
 20
0.0
 30
0.0
  3
A$C26A449BC
  1

  0
TEXT
  5
5054CCE
330
5054CCD
100
AcDbEntity
  8
KADR
 62
     4
100
AcDbText
 10
-66.46406404697524
 20
1.347821819220705
 30
0.0
 40
2.0
  1
110V LVDC SINGLE LINE DIAGRAM
 41
0.9
  7
ROMANT
 72
     1
 11
-41.34977833268954
 21
2.347821819220705
 31
0.0
100
AcDbText
 73
     2
1001
AcDbBlockRepETag
1070
     1
1071
      372
1005
0
  0
TEXT
  5
5054CCF
330
5054CCD
100
AcDbEntity
  8
KADR
 62
     4
100
AcDbText
 10
-57.24977833268953
 20
4.847821819220705
 30
0.0
 40
2.0
  1
63/20KV SUBSTATION
 41
0.9
  7
ROMANT
 72
     1
 11
-41.34977833268954
 21
5.847821819220705
 31
0.0
100
AcDbText
 73
     2
1001
AcDbBlockRepETag
1070
     1
1071
      372
1005
0
  0
TEXT
  5
5054CD0
330
5054CCD
100
AcDbEntity
  8
KADR
 62
     4
100
AcDbText
 10
-61.23549261840382
 20
8.347821819220705
 30
0.0
 40
2.0
  1
PARDIS TECHNOLOGY PARK
 41
0.9
  7
ROMANT
 72
     1
 11
-41.34977833268954
 21
9.347821819220705
 31
0.0
100
AcDbText
 73
     2
1001
AcDbBlockRepETag
1070
     1
1071
      372
1005
0
  0
ENDBLK
  5
5054CD4
330
5054CCD
100
AcDbEntity
  8
0
 62
     1
100
AcDbBlockEnd
  0
BLOCK
  5
5055457
330
5055455
100
AcDbEntity
  8
0
 62
     3
100
AcDbBlockBegin
  2
مشاور نیرو
 70
     0
 10
0.0
 20
0.0
 30
0.0
  3
مشاور نیرو
  1

  0
HATCH
  5
5055458
330
5055455
100
AcDbEntity
  8
0
 62
     1
100
AcDbHatch
 10
0.0
 20
0.0
 30
0.0
210
0.0
220
0.0
230
1.0
  2
SOLID
 70
     1
 71
     0
 91
        1
 92
        1
 93
        4
 72
     1
 10
49.55300825765516
 20
7.058185941428206
 11
1.48636276119123
 21
7.058185941428206
 72
     1
 10
1.48636276119123
 20
7.058185941428206
 11
1.48636276119123
 21
6.3881305344444
 72
     1
 10
1.48636276119123
 20
6.3881305344444
 11
49.55300825765516
 21
6.3881305344444
 72
     1
 10
49.55300825765516
 20
6.3881305344444
 11
49.55300825765516
 21
7.058185941428206
 97
        0
 75
     1
 76
     1
 98
        1
 10
40.03626873824123
 20
6.701359482757652
450
        0
451
        0
460
0.0
461
0.0
452
        0
462
0.0
453
        0
470

1001
GradientColor1ACI
1070
     7
1001
GradientColor2ACI
1070
     5
1001
ACAD
1010
0.0
1020
0.0
1030
0.0
  0
LINE
  5
5055459
330
5055455
100
AcDbEntity
  8
0
 62
     7
370
    30
100
AcDbLine
 10
49.55300825765516
 20
7.531295765681079
 30
0.0
 11
1.48636276119123
 21
7.531295765681079
 31
0.0
  0
LINE
  5
505545A
330
5055455
100
AcDbEntity
  8
0
 62
     7
370
    30
100
AcDbLine
 10
49.55300825765516
 20
5.927572809248431
 30
0.0
 11
1.48636276119123
 21
5.927572809248431
 31
0.0
  0
HATCH
  5
505545B
330
5055455
100
AcDbEntity
  8
0
 62
     1
100
AcDbHatch
 10
0.0
 20
0.0
 30
0.0
210
0.0
220
0.0
230
1.0
  2
SOLID
 70
     1
 71
     0
 91
        1
 92
        7
 72
     0
 73
     1
 93
       10
 10
-0.0107071566553714
 20
12.89810193081894
 10
-2.906535670473203
 20
10.0022734170011
 10
-0.0107071566553714
 20
7.106444903183188
 10
0.8500270181768883
 20
7.967179078015476
 10
-1.235322050917602
 20
10.05252814711002
 10
-0.1295515136871472
 20
11.15829868434048
 10
0.3606654945970149
 20
10.66808167605632
 10
-0.3042156575752415
 20
10.00320052388406
 10
1.290916403235087
 20
8.408068463073675
 10
2.885121357162688
 20
10.00227341700113
 97
        0
 75
     1
 76
     1
 47
0.0139308895142779
 98
        1
 10
1.348119515712824
 20
10.28959893203455
450
        0
451
        0
460
0.0
461
0.0
452
        0
462
0.0
453
        0
470

1001
GradientColor1ACI
1070
     7
1001
GradientColor2ACI
1070
     5
1001
ACAD
1010
0.0
1020
0.0
1030
0.0
  0
HATCH
  5
505545C
330
5055455
100
AcDbEntity
  8
0
 62
     1
100
AcDbHatch
 10
0.0
 20
0.0
 30
0.0
210
0.0
220
0.0
230
1.0
  2
SOLID
 70
     1
 71
     0
 91
        1
 92
        7
 72
     0
 73
     1
 93
       10
 10
-0.0107071566553714
 20
5.974653534440562
 10
-2.906535670473203
 20
3.07882502062273
 10
-0.0107071566553714
 20
0.1829965068046704
 10
0.8500270181768883
 20
1.04373068163693
 10
-1.235322050917602
 20
3.129079750731648
 10
-0.1295515136871472
 20
4.234850287962103
 10
0.3606654945970149
 20
3.744633279677941
 10
-0.3042156575752415
 20
3.079752127505685
 10
1.290916403235087
 20
1.484620066695129
 10
2.885121357162688
 20
3.07882502062273
 97
        0
 75
     1
 76
     1
 47
0.0139308895142779
 98
        1
 10
1.348119515712824
 20
3.366150535656174
450
        0
451
        0
460
0.0
461
0.0
452
        0
462
0.0
453
        0
470

1001
GradientColor1ACI
1070
     7
1001
GradientColor2ACI
1070
     5
1001
ACAD
1010
0.0
1020
0.0
1030
0.0
  0
HATCH
  5
505545D
330
5055455
100
AcDbEntity
  8
0
 62
     1
100
AcDbHatch
 10
0.0
 20
0.0
 30
0.0
210
0.0
220
0.0
230
1.0
  2
SOLID
 70
     1
 71
     0
 91
        1
 92
        7
 72
     0
 73
     1
 93
       10
 10
-6.368259868662562
 20
6.540549218811946
 10
-3.472431354844729
 20
3.644720704994114
 10
-0.57660284102667
 20
6.540549218811946
 10
-1.437337015858929
 20
7.401283393644206
 10
-3.522686084953647
 20
5.315934324549715
 10
-4.628456622184103
 20
6.42170486178017
 10
-4.138239613899941
 20
6.911921870064333
 10
-3.473358461727684
 20
6.247040717892076
 10
-1.878226400917128
 20
7.842172778702405
 10
-3.472431354844729
 20
9.436377732630006
 97
        0
 75
     1
 76
     1
 47
0.0139308895142779
 98
        1
 10
-3.759756869878174
 20
7.899375891180142
450
        0
451
        0
460
0.0
461
0.0
452
        0
462
0.0
453
        0
470

1001
GradientColor1ACI
1070
     7
1001
GradientColor2ACI
1070
     5
1001
ACAD
1010
0.0
1020
0.0
1030
0.0
  0
HATCH
  5
505545E
330
5055455
100
AcDbEntity
  8
0
 62
     7
100
AcDbHatch
 10
0.0
 20
0.0
 30
0.0
210
0.0
220
0.0
230
1.0
  2
SOLID
 70
     1
 71
     0
 91
       30
 92
        7
 72
     0
 73
     1
 93
      309
 10
48.0484233088448
 20
9.500434336024767
 10
48.08440191121872
 20
9.467025633820782
 10
48.12038051359241
 20
9.43875673195572
 10
48.153789215796
 20
9.413057730260248
 10
48.18462801783107
 20
9.389928628734367
 10
48.21289691969605
 20
9.369369427378103
 10
48.25401532240857
 20
9.341100525513041
 10
48.29256382495168
 20
9.31540152381757
 10
48.33882202800396
 20
9.294842322461306
 10
48.37737053054707
 20
9.274283121105042
 10
48.42105883342902
 20
9.258863720087731
 10
48.47502673698932
 20
9.240874418900773
 10
48.53156454071996
 20
9.230594818222641
 10
48.58296254411084
 20
9.220315217544509
 10
48.63950034784057
 20
9.212605517035996
 10
48.69603815157006
 20
9.212605517035996
 10
48.73201675394398
 20
9.240874418900773
 10
48.77056525648709
 20
9.276853021274376
 10
48.81168365919961
 20
9.320541324156778
 10
48.85280206191215
 20
9.371939327547721
 10
48.89135056445548
 20
9.431047031447178
 10
48.92989906699859
 20
9.485014935007711
 10
48.96073786903276
 20
9.544122638907168
 10
48.99414657123725
 20
9.600660442637035
 10
49.01984557293281
 20
9.657198246367158
 10
49.04811447479755
 20
9.721445750605823
 10
49.0378348741192
 20
9.862790259930619
 10
49.01727567276338
 20
9.986145468068741
 10
48.98900677089864
 20
10.09665117535914
 10
48.94017866767694
 20
10.18916758146287
 10
48.87593116343828
 20
10.26112478621007
 10
48.79883415835184
 20
10.32023249010953
 10
48.70631775224842
 20
10.36649069316155
 10
48.59581204495748
 20
10.39989939536553
 10
48.46731703648015
 20
10.41788869655221
 10
48.31826282664724
 20
10.42559839706101
 10
48.27714442393471
 20
10.38704989451781
 10
48.23345612105163
 20
10.33822179129646
 10
48.18976781816991
 20
10.28425388773593
 10
48.14350961511855
 20
10.22257628366688
 10
48.09982131223569
 20
10.15061907891967
 10
48.06384270986291
 20
10.09665117535914
 10
48.027864107489
 20
10.04268327179889
 10
47.99702530545391
 20
9.986145468068741
 10
47.95847680291058
 20
9.937317364847416
 10
47.92763800087641
 20
9.880779561117549
 10
47.89165939850272
 20
9.837091258235147
 10
47.86339049663775
 20
9.801112655861572
 10
47.83512159477299
 20
9.775413654166101
 10
47.80685269290825
 20
9.759994253148761
 10
47.78372359138211
 20
9.757424352979427
 10
47.60640047968308
 20
9.757424352979427
 10
47.54472287561497
 20
9.757424352979427
 10
47.4984646725627
 20
9.752284552640219
 10
47.4444967690024
 20
9.749714652470629
 10
47.39309876561151
 20
9.739435051792497
 10
47.33656096188087
 20
9.724015650775157
 10
47.28002315815115
 20
9.706026349588512
 10
47.21577565391249
 20
9.68032734789304
 10
47.15923785018299
 20
9.652058446027979
 10
47.10270004645235
 20
9.621219643993583
 10
47.05130204306124
 20
9.58524104161998
 10
47.00247393984091
 20
9.544122638907168
 10
46.96135553712724
 20
9.505574136363975
 10
46.92280703458505
 20
9.45674603314265
 10
46.88682843221113
 20
9.405348029751706
 10
46.85084982983744
 20
9.346240325852249
 10
46.81744112763271
 20
9.284562721783174
 10
46.78917222576797
 20
9.222885117714128
 10
46.76861302441238
 20
9.163777413814671
 10
46.75062372322486
 20
9.104669709914929
 10
46.73263442203847
 20
9.048131906185062
 10
46.72235482136011
 20
8.991594102454939
 10
46.67352671813842
 20
9.014723203981077
 10
46.62469861491672
 20
9.042992105845854
 10
46.57587051169639
 20
9.073830907880534
 10
46.5321822088133
 20
9.109809510254137
 10
46.48849390593158
 20
9.15092791296692
 10
46.44480560304851
 20
9.194616215849066
 10
46.40882700067573
 20
9.238304518731467
 10
46.37541829847123
 20
9.276853021274376
 10
46.35228919694623
 20
9.320541324156778
 10
46.33172999558929
 20
9.361659726869589
 10
46.3831279989804
 20
9.377079127886645
 10
46.43709590254047
 20
9.389928628734367
 10
46.49106380610078
 20
9.410487830090914
 10
46.54503170966108
 20
9.428477131277588
 10
46.60156951339172
 20
9.449036332634108
 10
46.66067721729064
 20
9.479875134668503
 10
46.71207522068153
 20
9.505574136363975
 10
46.7583334237338
 20
9.533843038229036
 10
46.79688192627714
 20
9.562111940093842
 10
46.83286052864992
 20
9.592950742128493
 10
46.82515082814188
 20
9.803682556031162
 10
46.80459162678516
 20
9.993855168577567
 10
46.77375282475099
 20
10.16346857976742
 10
46.72492472152931
 20
10.31252278960102
 10
46.66581701763038
 20
10.44101779807835
 10
46.60413941356114
 20
10.5309643040122
 10
46.53732200915306
 20
10.60806130909859
 10
46.45508520372686
 20
10.67230881333725
 10
46.3677085979632
 20
10.71856701638899
 10
46.26748249135061
 20
10.75454561876259
 10
46.21865438812915
 20
10.72113691655858
 10
46.16982628490745
 20
10.67487871350687
 10
46.12613798202573
 20
10.61577100960713
 10
46.08501957931321
 20
10.54381380485992
 10
46.04647107676988
 20
10.4564371990954
 10
46.01049247439596
 20
10.35621109248313
 10
45.98479347270063
 20
10.26112478621007
 10
45.96423427134482
 20
10.15832877942822
 10
45.95395467066646
 20
10.05553277264661
 10
45.94881487032671
 20
9.955306666034346
 10
45.94881487032671
 20
9.914188263321562
 10
45.95395467066646
 20
9.873069860608751
 10
45.95652457083588
 20
9.834521358065558
 10
45.96166437117449
 20
9.79597285552262
 10
45.96937407168343
 20
9.757424352979427
 10
45.58388904625144
 20
9.757424352979427
 10
45.57874924591283
 20
9.757424352979427
 10
45.5042221409958
 20
9.765134053487969
 10
45.43483483641852
 20
9.77798355433569
 10
45.37572713251847
 20
9.80882235637037
 10
45.32175922895817
 20
9.847370858913279
 10
45.27807092607531
 20
9.903908662643431
 10
45.24466222387172
 20
9.955306666034346
 10
45.22153312234559
 20
10.00927456959462
 10
45.20097392099001
 20
10.07095217366367
 10
45.19326422048083
 20
10.14033947824154
 10
45.19069432031165
 20
10.21486658315834
 10
45.02365080929098
 20
10.21486658315834
 10
45.02108090912179
 20
10.14804917875008
 10
45.00823140827401
 20
10.08637157468101
 10
44.98767220691706
 20
10.02726387078155
 10
44.96454310539093
 20
9.973295967221019
 10
44.93113440318757
 20
9.916758163491152
 10
44.88487620013529
 20
9.860220359761029
 10
44.82833839640579
 20
9.816532056878884
 10
44.76409089216713
 20
9.783123354674899
 10
44.69470358758963
 20
9.765134053487969
 10
44.61760658250341
 20
9.757424352979427
 10
44.50196107487363
 20
9.757424352979427
 10
44.47883197334749
 20
9.757424352979427
 10
44.41715436927824
 20
9.767703953657559
 10
44.36575636588736
 20
9.79597285552262
 10
44.31692826266567
 20
9.844800958743974
 10
44.27323995978395
 20
9.914188263321562
 10
44.23212155707142
 20
9.998994968916491
 10
44.22441185656225
 20
10.02726387078155
 10
44.20385265520645
 20
10.09408127518983
 10
44.17558375334169
 20
10.19173748163249
 10
44.13960515096778
 20
10.32794219061833
 10
44.09077704774631
 20
10.49498570163862
 10
44.05479844537239
 20
10.61320110943779
 10
44.02395964333822
 20
10.71085731588044
 10
43.9828412406257
 20
10.79309412130578
 10
43.94429273808259
 20
10.85477172537486
 10
43.90317433536893
 20
10.90102992842656
 10
43.59221641485397
 20
10.53610410435141
 10
43.63333481756763
 20
10.49498570163859
 10
43.66931341994041
 20
10.44872749858686
 10
43.70529202231432
 20
10.39989939536553
 10
43.73870072451881
 20
10.34850139197459
 10
43.76953952655298
 20
10.29453348841406
 10
43.81322782943584
 20
10.21486658315834
 10
43.85434623214837
 20
10.12748997739382
 10
43.89032483452228
 20
10.02726387078155
 10
43.92630343689506
 20
9.921897963830076
 10
43.96228203926898
 20
9.80882235637037
 10
43.94429273808259
 20
9.785693254844233
 10
43.89803453503032
 20
9.767703953657559
 10
43.8389268311314
 20
9.749714652470629
 10
43.75925992587553
 20
9.731725351283955
 10
43.65646391909376
 20
9.716305950266644
 10
43.61791541654952
 20
9.713736050097026
 10
43.56908731332896
 20
9.706026349588512
 10
43.51254950959833
 20
9.700886549249304
 10
43.45344180569941
 20
9.69574674891038
 10
43.384054501121
 20
9.690606948571172
 10
43.32494679722208
 20
9.69574674891038
 10
43.26840899349235
 20
9.698316649079686
 10
43.21958089027089
 20
9.708596249758102
 10
43.17846248755836
 20
9.726585550944776
 10
43.14762368552305
 20
9.747144752301295
 10
43.11935478365831
 20
9.767703953657559
 10
43.09879558230159
 20
9.79597285552262
 10
43.08337618128439
 20
9.829381557726634
 10
43.07566648077636
 20
9.862790259930619
 10
43.07052668043661
 20
9.903908662643431
 10
42.96259087331622
 20
9.903908662643431
 10
42.94974137246845
 20
9.855080559422106
 10
42.93689187162067
 20
9.79597285552262
 10
42.92661227094231
 20
9.726585550944804
 10
42.91376277009454
 20
9.646918645689055
 10
42.90091326924676
 20
9.559542039924508
 10
42.89320356873895
 20
9.526133337720239
 10
42.89063366856839
 20
9.485014935007711
 10
42.88292396806037
 20
9.44132663212531
 10
42.872644367382
 20
9.395068429073575
 10
42.86493466687306
 20
9.341100525513041
 10
42.89320356873895
 20
9.317971423987188
 10
42.92661227094231
 20
9.294842322461306
 10
42.96259087331622
 20
9.276853021274376
 10
43.00627917619908
 20
9.264003520426655
 10
43.04996747908103
 20
9.248584119409599
 10
43.09879558230159
 20
9.238304518731467
 10
43.15019358569247
 20
9.230594818222641
 10
43.20673138942311
 20
9.222885117714128
 10
43.26326919315261
 20
9.220315217544509
 10
43.32494679722208
 20
9.220315217544509
 10
43.38148460095157
 20
9.220315217544509
 10
43.43545250451188
 20
9.222885117714128
 10
43.49199030824252
 20
9.230594818222641
 10
43.54852811197225
 20
9.238304518731467
 10
43.61020571604149
 20
9.248584119409599
 10
43.66931341994041
 20
9.258863720087731
 10
43.72585122367104
 20
9.274283121105042
 10
43.78238902740076
 20
9.292272422291716
 10
43.83378703079165
 20
9.310261723478646
 10
43.88775493435287
 20
9.32825102466532
 10
43.92373353672565
 20
9.389928628734367
 10
43.95457233875982
 20
9.454176132973032
 10
43.9828412406257
 20
9.518423637211697
 10
44.01111014249045
 20
9.58524104161998
 10
44.036809144186
 20
9.654628346197569
 10
44.06250814588156
 20
9.58524104161998
 10
44.09077704774631
 20
9.523563437550905
 10
44.12418574995081
 20
9.467025633820782
 10
44.15245465181556
 20
9.423337330938636
 10
44.18329345384973
 20
9.384788828395443
 10
44.229551656902
 20
9.34367042568266
 10
44.28094966029289
 20
9.310261723478646
 10
44.33234766368378
 20
9.284562721783174
 10
44.3888854674135
 20
9.271713220935453
 10
44.45056307148274
 20
9.266573420596245
 10
44.63816578385899
 20
9.266573420596245
 10
44.69470358758963
 20
9.274283121105042
 10
44.75638119165796
 20
9.289702522122126
 10
44.81034909521826
 20
9.31540152381757
 10
44.87202669928751
 20
9.351380126191173
 10
44.93113440318757
 20
9.395068429073575
 10
44.98767220691706
 20
9.446466432464518
 10
45.03393040996934
 20
9.497864435855433
 10
45.06476921200351
 20
9.55183233941571
 10
45.08789831352965
 20
9.605800242976243
 10
45.10588761471604
 20
9.662338046706111
 10
45.12130701573323
 20
9.603230342806625
 10
45.14957591759912
 20
9.544122638907168
 10
45.18041471963306
 20
9.492724635516253
 10
45.2189632221764
 20
9.44132663212531
 10
45.26522142522867
 20
9.395068429073575
 10
45.32175922895817
 20
9.351380126191173
 10
45.38343683302764
 20
9.31540152381757
 10
45.43997463675714
 20
9.289702522122126
 10
45.49908234065719
 20
9.271713220935453
 10
45.55819004455611
 20
9.266573420596245
 10
45.69953455388122
 20
9.266573420596245
 10
45.74322285676294
 20
9.266573420596245
 10
45.78177135930627
 20
9.274283121105042
 10
45.81774996167996
 20
9.274283121105042
 10
45.85372856405387
 20
9.274283121105042
 10
45.89741686693582
 20
9.281992821613584
 10
45.93853526964949
 20
9.284562721783174
 10
45.97451387202227
 20
9.292272422291716
 10
46.00278277388702
 20
9.294842322461306
 10
46.02591187541316
 20
9.299982122800514
 10
46.07473997863462
 20
9.15092791296692
 10
46.13384768253354
 20
9.014723203981077
 10
46.21094468761998
 20
8.886228195503747
 10
46.29832129338478
 20
8.770582687874139
 10
46.40368720033712
 20
8.660076980583738
 10
46.52447250830528
 20
8.55985087397147
 10
46.66067721729064
 20
8.469904368037617
 10
46.81487122746353
 20
8.385097662442433
 10
46.98191473848396
 20
8.313140457695226
 10
47.16694755069101
 20
8.246323053287227
 10
47.2517542562864
 20
8.498173269902423
 10
47.34170076222063
 20
8.755163286857083
 10
47.30058235950695
 20
8.773152588043728
 10
47.26460375713418
 20
8.788571989061068
 10
47.23119505492968
 20
8.801421489908818
 10
47.20292615306471
 20
8.81427099075654
 10
47.17979705153857
 20
8.827120491604262
 10
47.1155495472999
 20
8.870808794486407
 10
47.05387194323179
 20
8.914497097368808
 10
47.00761374017952
 20
8.963325200590134
 10
46.966495337467
 20
9.009583403641869
 10
46.93565653543169
 20
9.066121207371736
 10
46.966495337467
 20
9.104669709914929
 10
47.01018364034871
 20
9.143218212458123
 10
47.06672144407844
 20
9.176626914662392
 10
47.13610874865685
 20
9.204895816527198
 10
47.21577565391249
 20
9.225455017883717
 10
47.2851629584909
 20
9.240874418900773
 10
47.35198036289784
 20
9.251154019579189
 10
47.42136766747626
 20
9.258863720087731
 10
47.49332487222409
 20
9.266573420596245
 10
47.56528207697056
 20
9.266573420596245
 10
47.66550818358314
 20
9.266573420596245
 10
47.72975568782181
 20
9.266573420596245
 10
47.76573429019459
 20
9.271713220935453
 10
47.8017128925685
 20
9.276853021274376
 10
47.83512159477299
 20
9.289702522122126
 10
47.86596039680716
 20
9.307691823309056
 10
47.89936909901166
 20
9.325681124495986
 10
47.93277780121525
 20
9.351380126191173
 10
47.95847680291058
 20
9.384788828395443
 10
47.99188550511508
 20
9.415627630429838
 10
48.02015440698006
 20
9.45674603314265
 97
        0
 92
       22
 72
     0
 73
     1
 93
       35
 10
46.59385981288278
 20
9.860220359761029
 10
46.56045111067919
 20
9.842231058574355
 10
46.52961230864412
 20
9.826811657557016
 10
46.49106380610078
 20
9.811392256539704
 10
46.45251530355767
 20
9.79597285552262
 10
46.40882700067573
 20
9.785693254844233
 10
46.36256879762345
 20
9.775413654166101
 10
46.31888049474173
 20
9.770273853827177
 10
46.27519219185979
 20
9.767703953657559
 10
46.23150388897693
 20
9.765134053487969
 10
46.1903854862644
 20
9.765134053487969
 10
46.18781558609498
 20
9.785693254844233
 10
46.18781558609498
 20
9.803682556031162
 10
46.18267578575523
 20
9.826811657557016
 10
46.18267578575523
 20
9.847370858913279
 10
46.18267578575523
 20
9.870499960439417
 10
46.18267578575523
 20
9.916758163491152
 10
46.18781558609498
 20
9.965586266712477
 10
46.19552528660301
 20
10.00927456959462
 10
46.20323498711195
 20
10.05296287247702
 10
46.21094468761998
 20
10.09408127518981
 10
46.2237941884689
 20
10.13776957807195
 10
46.23921358948587
 20
10.17374818044555
 10
46.25977279084168
 20
10.20972678281913
 10
46.28290189236781
 20
10.24056558485381
 10
46.30603099389396
 20
10.26883448671862
 10
46.36256879762345
 20
10.2354257845146
 10
46.41653670118375
 20
10.19173748163249
 10
46.46279490423603
 20
10.14033947824154
 10
46.50134340677914
 20
10.08637157468101
 10
46.53732200915306
 20
10.01955417027301
 10
46.54760160983051
 20
9.993855168577567
 10
46.56045111067919
 20
9.965586266712477
 10
46.57330061152584
 20
9.932177564508492
 10
46.581010312035
 20
9.896198962134633
 97
        0
 92
       22
 72
     0
 73
     1
 93
       39
 10
48.2077571193563
 20
9.844800958743974
 10
48.21803672003466
 20
9.865360160100237
 10
48.2257464205436
 20
9.891059161795681
 10
48.23602602122218
 20
9.914188263321562
 10
48.25401532240857
 20
9.939887265017034
 10
48.26429492308694
 20
9.960446466373298
 10
48.28485412444251
 20
9.983575567899151
 10
48.30541332579946
 20
10.00670466942529
 10
48.32083272681643
 20
10.02469397061196
 10
48.34139192817338
 20
10.03754347145968
 10
48.36195112952896
 20
10.05296287247702
 10
48.4339083342768
 20
10.03497357129009
 10
48.49558593834604
 20
10.01698427010342
 10
48.54955384190635
 20
9.991285268407949
 10
48.60352174546665
 20
9.960446466373298
 10
48.64207024800975
 20
9.929607664338902
 10
48.68318865072229
 20
9.885919361456501
 10
48.71659735292678
 20
9.834521358065558
 10
48.73972645445292
 20
9.775413654166101
 10
48.75257595529956
 20
9.708596249758102
 10
48.75514585547012
 20
9.639208945180229
 10
48.75514585547012
 20
9.636639045010639
 10
48.75514585547012
 20
9.628929344502097
 10
48.75514585547012
 20
9.621219643993583
 10
48.75514585547012
 20
9.613509943484757
 10
48.75514585547012
 20
9.605800242976243
 10
48.75514585547012
 20
9.600660442637035
 10
48.75257595529956
 20
9.58524104161998
 10
48.75257595529956
 20
9.577531341111182
 10
48.75257595529956
 20
9.56982164060264
 10
48.67547895021335
 20
9.587810941789314
 10
48.60352174546665
 20
9.610940043315167
 10
48.53413444088937
 20
9.631499244671715
 10
48.47502673698932
 20
9.657198246367158
 10
48.41848893325959
 20
9.68289724806263
 10
48.36452102969838
 20
9.713736050097026
 10
48.31826282664724
 20
9.742004951962087
 10
48.27457452376529
 20
9.775413654166101
 10
48.23602602122218
 20
9.811392256539704
 97
        0
 92
        7
 72
     0
 73
     1
 93
        4
 10
45.36544753184012
 20
10.95242793181751
 10
45.06476921200351
 20
11.22997715012843
 10
44.73839189047157
 20
10.96270753249564
 10
45.05191971115573
 20
10.68258841401538
 97
        0
 92
        7
 72
     0
 73
     1
 93
      307
 10
41.49003807616668
 20
9.515853737042107
 10
41.51573707786201
 20
9.56982164060264
 10
41.53372637904953
 20
9.631499244671715
 10
41.55171568023592
 20
9.577531341111182
 10
41.57227488159287
 20
9.526133337720239
 10
41.5979738832882
 20
9.479875134668503
 10
41.63138258549269
 20
9.431047031447178
 10
41.67250098820431
 20
9.387358728565061
 10
41.7187591912566
 20
9.34367042568266
 10
41.77272709481667
 20
9.310261723478646
 10
41.82926489854753
 20
9.284562721783174
 10
41.88580270227703
 20
9.271713220935453
 10
41.94491040617708
 20
9.266573420596245
 10
42.004018110076
 20
9.274283121105042
 10
42.06569571414525
 20
9.284562721783174
 10
42.12223351787497
 20
9.302552022969848
 10
42.1813412217748
 20
9.333390825004528
 10
42.24301882584313
 20
9.366799527208513
 10
42.29184692906483
 20
9.402778129582117
 10
42.3381051321171
 20
9.44132663212531
 10
42.37408373449079
 20
9.482445034838121
 10
42.40749243669438
 20
9.526133337720239
 10
42.43576133856026
 20
9.56982164060264
 10
42.45632053991585
 20
9.610940043315167
 10
42.47687974127166
 20
9.654628346197569
 10
42.5000088427978
 20
9.708596249758102
 10
42.52313794432393
 20
9.770273853827177
 10
42.54883694601949
 20
9.842231058574384
 10
42.57196604754563
 20
9.911618363151944
 10
42.58481554839318
 20
9.968156166882124
 10
42.59509514907176
 20
10.01698427010342
 10
42.60537474974898
 20
10.05553277264661
 10
42.60794464991931
 20
10.08637157468101
 10
42.60023494941037
 20
10.13262977773274
 10
42.58738544856259
 20
10.18916758146287
 10
42.57710584788424
 20
10.24570538519273
 10
42.55654664652843
 20
10.3099528894314
 10
42.52827774466254
 20
10.37934019400927
 10
42.49486904245919
 20
10.44101779807832
 10
42.46660014059443
 20
10.49498570163859
 10
42.43833123872946
 20
10.538674004521
 10
42.41520213720332
 20
10.57722250706419
 10
42.38693323533857
 20
10.60549140892899
 10
42.08625491550106
 20
10.2431354850234
 10
42.11709371753613
 20
10.199447182141
 10
42.14536261940111
 20
10.16346857976742
 10
42.17106162109644
 20
10.12748997739382
 10
42.18905092228283
 20
10.10179097569835
 10
42.20961012363978
 20
10.07609197400288
 10
42.2532984265215
 20
10.00927456959462
 10
42.29184692906483
 20
9.957876566203964
 10
42.31497603059096
 20
9.914188263321534
 10
42.33993111381596
 20
9.868437277408048
 10
42.29040527775237
 20
9.833769192163344
 10
42.24558872601346
 20
9.816532056878884
 10
42.20961012363978
 20
9.801112655861572
 10
42.17106162109644
 20
9.785693254844233
 10
42.12994321838391
 20
9.775413654166101
 10
42.08882481567139
 20
9.767703953657559
 10
42.04513651278853
 20
9.759994253148761
 10
42.004018110076
 20
9.757424352979427
 10
41.96546960753266
 20
9.757424352979427
 10
41.89608230295539
 20
9.759994253148761
 10
41.83697459905533
 20
9.775413654166101
 10
41.788146495835
 20
9.801112655861572
 10
41.74445819295192
 20
9.834521358065558
 10
41.71104949074856
 20
9.873069860608751
 10
41.68792038922243
 20
9.921897963830076
 10
41.67250098820431
 20
9.975865867390695
 10
41.65451168701792
 20
10.03754347145968
 10
41.65194178684851
 20
10.11207057637648
 10
41.64680198650876
 20
10.19687728197141
 10
41.46947887481087
 20
10.19687728197141
 10
41.46690897464168
 20
10.13262977773274
 10
41.45919927413252
 20
10.07609197400288
 10
41.44634977328474
 20
10.01955417027301
 10
41.4232206717586
 20
9.968156166882096
 10
41.39752167006327
 20
9.921897963830076
 10
41.34869356684271
 20
9.862790259930619
 10
41.28958586294266
 20
9.816532056878884
 10
41.22019855836538
 20
9.783123354674899
 10
41.14567145344835
 20
9.765134053487969
 10
41.05315504734472
 20
9.757424352979427
 10
40.98119784259711
 20
9.759994253148761
 10
40.91952023852764
 20
9.77798355433569
 10
40.86298243479814
 20
9.803682556031162
 10
40.81415433157644
 20
9.842231058574355
 10
40.77560582903447
 20
9.885919361456501
 10
40.74219712682998
 20
9.937317364847416
 10
40.72163792547303
 20
9.991285268407978
 10
40.70364862428664
 20
10.05296287247702
 10
40.69336902360828
 20
10.12235017705461
 10
40.69079912343886
 20
10.19687728197141
 10
40.51861581207981
 20
10.19687728197141
 10
40.51347601174007
 20
10.14033947824151
 10
40.5057663112309
 20
10.08637157468101
 10
40.49291681038425
 20
10.03240367112048
 10
40.47749740936615
 20
9.981005667729817
 10
40.45436830784114
 20
9.932177564508492
 10
40.40811010478887
 20
9.870499960439417
 10
40.36185190173774
 20
9.819101957048502
 10
40.30017429766826
 20
9.785693254844233
 10
40.2359267934296
 20
9.765134053487969
 10
40.15882978834315
 20
9.757424352979427
 10
39.96351737545797
 20
9.757424352979427
 10
39.93010867325347
 20
9.757424352979427
 10
39.85301166816703
 20
9.765134053487969
 10
39.78619426375895
 20
9.77798355433569
 10
39.7245166596897
 20
9.80882235637037
 10
39.67311865629881
 20
9.847370858913279
 10
39.62943035341687
 20
9.903908662643431
 10
39.59602165121237
 20
9.955306666034346
 10
39.57289254968737
 20
10.00927456959462
 10
39.55233334833042
 20
10.07095217366367
 10
39.54462364782148
 20
10.14033947824154
 10
39.53948384748264
 20
10.21486658315834
 10
39.37501023663254
 20
10.21486658315834
 10
39.37244033646221
 20
10.14804917875008
 10
39.35959083561442
 20
10.08637157468101
 10
39.33903163425771
 20
10.02726387078155
 10
39.31590253273271
 20
9.973295967221019
 10
39.28249383052799
 20
9.916758163491152
 10
39.23623562747684
 20
9.860220359761029
 10
39.17969782374621
 20
9.816532056878884
 10
39.11545031950868
 20
9.783123354674899
 10
39.04606301493027
 20
9.765134053487969
 10
38.96896600984383
 20
9.757424352979427
 10
38.85332050221427
 20
9.757424352979427
 10
38.783933197637
 20
9.757424352979427
 10
38.74024489475392
 20
9.759994253148761
 10
38.6965565918722
 20
9.767703953657559
 10
38.65286828899025
 20
9.775413654166101
 10
38.61174988627658
 20
9.790833055183441
 10
38.57577128390381
 20
9.80882235637037
 10
38.53979268152989
 20
9.829381557726634
 10
38.5038140791562
 20
9.855080559422106
 10
38.46783547678342
 20
9.885919361456501
 10
38.4318568744095
 20
9.916758163491152
 10
38.39587827203559
 20
9.955306666034346
 10
38.36760937017084
 20
9.983575567899151
 10
38.33163076779693
 20
10.02469397061196
 10
38.29308226525382
 20
10.07095217366367
 10
38.24939396237073
 20
10.12748997739376
 10
38.20056585915017
 20
10.19173748163249
 10
38.0977698523684
 20
9.957876566203964
 10
37.99240394541721
 20
9.721445750605823
 10
38.05408154948646
 20
9.6649079468757
 10
38.10547955287757
 20
9.610940043315167
 10
38.1543076560979
 20
9.55183233941571
 10
38.19285615864123
 20
9.497864435855461
 10
38.22883476101515
 20
9.43875673195572
 10
38.2571036628799
 20
9.377079127886617
 10
38.28537256474465
 20
9.307691823309056
 10
38.31107156644021
 20
9.233164718392259
 10
38.33420066796634
 20
9.153497813136254
 10
38.35475986932306
 20
9.066121207371736
 10
38.31107156644021
 20
9.017293104150382
 10
38.24939396237073
 20
8.971034901098676
 10
38.17486685745484
 20
8.92734659821653
 10
38.08235045135143
 20
8.883658295334129
 10
37.97698454440024
 20
8.842539892621346
 10
37.84848953592291
 20
8.801421489908818
 10
37.71485472710583
 20
8.770582687874139
 10
37.58378981845908
 20
8.747453586348285
 10
37.45015500964314
 20
8.732034185330945
 10
37.31395030065665
 20
8.729464285161611
 10
37.2137241940452
 20
8.732034185330945
 10
37.11606798760204
 20
8.744883686178667
 10
37.03126128200756
 20
8.765442887535215
 10
36.95159437675079
 20
8.791141889230686
 10
36.88220707217352
 20
8.827120491604262
 10
36.81538966776543
 20
8.878518494995205
 10
36.76142176420535
 20
8.935056298725072
 10
36.72287326166202
 20
8.999303802963737
 10
36.7023140603053
 20
9.073830907880505
 10
36.69460435979727
 20
9.153497813136254
 10
36.69717425996669
 20
9.197186116018627
 10
36.7023140603053
 20
9.246014219239981
 10
36.71516356115308
 20
9.292272422291603
 10
36.73058296217118
 20
9.346240325852249
 10
36.75114216352677
 20
9.402778129582117
 10
36.77170136488371
 20
9.446466432464518
 10
36.7896906660701
 20
9.490154735346607
 10
36.81024986742682
 20
9.531273138059475
 10
36.83080906878263
 20
9.56982164060264
 10
36.85393817030877
 20
9.610940043315196
 10
36.87449737166435
 20
9.644348745519408
 10
36.88991677268268
 20
9.664907946875672
 10
36.90276627353024
 20
9.68289724806263
 10
36.91047597403827
 20
9.69574674891038
 10
36.91047597403827
 20
9.698316649079686
 10
36.90790607386907
 20
9.708596249758102
 10
36.90019637335991
 20
9.724015650775157
 10
36.88991677268268
 20
9.734295251453573
 10
36.8796371720041
 20
9.742004951962087
 10
36.86678767115655
 20
9.749714652470629
 10
36.85136827013935
 20
9.757424352979427
 10
36.83851876929157
 20
9.759994253148761
 10
36.82309936827346
 20
9.765134053487969
 10
36.81024986742682
 20
9.767703953657559
 10
36.77170136488371
 20
9.767703953657559
 10
36.7023140603053
 20
9.672617647384527
 10
36.63806655606663
 20
9.577531341111182
 10
36.5763889519983
 20
9.490154735346635
 10
36.53013074894602
 20
9.402778129582088
 10
36.48130264572456
 20
9.317971423987188
 10
36.43761434284261
 20
9.220315217544509
 10
36.40163574046869
 20
9.127798811440754
 10
36.37336683860394
 20
9.04042220567652
 10
36.35537753741642
 20
8.960755300420544
 10
36.35280763724722
 20
8.883658295334129
 10
36.35537753741642
 20
8.827120491604262
 10
36.36565713809478
 20
8.775722488213347
 10
36.37336683860394
 20
8.729464285161611
 10
36.38878623962091
 20
8.680636181940428
 10
36.40420564063811
 20
8.634377978888267
 10
36.44018424301203
 20
8.567560574480296
 10
36.48130264572456
 20
8.508452870580555
 10
36.53013074894602
 20
8.45962476735923
 10
36.58666855267575
 20
8.410796664137876
 10
36.64577625657557
 20
8.369678261425349
 10
36.73829266267921
 20
8.325989958542947
 10
36.84365856963041
 20
8.290011356169372
 10
36.95930407725996
 20
8.264312354473901
 10
37.08522918556787
 20
8.248892953456561
 10
37.22143389455323
 20
8.246323053287227
 10
37.38590750540448
 20
8.254032753795769
 10
37.54524131591598
 20
8.274591955152033
 10
37.7071450265978
 20
8.308000657356302
 10
37.86133903677046
 20
8.351688960238419
 10
38.00782334643418
 20
8.410796664137876
 10
38.12089895389454
 20
8.464764567698409
 10
38.22626486084573
 20
8.523872271597895
 10
38.31878126694915
 20
8.585549875666941
 10
38.40358797254362
 20
8.652367280075225
 10
38.47554517729122
 20
8.721754584652813
 10
38.488394678139
 20
8.775722488213347
 10
38.49610437864817
 20
8.832260291943242
 10
38.50638397932539
 20
8.875948594825615
 10
38.51666358000375
 20
8.914497097368808
 10
38.51923348017431
 20
8.953045599912002
 10
38.53465288119014
 20
9.048131906185062
 10
38.55264218237767
 20
9.135508511949581
 10
38.5603518828857
 20
9.21260551703591
 10
38.56806158339487
 20
9.281992821613556
 10
38.56806158339487
 20
9.341100525513041
 10
38.58862078475159
 20
9.32825102466532
 10
38.60661008593798
 20
9.317971423987188
 10
38.62716928729469
 20
9.310261723478646
 10
38.64515858848108
 20
9.302552022969848
 10
38.65543818915967
 20
9.299982122800514
 10
38.68884689136303
 20
9.289702522122126
 10
38.71968569339833
 20
9.276853021274376
 10
38.75309439560283
 20
9.271713220935453
 10
38.783933197637
 20
9.266573420596245
 10
38.81734189984036
 20
9.266573420596245
 10
38.94069710797908
 20
9.266573420596245
 10
38.98952521120055
 20
9.266573420596245
 10
39.04606301493027
 20
9.274283121105042
 10
39.10517071882919
 20
9.289702522122126
 10
39.16170852255982
 20
9.31540152381757
 10
39.22338612662907
 20
9.351380126191173
 10
39.28249383052799
 20
9.395068429073575
 10
39.33903163425771
 20
9.446466432464518
 10
39.38271993714057
 20
9.497864435855433
 10
39.41612863934415
 20
9.55183233941571
 10
39.43925774087029
 20
9.605800242976243
 10
39.45724704205759
 20
9.662338046706111
 10
39.47266644307479
 20
9.603230342806625
 10
39.50093534493954
 20
9.544122638907168
 10
39.53177414697484
 20
9.492724635516225
 10
39.56775274934762
 20
9.44132663212531
 10
39.61658085256909
 20
9.395068429073575
 10
39.67311865629881
 20
9.351380126191173
 10
39.73479626036806
 20
9.31540152381757
 10
39.78876416392836
 20
9.289702522122126
 10
39.85044176799761
 20
9.271713220935453
 10
39.90954947189653
 20
9.266573420596245
 10
40.05089398122277
 20
9.266573420596245
 10
40.12799098630921
 20
9.266573420596245
 10
40.19223849054674
 20
9.274283121105042
 10
40.2564859947854
 20
9.289702522122126
 10
40.31559369868546
 20
9.310261723478646
 10
40.37213150241496
 20
9.34367042568266
 10
40.42609940597526
 20
9.384788828395443
 10
40.46464790851951
 20
9.420767430769046
 10
40.50062651089229
 20
9.464455733651163
 10
40.54174491360481
 20
9.510713936703183
 10
40.57772351597873
 20
9.56725174043305
 10
40.61370211835265
 20
9.628929344502097
 10
40.64197102021739
 20
9.56982164060264
 10
40.67537972242189
 20
9.515853737042135
 10
40.70621852445606
 20
9.464455733651163
 10
40.74219712682998
 20
9.420767430769046
 10
40.77817572920366
 20
9.384788828395443
 10
40.82700383242422
 20
9.34367042568266
 10
40.87840183581511
 20
9.310261723478646
 10
40.93236973937655
 20
9.284562721783174
 10
40.98890754310605
 20
9.271713220935453
 10
41.04801524700497
 20
9.266573420596245
 10
41.13282195260057
 20
9.274283121105042
 10
41.20477915734727
 20
9.289702522122126
 10
41.27416646192568
 20
9.310261723478646
 10
41.33841396616435
 20
9.34367042568266
 10
41.38981196955524
 20
9.384788828395443
 10
41.43093037226776
 20
9.423337330938636
 10
41.46176917430193
 20
9.467025633820782
 97
        0
 92
       23
 72
     0
 73
     1
 93
        8
 10
39.98407657681355
 20
8.788571989061068
 10
39.69367785765553
 20
9.022432904489591
 10
39.43925774087029
 20
8.788571989061068
 10
39.16684832289843
 20
9.009583403641869
 10
38.89700880509599
 20
8.762872987365597
 10
39.18226772391563
 20
8.531581972106693
 10
39.43668784070087
 20
8.762872987365597
 10
39.7090972586725
 20
8.541861572784824
 97
        0
 92
        7
 72
     0
 73
     1
 93
        4
 10
37.86904873727849
 20
10.43330809756952
 10
37.56580051727269
 20
10.71085731588044
 10
37.24199309590995
 20
10.44358769824765
 10
37.55552091659434
 20
10.16346857976742
 97
        0
 92
        7
 72
     0
 73
     1
 93
      235
 10
35.25546026485222
 20
9.544122638907197
 10
35.28629906688639
 20
9.600660442637064
 10
35.31456796875114
 20
9.657198246367187
 10
35.34283687061588
 20
9.721445750605823
 10
35.32998736976924
 20
9.862790259930619
 10
35.31199806858194
 20
9.986145468068741
 10
35.28372916671697
 20
10.09665117535914
 10
35.2349010634955
 20
10.18916758146287
 10
35.17065355925684
 20
10.26112478621007
 10
35.09355655417039
 20
10.32023249010953
 10
35.00104014806698
 20
10.36649069316155
 10
34.88796454060775
 20
10.39989939536553
 10
34.75946953213043
 20
10.41788869655221
 10
34.61041532229638
 20
10.42559839706101
 10
34.57186681975304
 20
10.38704989451781
 10
34.52817851687132
 20
10.33822179129646
 10
34.48192031381905
 20
10.28425388773593
 10
34.4382320109371
 20
10.22257628366691
 10
34.39454370805425
 20
10.15061907891967
 10
34.35856510568033
 20
10.09665117535914
 10
34.32258650330755
 20
10.04268327179889
 10
34.28917780110305
 20
9.986145468068741
 10
34.25319919872914
 20
9.937317364847416
 10
34.22236039669497
 20
9.880779561117549
 10
34.18638179432105
 20
9.837091258235233
 10
34.1581128924563
 20
9.801112655861572
 10
34.12984399059155
 20
9.775413654166101
 10
34.10157508872681
 20
9.759994253148761
 10
34.07587608703125
 20
9.757424352979427
 10
33.70581046261623
 20
9.757424352979427
 10
33.63385325786976
 20
9.775413654166101
 10
33.58245525447865
 20
9.79597285552262
 10
33.53362715125718
 20
9.829381557726634
 10
33.49764854888326
 20
9.873069860608751
 10
33.47451944735713
 20
9.921897963830048
 10
33.44882044566157
 20
9.981005667729817
 10
33.43854084498435
 20
10.0452531719682
 10
33.42826124430599
 20
10.11978027688505
 10
33.42569134413657
 20
10.199447182141
 10
33.24836823243777
 20
10.199447182141
 10
33.24322843209802
 20
10.14033947824154
 10
33.23294883142057
 20
10.08637157468101
 10
33.21752943040247
 20
10.03240367112048
 10
33.19697022904666
 20
9.975865867390609
 10
33.16870132718191
 20
9.924467863999694
 10
33.11987322396044
 20
9.862790259930619
 10
33.06333542023072
 20
9.816532056878884
 10
33.00422771633066
 20
9.783123354674899
 10
32.92713071124445
 20
9.759994253148761
 10
32.84746380598858
 20
9.752284552640219
 10
32.77807650141131
 20
9.759994253148761
 10
32.72153869768067
 20
9.775413654166101
 10
32.67271059445898
 20
9.79597285552262
 10
32.63416209191701
 20
9.829381557726634
 10
32.60075338971228
 20
9.873069860608751
 10
32.5801941883567
 20
9.916758163491152
 10
32.56991458767834
 20
9.973295967221048
 10
32.55706508683056
 20
10.03497357129009
 10
32.54935538632139
 20
10.11207057637648
 10
32.54935538632139
 20
10.19687728197141
 10
32.3720322746226
 20
10.19687728197141
 10
32.36689247428376
 20
10.13776957807195
 10
32.35918277377482
 20
10.07866187417249
 10
32.34376337275762
 20
10.02469397061207
 10
32.32834397174065
 20
9.973295967221019
 10
32.3026449700451
 20
9.924467863999694
 10
32.25895666716338
 20
9.862790259930619
 10
32.20755866377249
 20
9.816532056878884
 10
32.14588105970302
 20
9.783123354674899
 10
32.07906365529516
 20
9.765134053487969
 10
31.9993967500393
 20
9.757424352979427
 10
31.93000944546088
 20
9.759994253148761
 10
31.87347164173139
 20
9.775413654166101
 10
31.8220736383405
 20
9.801112655861572
 10
31.78095523562797
 20
9.834521358065558
 10
31.7501164335938
 20
9.878209660947959
 10
31.72955723223686
 20
9.924467863999666
 10
31.70899803088014
 20
9.981005667729817
 10
31.69614853003236
 20
10.04268327179889
 10
31.69357862986317
 20
10.1146404765461
 10
31.68843882952433
 20
10.19687728197141
 10
31.51111571782553
 20
10.19687728197141
 10
31.50854581765611
 20
10.13262977773274
 10
31.49569631680833
 20
10.07609197400293
 10
31.48027691579023
 20
10.01698427010342
 10
31.45457791409581
 20
9.965586266712477
 10
31.42373911206073
 20
9.911618363151916
 10
31.38005080917878
 20
9.855080559422106
 10
31.32608290561848
 20
9.811392256539704
 10
31.26954510188785
 20
9.783123354674899
 10
31.21043739798893
 20
9.765134053487969
 10
31.14105009341051
 20
9.757424352979427
 10
30.92811550793454
 20
9.757424352979427
 10
30.86350087510027
 20
9.77798355433569
 10
30.81724267204891
 20
9.803682556031162
 10
30.77612426933547
 20
9.844800958743974
 10
30.74271556713188
 20
9.891059161795681
 10
30.71958646560574
 20
9.947596965525548
 10
30.70416706458877
 20
10.01184446976421
 10
30.691317563741
 20
10.09408127518978
 10
30.68617776340125
 20
10.18402778112369
 10
30.68360786323183
 20
10.29196358824473
 10
30.68360786323183
 20
10.55409340553805
 10
30.68360786323183
 20
10.81622322283164
 10
30.67846806289322
 20
10.96784733283508
 10
30.67589816272289
 20
11.09891224148137
 10
30.67075836238428
 20
11.2094179487722
 10
30.66304866187625
 20
11.29936445470599
 10
30.65533896136708
 20
11.37389155962282
 10
30.6424894605193
 20
11.43556916369186
 10
30.63220985984094
 20
11.49467686759163
 10
30.61165065848536
 20
11.54607487098227
 10
30.59109145712842
 20
11.59233307403428
 10
30.56282255526367
 20
11.6360213769164
 10
30.20046663135782
 20
11.2942246543671
 10
30.23644523373173
 20
11.21712764928068
 10
30.26471413559648
 20
11.142600544364
 10
30.29041313729204
 20
11.07835304012528
 10
30.30840243847843
 20
11.01410553588656
 10
30.32125193932598
 20
10.95242793181756
 10
30.33410144017376
 20
10.87276102656176
 10
30.34695094102153
 20
10.77767472028847
 10
30.3546606415307
 20
10.66716901299807
 10
30.35723054169989
 20
10.53867400452094
 10
30.35723054169989
 20
10.39989939536551
 10
30.3623703420385
 20
10.24056558485392
 10
30.36494024220792
 20
10.09408127518961
 10
30.37008004254767
 20
9.968156166882124
 10
30.37778974305684
 20
9.860220359760972
 10
30.39063924390348
 20
9.767703953657587
 10
30.4111984452602
 20
9.670047747214823
 10
30.43689744695575
 20
9.580101241280772
 10
30.47030614916025
 20
9.508144036533565
 10
30.51142455187278
 20
9.44132663212531
 10
30.5551128547545
 20
9.389928628734367
 10
30.61422055865455
 20
9.346240325852249
 10
30.68360786323183
 20
9.31540152381757
 10
30.76070486831827
 20
9.289702522122126
 10
30.84808147408307
 20
9.271713220935453
 10
30.94830758069566
 20
9.266573420596245
 10
31.06909288866382
 20
9.266573420596245
 10
31.10507149103773
 20
9.266573420596245
 10
31.17702869578443
 20
9.274283121105042
 10
31.25155580070146
 20
9.289702522122126
 10
31.31580330494012
 20
9.31540152381757
 10
31.36977120850043
 20
9.346240325852249
 10
31.42630901222992
 20
9.387358728565061
 10
31.45971771443465
 20
9.423337330938636
 10
31.49055651646972
 20
9.461885833481858
 10
31.51882541833447
 20
9.508144036533536
 10
31.54709432019945
 20
9.556972139754918
 10
31.57279332189478
 20
9.610940043315167
 10
31.59078262308117
 20
9.559542039924536
 10
31.61134182443812
 20
9.510713936703183
 10
31.63704082613345
 20
9.467025633820782
 10
31.66530972799819
 20
9.428477131277588
 10
31.69614853003236
 20
9.389928628734367
 10
31.74497663325406
 20
9.346240325852249
 10
31.80151443698355
 20
9.31540152381757
 10
31.85805224071419
 20
9.289702522122126
 10
31.9171599446131
 20
9.274283121105042
 10
31.98140744885177
 20
9.271713220935453
 10
32.0533646535996
 20
9.274283121105042
 10
32.11761215783827
 20
9.292272422291716
 10
32.18185966207693
 20
9.317971423987188
 10
32.23582756563724
 20
9.353950026360791
 10
32.28722556902813
 20
9.397638329243193
 10
32.31549447089288
 20
9.436186831786386
 10
32.34376337275762
 20
9.474735334329295
 10
32.36689247428376
 20
9.518423637211668
 10
32.39516137614874
 20
9.56982164060264
 10
32.42343027801349
 20
9.628929344502097
 10
32.44141957920101
 20
9.569821640602555
 10
32.4594088803874
 20
9.518423637211697
 10
32.48510788208273
 20
9.472165434159961
 10
32.50823698360887
 20
9.428477131277617
 10
32.53393598530442
 20
9.389928628734367
 10
32.57762428818614
 20
9.346240325852249
 10
32.62902229157726
 20
9.31540152381757
 10
32.69069989564651
 20
9.289702522122126
 10
32.75494739988517
 20
9.271713220935453
 10
32.82690460463186
 20
9.266573420596245
 10
32.90400160971831
 20
9.274283121105042
 10
32.97852871463533
 20
9.292272422291716
 10
33.04791601921375
 20
9.317971423987188
 10
33.10702372311266
 20
9.353950026360791
 10
33.16870132718191
 20
9.402778129582117
 10
33.21238963006385
 20
9.449036332634108
 10
33.25350803277638
 20
9.500434336024767
 10
33.28177693464227
 20
9.556972139754918
 10
33.30490603616727
 20
9.613509943484757
 10
33.32032543718424
 20
9.672617647384498
 10
33.33574483820257
 20
9.610940043315196
 10
33.35630403955816
 20
9.55183233941571
 10
33.38971274176265
 20
9.500434336024596
 10
33.42569134413657
 20
9.446466432464518
 10
33.46937964701851
 20
9.397638329243193
 10
33.52591745074801
 20
9.351380126191173
 10
33.58245525447865
 20
9.31540152381757
 10
33.64156295837756
 20
9.289702522122126
 10
33.70581046261623
 20
9.271713220935453
 10
33.7700579668549
 20
9.266573420596245
 10
33.93967137804475
 20
9.266573420596245
 10
34.02447808364036
 20
9.266573420596245
 10
34.06045668601428
 20
9.271713220935453
 10
34.09643528838706
 20
9.276853021274376
 10
34.12984399059155
 20
9.289702522122126
 10
34.16068279262572
 20
9.307691823309028
 10
34.19409149483022
 20
9.325681124495986
 10
34.22493029686439
 20
9.351380126191173
 10
34.25319919872914
 20
9.384788828395443
 10
34.28660790093363
 20
9.415627630429838
 10
34.31487680279838
 20
9.456746033142593
 10
34.34314570466313
 20
9.500434336024767
 10
34.37912430703705
 20
9.467025633820782
 10
34.41510290941096
 20
9.438756731955692
 10
34.44594171144513
 20
9.413057730260248
 10
34.47935041364963
 20
9.389928628734367
 10
34.50761931551438
 20
9.369369427378103
 10
34.54616781805771
 20
9.341100525513041
 10
34.58728622077024
 20
9.31540152381757
 10
34.63097452365309
 20
9.294842322461306
 10
34.67209292636562
 20
9.274283121105042
 10
34.71578122924757
 20
9.258863720087731
 10
34.76717923263846
 20
9.240874418900773
 10
34.82371703636796
 20
9.230594818222641
 10
34.87768493992826
 20
9.220315217544509
 10
34.93422274365889
 20
9.212605517035996
 10
34.9881906472192
 20
9.212605517035996
 10
35.02673914976231
 20
9.240874418900773
 10
35.06528765230565
 20
9.276853021274376
 10
35.10640605501817
 20
9.320541324156778
 10
35.14495455756128
 20
9.371939327547664
 10
35.18607296027381
 20
9.431047031447207
 10
35.22205156264772
 20
9.485014935007711
 97
        0
 92
       22
 72
     0
 73
     1
 93
       39
 10
34.50247951517577
 20
9.844800958743974
 10
34.5101892156838
 20
9.865360160100209
 10
34.51789891619274
 20
9.891059161795681
 10
34.53074841704051
 20
9.914188263321534
 10
34.54616781805771
 20
9.939887265017119
 10
34.55901731890526
 20
9.960446466373298
 10
34.57957652026221
 20
9.983575567899151
 10
34.60013572161779
 20
10.00670466942534
 10
34.61555512263499
 20
10.02469397061196
 10
34.63611432399171
 20
10.03754347145968
 10
34.65667352534865
 20
10.05296287247702
 10
34.72863073009512
 20
10.03497357129009
 10
34.78773843399518
 20
10.01698427010342
 10
34.8442762377249
 20
9.991285268407949
 10
34.89567424111579
 20
9.960446466373298
 10
34.93679264382831
 20
9.929607664338902
 10
34.97791104654084
 20
9.885919361456501
 10
35.00874984857592
 20
9.834521358065558
 10
35.03444885027148
 20
9.775413654166101
 10
35.04472845094984
 20
9.708596249758073
 10
35.04986825128844
 20
9.639208945180229
 10
35.04986825128844
 20
9.636639045010639
 10
35.04986825128844
 20
9.628929344502097
 10
35.04986825128844
 20
9.621219643993583
 10
35.04986825128844
 20
9.613509943484757
 10
35.04986825128844
 20
9.605800242976243
 10
35.04986825128844
 20
9.600660442637035
 10
35.04472845094984
 20
9.58524104161998
 10
35.04472845094984
 20
9.577531341111182
 10
35.04472845094984
 20
9.56982164060264
 10
34.97020134603281
 20
9.587810941789314
 10
34.89567424111556
 20
9.610940043315196
 10
34.8288568367077
 20
9.631499244671715
 10
34.76717923263846
 20
9.657198246367158
 10
34.71321132907815
 20
9.68289724806263
 10
34.65924342551784
 20
9.713736050096997
 10
34.61041532229638
 20
9.742004951962087
 10
34.56672701941329
 20
9.775413654166101
 10
34.53074841704051
 20
9.811392256539704
 97
        0
 92
       23
 72
     0
 73
     1
 93
        4
 10
33.42569134413657
 20
10.76739511961031
 10
33.17898092786027
 20
10.99354633453032
 10
32.92713071124445
 20
10.77767472028844
 10
33.16870132718191
 20
10.55666330570767
 97
        0
 92
       23
 72
     0
 73
     1
 93
        4
 10
32.62645239140784
 20
10.99611623469991
 10
32.37717207496235
 20
10.78024462045806
 10
32.61360289056006
 20
10.56180310604685
 10
32.87573270785333
 20
10.76996501977993
 97
        0
 92
       23
 72
     0
 73
     1
 93
        4
 10
32.91171131022725
 20
11.40216046148788
 10
32.66243099378176
 20
11.18628884724603
 10
32.89886180937947
 20
10.96784733283485
 10
33.15585182633413
 20
11.17857914673749
 97
        0
 92
        7
 72
     0
 73
     1
 93
       70
 10
29.79185250439968
 20
9.680327347893069
 10
29.76358360253494
 20
9.834521358065529
 10
29.72246519982241
 20
9.968156166882096
 10
29.66335749592236
 20
10.08894147485063
 10
29.58626049083591
 20
10.19173748163249
 10
29.51430328608921
 20
10.26112478621007
 10
29.437206281003
 20
10.31252278960102
 10
29.35753937574714
 20
10.3536411923138
 10
29.27273267015176
 20
10.37420039367006
 10
29.18021626404834
 20
10.38191009417861
 10
29.13909786133582
 20
10.36392079299193
 10
29.10054935879248
 20
10.33822179129646
 10
29.06200085624937
 20
10.3099528894314
 10
29.0311620542152
 20
10.279114087397
 10
28.99518345184129
 20
10.24313548502334
 10
28.94635534861982
 20
10.19173748163249
 10
28.90266704573787
 20
10.13262977773274
 10
28.86154864302535
 20
10.07095217366375
 10
28.82300014048224
 20
10.00927456959459
 10
28.78959143827751
 20
9.939887265017034
 10
28.75875263624357
 20
9.847370858913308
 10
28.73048373437768
 20
9.749714652470601
 10
28.71249443319129
 20
9.652058446027979
 10
28.70221483251271
 20
9.544122638907225
 10
28.6970750321741
 20
9.436186831786386
 10
28.78959143827751
 20
9.371939327547721
 10
28.88981754489009
 20
9.325681124495986
 10
28.9977533520107
 20
9.289702522122126
 10
29.11853865997887
 20
9.271713220935453
 10
29.24446376828701
 20
9.264003520426655
 10
29.31128117269486
 20
9.266573420596245
 10
29.38580827761189
 20
9.271713220935453
 10
29.45262568201997
 20
9.281992821613584
 10
29.52201298659839
 20
9.299982122800514
 10
29.58626049083591
 20
9.317971423987188
 10
29.51687318625864
 20
9.207465716696816
 10
29.43977618117219
 20
9.104669709914929
 10
29.36010927591656
 20
9.009583403641869
 10
29.27273267015176
 20
8.922206797877322
 10
29.18021626404834
 20
8.845109792790935
 10
29.06200085624937
 20
8.762872987365597
 10
28.93093594760262
 20
8.680636181940286
 10
28.78188173776857
 20
8.603539176853871
 10
28.61997802708766
 20
8.531581972106693
 10
28.44522481555805
 20
8.462194667528819
 10
28.50947231979785
 20
8.426216065155216
 10
28.58142952454455
 20
8.390237462781584
 10
28.65595662946157
 20
8.356828760577627
 10
28.74076333505604
 20
8.325989958542947
 10
28.83327974115946
 20
8.300290956847504
 10
28.91808644675484
 20
8.279731755491241
 10
28.9977533520107
 20
8.264312354473901
 10
29.07228045692773
 20
8.248892953456561
 10
29.13909786133604
 20
8.246323053287227
 10
29.20334536557448
 20
8.243753153117637
 10
29.2804423706607
 20
8.323420058373386
 10
29.3498296752382
 20
8.403086963629419
 10
29.40893737913802
 20
8.477614068546188
 10
29.46033538252937
 20
8.549571273293736
 10
29.5091634857497
 20
8.618958577871637
 10
29.56570128948033
 20
8.698625483126932
 10
29.6145293927018
 20
8.78343218872186
 10
29.65307789524513
 20
8.868238894316789
 10
29.68905649761791
 20
8.955615500081336
 10
29.72246519982241
 20
9.040422205676492
 10
29.75073410168716
 20
9.127798811440783
 10
29.77129330304388
 20
9.220315217544481
 10
29.78671270406108
 20
9.31540152381757
 10
29.7944224045691
 20
9.413057730260277
 10
29.79956220490885
 20
9.510713936703155
 97
        0
 92
       22
 72
     0
 73
     1
 93
       40
 10
29.20334536557448
 20
9.662338046706111
 10
29.15451726235279
 20
9.670047747214908
 10
29.11082895947084
 20
9.68032734789304
 10
29.07228045692773
 20
9.690606948571172
 10
29.03373195438462
 20
9.706026349588512
 10
29.00289315235045
 20
9.721445750605823
 10
28.97976405082431
 20
9.739435051792497
 10
28.96177474963679
 20
9.752284552640219
 10
28.95149514895957
 20
9.770273853827177
 10
28.95920484946737
 20
9.801112655861572
 10
28.96948445014596
 20
9.834521358065558
 10
28.99004365150154
 20
9.862790259930648
 10
29.00803295268906
 20
9.891059161795709
 10
29.0311620542152
 20
9.921897963830048
 10
29.05429115574134
 20
9.950166865695166
 10
29.0799901574369
 20
9.968156166882096
 10
29.1031192589619
 20
9.986145468068741
 10
29.12367846031862
 20
9.993855168577567
 10
29.13909786133582
 20
9.998994968916491
 10
29.17250656354031
 20
9.993855168577567
 10
29.20334536557448
 20
9.986145468068741
 10
29.23675406777898
 20
9.973295967221019
 10
29.27273267015176
 20
9.955306666034346
 10
29.30871127252567
 20
9.929607664338931
 10
29.35753937574714
 20
9.891059161795681
 10
29.39608787829047
 20
9.84737085891308
 10
29.437206281003
 20
9.801112655861572
 10
29.47318488337669
 20
9.749714652470601
 10
29.50659358558027
 20
9.690606948571172
 10
29.48603438422447
 20
9.68289724806263
 10
29.46547518286775
 20
9.675187547553832
 10
29.45005578185055
 20
9.672617647384498
 10
29.42949658049383
 20
9.6649079468757
 10
29.41407717947686
 20
9.662338046706111
 10
29.39351797812106
 20
9.657198246367158
 10
29.37295877676433
 20
9.657198246367158
 10
29.3498296752382
 20
9.654628346197569
 10
29.32413067354264
 20
9.654628346197569
 10
29.3010015720165
 20
9.654628346197569
 10
29.25217346879595
 20
9.657198246367158
 97
        0
 92
        7
 72
     0
 73
     1
 93
       52
 10
28.29103080538653
 20
9.256293819918084
 10
28.29874050589433
 20
9.346240325852221
 10
28.29617060572514
 20
9.415627630429838
 10
28.27818130453875
 20
9.492724635516452
 10
28.26019200335122
 20
9.574961440941564
 10
28.22678330114786
 20
9.662338046706082
 10
28.1856648984342
 20
9.75228455264019
 10
28.13940669538306
 20
9.842231058574355
 10
28.08543879182276
 20
9.921897963830076
 10
28.03661068860106
 20
9.991285268407978
 10
27.98521268521017
 20
10.05296287247702
 10
27.92867488148067
 20
10.10179097569835
 10
27.79760997283279
 20
9.862790259930562
 10
27.65883536367824
 20
9.626359444332507
 10
27.70766346689971
 20
9.592950742128493
 10
27.7564915701214
 20
9.559542039924508
 10
27.80017987300335
 20
9.523563437550905
 10
27.84386817588507
 20
9.48244503483815
 10
27.88498657859759
 20
9.438756731955692
 10
27.92096518097151
 20
9.395068429073603
 10
27.95694378334542
 20
9.353950026360791
 10
27.98264278504075
 20
9.310261723478561
 10
28.00577188656689
 20
9.271713220935453
 10
28.02119128758409
 20
9.233164718392259
 10
27.98521268521017
 20
9.156067713305844
 10
27.92867488148067
 20
9.076400808050124
 10
27.85414777656342
 20
8.991594102454939
 10
27.75135176978165
 20
8.909357297029629
 10
27.63056646181349
 20
8.81684089092613
 10
27.51492095418371
 20
8.739743885839715
 10
27.39413564621532
 20
8.67035658126187
 10
27.27078043807683
 20
8.600969276684253
 10
27.13714562926089
 20
8.534151872276027
 10
27.00094092027439
 20
8.472474268206951
 10
27.04462922315634
 20
8.436495665833348
 10
27.10116702688697
 20
8.400517063459744
 10
27.17055433146425
 20
8.364538461086169
 10
27.25022123672011
 20
8.331129758882156
 10
27.33759784248491
 20
8.297721056677886
 10
27.42754434841891
 20
8.269452154813109
 10
27.50207145333616
 20
8.243753153117637
 10
27.57145875791343
 20
8.228333752100297
 10
27.6357062621521
 20
8.218054151422165
 10
27.68710426554298
 20
8.212914351082957
 10
27.77191097113837
 20
8.297721056677886
 10
27.85414777656342
 20
8.392807362951231
 10
27.93381468181929
 20
8.505882970411192
 10
28.01348158707492
 20
8.629238178549286
 10
28.0931484923317
 20
8.770582687874309
 10
28.170245497417
 20
8.909357297029629
 10
28.22678330114786
 20
9.035282405337284
 10
28.26790170386039
 20
9.153497813136283
 97
        0
 92
        7
 72
     0
 73
     1
 93
        4
 10
26.19142236686844
 20
11.13232094368578
 10
25.89074404703183
 20
11.40987016199642
 10
25.56950652583851
 20
11.1400306441943
 10
25.87789454618314
 20
10.85734162554445
 97
        0
 92
        7
 72
     0
 73
     1
 93
      165
 10
26.15544376449452
 20
10.15061907891964
 10
26.14516416381616
 20
10.20972678281913
 10
26.12460496246035
 20
10.26883448671862
 10
26.10404576110364
 20
10.3279421906183
 10
26.07577685923889
 20
10.38704989451779
 10
26.04750795737391
 20
10.44358769824774
 10
26.01666915533883
 20
10.50012550197783
 10
25.9781206527955
 20
10.55152350536872
 10
25.93957215025239
 20
10.60292150875938
 10
25.63632393024659
 20
10.22514618383647
 10
25.66459283211134
 20
10.18916758146284
 10
25.69286173397609
 20
10.15832877942822
 10
25.71342093533303
 20
10.13005987756335
 10
25.73398013668975
 20
10.10436087586794
 10
25.74939953770672
 20
10.08123177434206
 10
25.79051794041925
 20
10.02469397061193
 10
25.82135674245342
 20
9.975865867390609
 10
25.84191594381036
 20
9.932177564508492
 10
25.85476544465791
 20
9.898768862304251
 10
25.85990524499675
 20
9.873069860608751
 10
25.85476544465791
 20
9.847370858913279
 10
25.83934604364094
 20
9.826811657557016
 10
25.81107714177619
 20
9.80882235637037
 10
25.77509853940228
 20
9.79340295535303
 10
25.72884033635001
 20
9.77798355433569
 10
25.68515203346806
 20
9.770273853827177
 10
25.63375403007717
 20
9.765134053487969
 10
25.57207642600793
 20
9.759994253148761
 10
25.50525902159984
 20
9.757424352979427
 10
25.43330181685224
 20
9.757424352979427
 10
25.24312920430657
 20
9.757424352979427
 10
25.16603219922013
 20
9.765134053487969
 10
25.09921479481113
 20
9.77798355433569
 10
25.0375371907428
 20
9.80882235637037
 10
24.98613918735191
 20
9.847370858913279
 10
24.94245088446906
 20
9.903908662643431
 10
24.90904218226547
 20
9.955306666034346
 10
24.88591308073933
 20
10.00927456959462
 10
24.86535387938261
 20
10.07095217366367
 10
24.85764417887458
 20
10.14033947824151
 10
24.85250437853597
 20
10.21486658315834
 10
24.68803076768472
 20
10.21486658315834
 10
24.6854608675153
 20
10.14804917875008
 10
24.67261136666775
 20
10.08637157468101
 10
24.65205216531081
 20
10.02726387078155
 10
24.62892306378467
 20
9.973295967221048
 10
24.59551436158131
 20
9.916758163491124
 10
24.54925615852904
 20
9.860220359761029
 10
24.49271835479931
 20
9.816532056878884
 10
24.42847085056064
 20
9.783123354674899
 10
24.35908354598337
 20
9.765134053487969
 10
24.28198654089693
 20
9.757424352979427
 10
24.16634103326624
 20
9.757424352979427
 10
24.14578183191065
 20
9.757424352979427
 10
24.05840522614585
 20
9.765134053487969
 10
23.97359852055138
 20
9.783123354674899
 10
23.89650151546494
 20
9.811392256539704
 10
23.8168346102093
 20
9.855080559422106
 10
23.74487740546147
 20
9.91161836315203
 10
23.7114687032581
 20
9.939887265017034
 10
23.67035030054444
 20
9.981005667729817
 10
23.61895229715356
 20
10.0324036711205
 10
23.55470479291603
 20
10.09408127518975
 10
23.4827475881682
 20
10.16603847993701
 10
23.34911277935225
 20
9.929607664339073
 10
23.21804787070551
 20
9.688037048401554
 10
23.27715557460442
 20
9.644348745519465
 10
23.33369337833415
 20
9.600660442637007
 10
23.38509138172503
 20
9.556972139754606
 10
23.43905928528534
 20
9.510713936703183
 10
23.4827475881682
 20
9.464455733651163
 10
23.51872619054211
 20
9.420767430769103
 10
23.55213489274547
 20
9.379649028056263
 10
23.57783389444103
 20
9.34367042568266
 10
23.59839309579775
 20
9.307691823309113
 10
23.61638239698414
 20
9.271713220935453
 10
23.58811349511939
 20
9.215175417205358
 10
23.55213489274547
 20
9.156067713305844
 10
23.50587668969433
 20
9.102099809745624
 10
23.4493388859637
 20
9.042992105845854
 10
23.38252148155561
 20
8.981314501776807
 10
23.31313417697788
 20
8.92734659821653
 10
23.24117697223073
 20
8.870808794486407
 10
23.1615100669751
 20
8.819410791095577
 10
23.07670336137949
 20
8.765442887535243
 10
22.98418695527744
 20
8.7140448841443
 10
22.90452005002021
 20
8.670356581261842
 10
22.82228324459516
 20
8.626668278379753
 10
22.74004643916896
 20
8.582979975497323
 10
22.6500999332361
 20
8.541861572784824
 10
22.55758352713156
 20
8.505882970411221
 10
22.6192611312008
 20
8.464764567698409
 10
22.68350863543947
 20
8.428785965324834
 10
22.75803574035649
 20
8.392807362951231
 10
22.84284244595097
 20
8.356828760577599
 10
22.9327889518861
 20
8.323420058373386
 10
23.00731605680221
 20
8.297721056677886
 10
23.07670336137949
 20
8.279731755491241
 10
23.13324116511012
 20
8.264312354473901
 10
23.18206926833182
 20
8.256602653965359
 10
23.21804787070551
 20
8.254032753795769
 10
23.31313417697834
 20
8.338839459390669
 10
23.39794088257281
 20
8.421076264816036
 10
23.47760778783004
 20
8.513592670920417
 10
23.55470479291603
 20
8.603539176853871
 10
23.61895229715356
 20
8.703765283466083
 10
23.69090950190139
 20
8.8245505914347
 10
23.75515700614005
 20
8.947905799572794
 10
23.80912490970013
 20
9.081540608389076
 10
23.85281321258208
 20
9.21517541720533
 10
23.88365201461738
 20
9.359089826699971
 10
23.90935101631271
 20
9.341100525513041
 10
23.93248011783772
 20
9.325681124495986
 10
23.9607490197036
 20
9.310261723478646
 10
23.98387812122883
 20
9.302552022969848
 10
24.00957712292416
 20
9.292272422291716
 10
24.03784602479004
 20
9.281992821613584
 10
24.06611492665479
 20
9.274283121105042
 10
24.09438382851977
 20
9.271713220935453
 10
24.12265273038452
 20
9.266573420596245
 10
24.15349153241959
 20
9.266573420596245
 10
24.27170694021857
 20
9.266573420596245
 10
24.30254574225273
 20
9.266573420596245
 10
24.35908354598337
 20
9.274283121105042
 10
24.41819124988228
 20
9.289702522122126
 10
24.47472905361201
 20
9.31540152381757
 10
24.53640665768126
 20
9.351380126191173
 10
24.59551436158131
 20
9.395068429073575
 10
24.65205216531081
 20
9.446466432464546
 10
24.69574046819389
 20
9.497864435855433
 10
24.72914917039725
 20
9.55183233941571
 10
24.75227827192339
 20
9.605800242976215
 10
24.77026757310978
 20
9.662338046706111
 10
24.78568697412675
 20
9.603230342806654
 10
24.81395587599172
 20
9.544122638907197
 10
24.8447946780268
 20
9.49272463551631
 10
24.88077328040072
 20
9.44132663212531
 10
24.92960138362241
 20
9.395068429073575
 10
24.98613918735191
 20
9.351380126191173
 10
25.04781679142025
 20
9.31540152381757
 10
25.10178469498146
 20
9.289702522122126
 10
25.16346229905094
 20
9.271713220935453
 10
25.22257000294985
 20
9.266573420596245
 10
25.35620481176579
 20
9.266573420596245
 10
25.43587171702143
 20
9.271713220935453
 10
25.51296872210787
 20
9.281992821613584
 10
25.58492592685571
 20
9.294842322461306
 10
25.65688313160331
 20
9.31540152381757
 10
25.72627043618059
 20
9.341100525513041
 10
25.78537814008064
 20
9.369369427378103
 10
25.83934604364094
 20
9.402778129582117
 10
25.89074404703183
 20
9.43875673195572
 10
25.93443234991378
 20
9.474735334329295
 10
25.97555075262631
 20
9.518423637211697
 10
25.99610995398303
 20
9.544122638907168
 10
26.01666915533883
 20
9.577531341111154
 10
26.03979825686497
 20
9.621219643993583
 10
26.06035745822169
 20
9.672617647384527
 10
26.0809166595775
 20
9.731725351283927
 10
26.10404576110364
 20
9.793402955353059
 10
26.12460496246035
 20
9.855080559422077
 10
26.14002436347755
 20
9.914188263321506
 10
26.1528738643251
 20
9.975865867390552
 10
26.16315346500255
 20
10.03497357129006
 10
26.16058356483313
 20
10.09408127518975
 97
        0
 92
       23
 72
     0
 73
     1
 93
        8
 10
25.00669838870863
 20
9.022432904489591
 10
24.75227827192339
 20
8.788571989061068
 10
24.47986885395176
 20
9.009583403641869
 10
24.21002933614932
 20
8.762872987365597
 10
24.49528825496873
 20
8.531581972106693
 10
24.74970837175397
 20
8.762872987365597
 10
25.02211778972469
 20
8.541861572784824
 10
25.29709710786688
 20
8.788571989061068
 97
        0
 92
        7
 72
     0
 73
     1
 93
       70
 10
22.28774400933025
 20
9.680327347893069
 10
22.25947510746528
 20
9.834521358065501
 10
22.22092660492103
 20
9.968156166882096
 10
22.15924900085292
 20
10.08894147485063
 10
22.08472189593567
 20
10.19173748163249
 10
22.01019479101865
 20
10.26112478621007
 10
21.93566768610162
 20
10.31252278960102
 10
21.85343088067657
 20
10.3536411923138
 10
21.7686241750821
 20
10.37420039367006
 10
21.67610776897754
 20
10.38191009417861
 10
21.63755926643557
 20
10.36392079299193
 10
21.59644086372191
 20
10.33822179129646
 10
21.56046226134913
 20
10.3099528894314
 10
21.52962345931383
 20
10.279114087397
 10
21.49364485694014
 20
10.24313548502331
 10
21.44481675371958
 20
10.19173748163251
 10
21.40112845083649
 20
10.13262977773274
 10
21.36001004812397
 20
10.07095217366367
 10
21.31889164541144
 20
10.00927456959462
 10
21.2880528433775
 20
9.939887265017034
 10
21.25464414117278
 20
9.847370858913365
 10
21.22637523930803
 20
9.749714652470601
 10
21.21095583829106
 20
9.652058446028007
 10
21.19810633744328
 20
9.544122638907168
 10
21.19553643727386
 20
9.436186831786386
 10
21.2880528433775
 20
9.371939327547721
 10
21.38827894998895
 20
9.325681124495986
 10
21.49621475711047
 20
9.289702522122126
 10
21.61700006507863
 20
9.271713220935453
 10
21.74292517338677
 20
9.264003520426655
 10
21.80974257779462
 20
9.266573420596245
 10
21.88169978254132
 20
9.271713220935453
 10
21.95108708711973
 20
9.281992821613584
 10
22.01790449152781
 20
9.299982122800514
 10
22.08472189593567
 20
9.317971423987188
 10
22.01533459135839
 20
9.207465716696844
 10
21.93823758627195
 20
9.104669709914873
 10
21.85857068101632
 20
9.00958340364184
 10
21.7686241750821
 20
8.922206797877322
 10
21.67610776897754
 20
8.845109792790935
 10
21.56046226134913
 20
8.762872987365568
 10
21.42682745253205
 20
8.680636181940286
 10
21.28034314286833
 20
8.603539176853871
 10
21.11843943218764
 20
8.531581972106693
 10
20.94111632048862
 20
8.462194667528819
 10
21.00536382472729
 20
8.426216065155216
 10
21.07732102947398
 20
8.390237462781612
 10
21.15441803456042
 20
8.356828760577627
 10
21.2392247401558
 20
8.325989958542947
 10
21.33174114625922
 20
8.300290956847504
 10
21.4165478518537
 20
8.279731755491241
 10
21.49621475711047
 20
8.264312354473901
 10
21.56817196185716
 20
8.248892953456561
 10
21.6375592664358
 20
8.246323053287227
 10
21.7018067706731
 20
8.243753153117637
 10
21.77890377575955
 20
8.323420058373415
 10
21.84572118016831
 20
8.403086963629192
 10
21.90739878423688
 20
8.477614068546131
 10
21.95879678762754
 20
8.54957127329331
 10
22.00762489084945
 20
8.6189585778705
 10
22.06416269457895
 20
8.698625483126903
 10
22.11042089763123
 20
8.783432188722031
 10
22.15153930034376
 20
8.868238894316874
 10
22.18751790271767
 20
8.955615500081336
 10
22.22092660492103
 20
9.040422205676577
 10
22.24919550678692
 20
9.127798811440811
 10
22.26718480797331
 20
9.220315217544737
 10
22.28517410916083
 20
9.31540152381757
 10
22.29288380966886
 20
9.413057730260163
 10
22.29545370983806
 20
9.510713936703155
 97
        0
 92
       22
 72
     0
 73
     1
 93
       40
 10
21.56817196185716
 20
9.690606948571172
 10
21.53219335948438
 20
9.706026349588512
 10
21.50135455744908
 20
9.721445750605823
 10
21.47565555575375
 20
9.739435051792497
 10
21.46023615473655
 20
9.752284552640219
 10
21.44738665388877
 20
9.770273853827177
 10
21.45509635439794
 20
9.801112655861572
 10
21.46794585524458
 20
9.834521358065558
 10
21.4885050566013
 20
9.862790259930619
 10
21.5039244576185
 20
9.891059161795681
 10
21.5296234593136
 20
9.921897963829934
 10
21.55275256083996
 20
9.950166865695166
 10
21.5758816623661
 20
9.968156166882096
 10
21.60158066406166
 20
9.986145468068741
 10
21.62213986541747
 20
9.993855168577567
 10
21.63755926643557
 20
9.998994968916491
 10
21.66839806846974
 20
9.993855168577567
 10
21.7018067706731
 20
9.986145468068741
 10
21.73264557270841
 20
9.973295967221019
 10
21.7686241750821
 20
9.955306666034346
 10
21.80717267762543
 20
9.929607664338902
 10
21.85343088067657
 20
9.891059161795709
 10
21.89454928339023
 20
9.847370858913308
 10
21.93566768610162
 20
9.801112655861572
 10
21.97164628847554
 20
9.749714652470657
 10
22.00248509051062
 20
9.690606948571172
 10
21.9819258891539
 20
9.68289724806263
 10
21.96393658796751
 20
9.675187547553832
 10
21.94594728677998
 20
9.672617647384498
 10
21.9253880854244
 20
9.6649079468757
 10
21.90996868440607
 20
9.662338046706111
 10
21.88940948305049
 20
9.657198246367158
 10
21.8714201818641
 20
9.657198246367158
 10
21.84572118016854
 20
9.654628346197569
 10
21.8225920786424
 20
9.654628346197569
 10
21.79689307694707
 20
9.654628346197569
 10
21.7506348738948
 20
9.657198246367158
 10
21.7018067706731
 20
9.662338046706111
 10
21.65297866745254
 20
9.670047747214908
 10
21.60929036457083
 20
9.68032734789304
 97
        0
 92
        7
 72
     0
 73
     1
 93
       62
 10
18.56152705121167
 20
9.800885656241746
 10
18.53891192971969
 20
9.880038581463793
 10
18.51912369841398
 20
9.942230165566684
 10
18.49509513182852
 20
10.00583519476299
 10
18.46965312015027
 20
10.06802677886594
 10
18.43997077319204
 20
10.13304525315527
 10
18.40887498114011
 20
10.19665028235161
 10
18.38343296946209
 20
10.23905363514902
 10
18.35940440287709
 20
10.28569732322634
 10
18.33113550101211
 20
10.33234101130338
 10
18.30286659914714
 20
10.3803981444741
 10
18.26894391690894
 20
10.43128216783094
 10
18.1247725173971
 20
10.43128216783094
 10
18.14456074870304
 20
10.39311915031339
 10
18.16293553491528
 20
10.35212924260906
 10
18.18272376622076
 20
10.31255277999804
 10
18.20109855243254
 20
10.26732253701391
 10
18.21664644845896
 20
10.22209229403
 10
18.23784812485701
 20
10.15707381974053
 10
18.26046324634944
 20
10.09205534545106
 10
18.27742458746843
 20
10.02703687116192
 10
18.29579937368021
 20
9.960604951778861
 10
18.30852037951968
 20
9.894173032396025
 10
18.32406827554541
 20
9.810779771894459
 10
18.3353758362914
 20
9.728799956485971
 10
18.3438565068509
 20
9.646820141077398
 10
18.34809684213087
 20
9.56342688057532
 10
18.35092373231691
 20
9.481447065167316
 10
18.34809684213087
 20
9.392400024292726
 10
18.34668339703762
 20
9.306179873604378
 10
18.3396161715716
 20
9.221373168009449
 10
18.32830861082516
 20
9.140806797693926
 10
18.31841449517265
 20
9.063067317565469
 10
18.30428004424038
 20
8.996635398182775
 10
18.28873214821465
 20
8.930203478800109
 10
18.27177080709521
 20
8.865185004510493
 10
18.2519825757895
 20
8.802993420407517
 10
18.23078089939144
 20
8.743628726491095
 10
18.21099266808596
 20
8.694158148227444
 10
18.189790991687
 20
8.6461010150567
 10
18.17000276038129
 20
8.603697662259321
 10
18.14738763888954
 20
8.561294309461942
 10
18.12335907230385
 20
8.523131291944082
 10
18.26753047181592
 20
8.523131291944082
 10
18.30286659914714
 20
8.569774980021293
 10
18.33254894610513
 20
8.613591777912262
 10
18.36223129306359
 20
8.658822020896252
 10
18.38908674983486
 20
8.701225373693375
 10
18.41311531642009
 20
8.740801836304484
 10
18.44421110847224
 20
8.801579975314268
 10
18.47248001033654
 20
8.863771559417273
 10
18.49933546710849
 20
8.925963143520277
 10
18.52053714350723
 20
8.990981617809836
 10
18.54173881990596
 20
9.057413537192445
 10
18.56152705121167
 20
9.139393352601075
 10
18.57707494723718
 20
9.221373168009478
 10
18.58979595307642
 20
9.306179873604321
 10
18.59686317854289
 20
9.392400024292669
 10
18.59827662363591
 20
9.481447065167259
 10
18.59686317854289
 20
9.562013435482555
 10
18.58979595307642
 20
9.642579805797851
 10
18.57707494723718
 20
9.723146176112805
 97
        0
 92
        7
 72
     0
 73
     1
 93
      290
 10
17.48872222543537
 20
9.112537895829234
 10
17.49720289599418
 20
9.082855548870867
 10
17.50851045674039
 20
9.054586647005947
 10
17.52405835276613
 20
9.029144635327469
 10
17.54101969388557
 20
9.002289178555741
 10
17.56363481537732
 20
8.978260611970569
 10
17.59049027214928
 20
8.954232045385253
 10
17.61875917401425
 20
8.935857259173076
 10
17.6498549660655
 20
8.921722808240531
 10
17.68095075811698
 20
8.914655582774315
 10
17.7134599952617
 20
8.911828692587761
 10
17.7473826774999
 20
8.916069027867564
 10
17.77989191464417
 20
8.921722808240531
 10
17.81098770669541
 20
8.931616923893244
 10
17.84491038893384
 20
8.948578265012287
 10
17.87741962607879
 20
8.966953051224493
 10
17.90427508285074
 20
8.986741282529948
 10
17.9311305396227
 20
9.007942958928737
 10
17.95091877092773
 20
9.030558080420775
 10
17.96788011204626
 20
9.054586647005919
 10
17.98342800807245
 20
9.078615213591319
 10
17.99473556881821
 20
9.101230335083243
 10
18.00604312956443
 20
9.125258901668502
 10
18.01876413540412
 20
9.154941248626869
 10
18.03289858633639
 20
9.18886393086467
 10
18.04561959217562
 20
9.228440393476063
 10
18.05834059801441
 20
9.266603410993354
 10
18.06540782348065
 20
9.29769920304497
 10
18.0724750489469
 20
9.324554659816783
 10
18.07671538422687
 20
9.345756336215515
 10
18.07954227441337
 20
9.362717677334387
 10
18.0738884940406
 20
9.388159689012894
 10
18.06823471366761
 20
9.419255481064311
 10
18.06116748820113
 20
9.450351273115813
 10
18.04985992745492
 20
9.485687400447119
 10
18.03431203142963
 20
9.523850417964951
 10
18.01735069031065
 20
9.557773100202894
 10
18.00180279428446
 20
9.587455447161033
 10
17.98625489825895
 20
9.611484013746263
 10
17.97212044732623
 20
9.632685690145137
 10
17.95798599639374
 20
9.648233586170761
 10
17.79119947539038
 20
9.44893782802265
 10
17.80957426160262
 20
9.424909261437221
 10
17.82512215762813
 20
9.40512103013188
 10
17.83784316346737
 20
9.385332798826368
 10
17.84915072421358
 20
9.371198347893908
 10
17.86045828496003
 20
9.35706389696142
 10
17.8844868515448
 20
9.320314324536838
 10
17.90427508285074
 20
9.292045422671947
 10
17.91699608868998
 20
9.26801685608666
 10
17.93217152283273
 20
9.244169745290292
 10
17.91558264359628
 20
9.231267283662077
 10
17.89720785738427
 20
9.221373168009449
 10
17.88024651626483
 20
9.214305942543148
 10
17.86045828496003
 20
9.205825271983655
 10
17.83784316346737
 20
9.197344601424134
 10
17.81522804197561
 20
9.191690821051167
 10
17.79402636557688
 20
9.187450485771478
 10
17.76999779899165
 20
9.183210150491646
 10
17.7473826774999
 20
9.181796705398511
 10
17.72476755600746
 20
9.181796705398511
 10
17.68801798358299
 20
9.183210150491646
 10
17.65409530134502
 20
9.191690821051167
 10
17.62723984457352
 20
9.205825271983655
 10
17.60321127798875
 20
9.224200058195862
 10
17.58624993686931
 20
9.245401734594679
 10
17.57211548593682
 20
9.272257191366321
 10
17.56363481537732
 20
9.301939538324717
 10
17.55515414481806
 20
9.335862220562631
 10
17.55232725463111
 20
9.376852128266989
 10
17.55091380953809
 20
9.423495816344086
 10
17.45338609810346
 20
9.423495816344086
 10
17.45055920791719
 20
9.388159689012866
 10
17.4463188726379
 20
9.357063896961449
 10
17.43925164717097
 20
9.325968104909975
 10
17.42653064133242
 20
9.297699203044913
 10
17.41380963549295
 20
9.272257191366321
 10
17.386954178721
 20
9.239747954221684
 10
17.35303149648302
 20
9.214305942543177
 10
17.31628192405856
 20
9.195931156330999
 10
17.27387857126086
 20
9.186037040678172
 10
17.22299454790413
 20
9.181796705398511
 10
17.1834180852934
 20
9.183210150491646
 10
17.1494954030552
 20
9.193104266144473
 10
17.1198130560972
 20
9.207238717076961
 10
17.09295759932524
 20
9.228440393475722
 10
17.07034247783326
 20
9.252468960060866
 10
17.05338113671382
 20
9.280737861925928
 10
17.04207357596829
 20
9.310420208884181
 10
17.03076601522207
 20
9.344342891122124
 10
17.02652567994278
 20
9.38250590863987
 10
17.02369878975583
 20
9.423495816344086
 10
16.92899796850838
 20
9.423495816344086
 10
16.92617107832143
 20
9.392400024292669
 10
16.92193074304214
 20
9.36271767733433
 10
16.91627696266891
 20
9.333035330376105
 10
16.9063828470164
 20
9.304766428511243
 10
16.89366184117693
 20
9.277910971739487
 10
16.86963327459193
 20
9.243988289501459
 10
16.84277781781998
 20
9.215719387636482
 10
16.81026858067503
 20
9.197344601424134
 10
16.77493245334381
 20
9.186037040678172
 10
16.73252910054702
 20
9.181796705398511
 10
16.62369382836618
 20
9.181796705398511
 10
16.59683837159423
 20
9.181796705398511
 10
16.57139635991643
 20
9.1789698152119
 10
16.54171401295798
 20
9.177556370118651
 10
16.51344511109323
 20
9.171902589745684
 10
16.4823493190413
 20
9.163421919186163
 10
16.45125352699006
 20
9.153527803533478
 10
16.41591739965861
 20
9.139393352600961
 10
16.38482160760759
 20
9.123845456575139
 10
16.35372581555543
 20
9.106884115456267
 10
16.32545691369046
 20
9.087095884150784
 10
16.29860145691873
 20
9.064480762658774
 10
16.27598633542743
 20
9.043279086259985
 10
16.25478465902779
 20
9.016423629488286
 10
16.23499642772276
 20
8.988154727623282
 10
16.21520819641728
 20
8.955645490478474
 10
16.19683341020482
 20
8.921722808240559
 10
16.18128551417931
 20
8.887800126002559
 10
16.16997795343309
 20
8.855290888857837
 10
16.1600838377808
 20
8.822781651713313
 10
16.15018972212806
 20
8.791685859661612
 10
16.14453594175484
 20
8.760590067609996
 10
16.11768048498288
 20
8.773311073449377
 10
16.09082502821161
 20
8.788858969475057
 10
16.06396957143966
 20
8.8058203105941
 10
16.0399410048542
 20
8.825608541899583
 10
16.01591243826897
 20
8.848223663391706
 10
15.99188387168396
 20
8.872252229976766
 10
15.97209564037848
 20
8.896280796562024
 10
15.95372085416579
 20
8.917482472960728
 10
15.94099984832633
 20
8.94151103954627
 10
15.92969228758079
 20
8.96412616103808
 10
15.95796118944599
 20
8.97260683159746
 10
15.98764353640399
 20
8.979674057063675
 10
16.01732588336222
 20
8.990981617809836
 10
16.04700823032021
 20
9.000875733462464
 10
16.07810402237237
 20
9.012183294208597
 10
16.11061325951687
 20
9.029144635327526
 10
16.13888216138161
 20
9.043279086260014
 10
16.16432417306032
 20
9.058826982285808
 10
16.18552584945928
 20
9.074374878311402
 10
16.20531408076476
 20
9.091336219430445
 10
16.20107374548479
 20
9.20723871707699
 10
16.18976618473857
 20
9.311833653977402
 10
16.17280484361981
 20
9.405121030131823
 10
16.14594938684786
 20
9.487100845540339
 10
16.11344014970291
 20
9.557773100202837
 10
16.07951746746539
 20
9.60724367846646
 10
16.04276789504092
 20
9.649647031264066
 10
15.99753765205651
 20
9.684983158595315
 10
15.9494805188865
 20
9.710425170273765
 10
15.89435616024957
 20
9.73021340157922
 10
15.86750070347784
 20
9.711838615367014
 10
15.84064524670589
 20
9.686396603688564
 10
15.81661668012088
 20
9.653887366543756
 10
15.7940015586289
 20
9.614310903932761
 10
15.77279988223017
 20
9.566253770762273
 10
15.75301165092446
 20
9.511129412125512
 10
15.7388771999922
 20
9.458831943675363
 10
15.72898308433969
 20
9.402294139945411
 10
15.72191585887322
 20
9.345756336215515
 10
15.71908896868649
 20
9.290631977578584
 10
15.71908896868649
 20
9.268016856086632
 10
15.72191585887322
 20
9.245401734594622
 10
15.72332930396646
 20
9.224200058195833
 10
15.72615619415273
 20
9.202998381797215
 10
15.73039652943271
 20
9.181796705398511
 10
15.5311007712844
 20
9.181796705398511
 10
15.49576464395318
 20
9.183210150491646
 10
15.46466885190193
 20
9.193104266144473
 10
15.43922684022323
 20
9.207238717076961
 10
15.41661171873125
 20
9.229853838568971
 10
15.39823693251901
 20
9.255295850247421
 10
15.38551592667954
 20
9.286391642298923
 10
15.37703525612005
 20
9.32172776963003
 10
15.36996803065381
 20
9.366958012614162
 10
15.36714114046754
 20
9.416428590877643
 10
15.36572769537452
 20
9.475793284794377
 10
15.36572769537452
 20
9.619964684305756
 10
15.36572769537452
 20
9.764136083817248
 10
15.36290080518756
 20
9.847529344318957
 10
15.36148736009454
 20
9.919615044074674
 10
15.35866046990804
 20
9.980393183084572
 10
15.35442013462807
 20
10.02986376134834
 10
15.35017979934878
 20
10.07085366905232
 10
15.34311257388185
 20
10.10477635129035
 10
15.33745879350931
 20
10.13728558843519
 10
15.32615123276309
 20
10.16555449030002
 10
15.31484367201756
 20
10.1909965019787
 10
15.29929577599137
 20
10.21502506856382
 10
15.10000001784306
 20
10.02703687116172
 10
15.11978824914854
 20
9.984633518364148
 10
15.13533614517473
 20
9.943643610659847
 10
15.14947059610745
 20
9.908307483328655
 10
15.15936471175996
 20
9.872971355997435
 10
15.16643193722621
 20
9.839048673759435
 10
15.17349916269245
 20
9.795231875868978
 10
15.18056638815869
 20
9.742934407418431
 10
15.18480672343821
 20
9.682156268408789
 10
15.18622016853123
 20
9.611484013746064
 10
15.18622016853123
 20
9.535157978710856
 10
15.18904705871818
 20
9.447524382929486
 10
15.19046050381121
 20
9.366958012614048
 10
15.19328739399793
 20
9.297699203044743
 10
15.19752772927745
 20
9.23833450912835
 10
15.20459495474369
 20
9.187450485771506
 10
15.21590251548991
 20
9.133739572227995
 10
15.23145041151565
 20
9.084268993964201
 10
15.24841175263418
 20
9.044692531353263
 10
15.27102687412616
 20
9.007942958928737
 10
15.29505544071207
 20
8.979674057063675
 10
15.32756467785634
 20
8.955645490478559
 10
15.36572769537452
 20
8.93868414935946
 10
15.40813104817198
 20
8.924549698426943
 10
15.45618818134198
 20
8.914655582774315
 10
15.51131253997892
 20
8.911828692587761
 10
15.60601336122704
 20
8.911828692587761
 10
15.62721503762555
 20
8.916069027867564
 10
15.6470032689308
 20
8.916069027867564
 10
15.66679150023651
 20
8.916069027867564
 10
15.69082006682151
 20
8.920309363147282
 10
15.7134351883135
 20
8.921722808240531
 10
15.73322341961898
 20
8.925963143520249
 10
15.74877131564517
 20
8.927376588613498
 10
15.76149232148418
 20
8.930203478800109
 10
15.78834777825568
 20
8.848223663391678
 10
15.82085701540086
 20
8.773311073449406
 10
15.86326036819832
 20
8.702638818786851
 10
15.91131750136856
 20
8.63903378959057
 10
15.96926875019153
 20
8.578255650580899
 10
16.03570066957468
 20
8.523131291944082
 10
16.11061325951664
 20
8.473660713680516
 10
16.19541996511179
 20
8.427017025603134
 10
16.28729389617297
 20
8.387440562992196
 10
16.38906194288688
 20
8.350690990567812
 10
16.43570563096409
 20
8.489208609705656
 10
16.48517620922803
 20
8.630553119031191
 10
16.46256108773627
 20
8.640447234683904
 10
16.44277285643056
 20
8.648927905243425
 10
16.41521067711278
 20
8.659528743442393
 10
16.3961291683529
 20
8.670129581642129
 10
16.36079304102168
 20
8.694158148227273
 10
16.32687035878348
 20
8.718186714812645
 10
16.30142834710568
 20
8.745042171584515
 10
16.2788132256137
 20
8.770484183262823
 10
16.26185188449472
 20
8.80157997531424
 10
16.2788132256137
 20
8.822781651713
 10
16.30284179219848
 20
8.843983328111789
 10
16.33393758425041
 20
8.862358114324138
 10
16.37210060176812
 20
8.877906010349732
 10
16.41591739965861
 20
8.889213571095865
 10
16.4540804171761
 20
8.897694241655216
 10
16.49082998960125
 20
8.903348022028382
 10
16.52899300711851
 20
8.907588357308043
 10
16.56856946972948
 20
8.911828692587761
 10
16.60814593234045
 20
8.911828692587761
 10
16.6632702909776
 20
8.911828692587761
 10
16.71415431433433
 20
8.911828692587761
 10
16.74949044166555
 20
8.916069027867564
 10
16.78482656899678
 20
8.924549698426943
 10
16.8187492512352
 20
8.935857259173076
 10
16.84984504328645
 20
8.954232045385253
 10
16.8781139451512
 20
8.976847166877348
 10
16.90072906664318
 20
8.996635398182803
 10
16.92051729794934
 20
9.020663964767919
 10
16.94171897434762
 20
9.04610597644654
 10
16.96150720565242
 20
9.077201768497644
 10
16.98270888205138
 20
9.111124450735985
 10
16.99825677807757
 20
9.078615213591291
 10
17.01521811919656
 20
9.048932866632867
 10
17.03359290540879
 20
9.020663964767891
 10
17.05338113671382
 20
8.996635398182803
 10
17.07316936801976
 20
8.976847166877291
 10
17.09861137969847
 20
8.954232045385253
 10
17.12829372665646
 20
8.935857259173076
 10
17.15656262852167
 20
8.921722808240531
 10
17.18765842057291
 20
8.914655582774315
 10
17.22158110281089
 20
8.911828692587761
 10
17.26681134579462
 20
8.916069027867564
 10
17.30780125349929
 20
8.924549698426943
 10
17.34455082592331
 20
8.935857259173076
 10
17.37988695325475
 20
8.954232045385253
 10
17.40956930021298
 20
8.976847166877291
 10
17.43077097661171
 20
8.998048843276023
 10
17.44914576282417
 20
9.022077409861225
 10
17.46469365884968
 20
9.048932866633009
 10
17.47741466468915
 20
9.078615213591291
 97
        0
 92
       22
 72
     0
 73
     1
 93
       35
 10
16.07386368709217
 20
9.238334509128378
 10
16.05548890087971
 20
9.228440393475722
 10
16.03852755976095
 20
9.219959722916144
 10
16.01732588336222
 20
9.211479052356622
 10
15.99612420696348
 20
9.202998381797215
 10
15.97209564037848
 20
9.197344601424134
 10
15.94665362869978
 20
9.191690821051167
 10
15.92262506211477
 20
9.188863930864727
 10
15.89859649552909
 20
9.187450485771478
 10
15.87456792894409
 20
9.186037040678172
 10
15.8519528074521
 20
9.186037040678172
 10
15.85053936235886
 20
9.197344601424106
 10
15.85053936235886
 20
9.207238717076961
 10
15.84771247217213
 20
9.219959722916144
 10
15.84771247217213
 20
9.231267283662077
 10
15.84771247217213
 20
9.243988289501459
 10
15.84771247217213
 20
9.269430301179966
 10
15.85053936235886
 20
9.296285757951721
 10
15.8547796976386
 20
9.320314324536838
 10
15.85902003291835
 20
9.344342891122352
 10
15.86326036819832
 20
9.366958012614162
 10
15.87032759366389
 20
9.390986579199363
 10
15.87880826422406
 20
9.410774810504818
 10
15.89011582496982
 20
9.430563041810358
 10
15.90283683080906
 20
9.447524382929344
 10
15.91555783664853
 20
9.463072278955024
 10
15.94665362869978
 20
9.444697492742875
 10
15.97633597565845
 20
9.420668926157674
 10
16.00319143242973
 20
9.392400024292669
 10
16.02297966373521
 20
9.362717677334359
 10
16.04276789504092
 20
9.325968104909946
 10
16.04842167541392
 20
9.311833653977458
 10
16.05548890087971
 20
9.296285757951437
 10
16.06255612634663
 20
9.277910971739487
 10
16.06679646162615
 20
9.258122740433805
 97
        0
 92
        7
 72
     0
 73
     1
 93
      216
 10
14.92614627137368
 20
9.064480762658945
 10
14.94310761249221
 20
9.095576554710191
 10
14.9586555085184
 20
9.126672346761836
 10
14.97420340454414
 20
9.162008474092999
 10
14.96713617907812
 20
9.239747954221712
 10
14.9572420634247
 20
9.307593318697598
 10
14.94169416739942
 20
9.368371457707354
 10
14.91483871062746
 20
9.419255481064368
 10
14.8795025832967
 20
9.458831943675363
 10
14.83709923049923
 20
9.491341180820086
 10
14.78621520714159
 20
9.51678319249865
 10
14.7240236230391
 20
9.535157978710856
 10
14.65335136837643
 20
9.545052094363512
 10
14.57137155296777
 20
9.549292429643344
 10
14.5501698765695
 20
9.528090753244612
 10
14.52472786489079
 20
9.501235296472856
 10
14.50069929830511
 20
9.471552949514489
 10
14.4766707317201
 20
9.437630267276574
 10
14.45264216513533
 20
9.398053804665664
 10
14.43285393382962
 20
9.368371457707354
 10
14.41306570252391
 20
9.338689110749186
 10
14.39469091631213
 20
9.307593318697627
 10
14.37490268500642
 20
9.280737861925842
 10
14.35794134388698
 20
9.249642069874425
 10
14.33673966748893
 20
9.22561350328911
 10
14.32260521655644
 20
9.205825271983655
 10
14.29849724294263
 20
9.183908932335413
 10
14.27737497357202
 20
9.181796705398511
 10
14.17984726213831
 20
9.181796705398511
 10
14.14027079952689
 20
9.181796705398511
 10
14.12472290350138
 20
9.181796705398511
 10
14.10776156238239
 20
9.181796705398511
 10
14.08938677617016
 20
9.183210150491646
 10
14.07242543505072
 20
9.186037040678172
 10
14.05263720374569
 20
9.187450485771478
 10
14.01730107641447
 20
9.191690821051167
 10
13.98761872945556
 20
9.193104266144473
 10
13.96359016287056
 20
9.195931156330999
 10
13.9466288217518
 20
9.197344601424134
 10
13.93249437081931
 20
9.197344601424134
 10
13.88443723764863
 20
9.193104266144473
 10
13.83779354957164
 20
9.1789698152119
 10
13.79821708696045
 20
9.159181583906445
 10
13.76288095962923
 20
9.129499236948134
 10
13.72895827739103
 20
9.091336219430417
 10
13.70210282061907
 20
9.048932866632981
 10
13.68090114422125
 20
9.000875733462464
 10
13.65828602272859
 20
8.941511039546099
 10
13.63849779142356
 20
8.875079120163462
 10
13.61870956011808
 20
8.798753085127827
 10
13.63001712086361
 20
8.784618634195339
 10
13.64273812670308
 20
8.770484183262823
 10
13.66111291291531
 20
8.759176622516889
 10
13.68514147950054
 20
8.749282506864062
 10
13.7119969362725
 20
8.739388391211406
 10
13.78832297130725
 20
8.712532934439707
 10
13.85334144559738
 20
8.68850436785442
 10
13.90139857876738
 20
8.670129581642072
 10
13.93673470609928
 20
8.655995130709641
 10
13.95652293740431
 20
8.644687569963565
 10
13.90139857876738
 20
8.636206899404157
 10
13.84486077503743
 20
8.630553119031191
 10
13.78832297130748
 20
8.62489933865811
 10
13.73178516757798
 20
8.620659003378364
 10
13.67242047366085
 20
8.616418668098702
 10
13.6116423346516
 20
8.612178332818842
 10
13.55510453092165
 20
8.610764887725537
 10
13.49998017228472
 20
8.607937997539181
 10
13.44344236855477
 20
8.606524552445875
 10
13.38831800991784
 20
8.606524552445875
 10
13.32047264544212
 20
8.607937997539181
 10
13.2611079515259
 20
8.613591777912148
 10
13.20739703798222
 20
8.62489933865811
 10
13.16075334990478
 20
8.639033789590598
 10
13.12117688729381
 20
8.655995130709641
 10
13.08866765014909
 20
8.678610252201536
 10
13.06181219337759
 20
8.704052263880157
 10
13.04343740716513
 20
8.735148055931546
 10
13.03495673660586
 20
8.769070738169489
 10
13.03071640132589
 20
8.805820310594071
 10
13.03071640132589
 20
8.82984887717933
 10
13.03495673660586
 20
8.853877443764588
 10
13.04202396207211
 20
8.883559790722785
 10
13.04767774244533
 20
8.914655582774315
 10
13.05898530319064
 20
8.948578265012372
 10
13.07029286393708
 20
8.978260611970569
 10
13.0816004246833
 20
9.007942958928765
 10
13.09432143052208
 20
9.03197152551408
 10
13.10562899126853
 20
9.054586647005976
 10
13.11693655201384
 20
9.074374878311402
 10
13.10986932654828
 20
9.081442103777703
 10
13.10562899126853
 20
9.087095884150784
 10
13.09856176580206
 20
9.092749664523807
 10
13.09290798542906
 20
9.09698999980344
 10
13.08584075996259
 20
9.098403444896746
 10
13.07877353449657
 20
9.102643780176407
 10
13.07311975412335
 20
9.105470670363018
 10
13.06322563847084
 20
9.105470670363018
 10
13.04767774244533
 20
9.106884115456267
 10
13.03071640132566
 20
9.082855548870895
 10
13.01516850530015
 20
9.060240427379085
 10
12.99962060927464
 20
9.036211860793798
 10
12.98407271324868
 20
9.010769849115092
 10
12.96852481722317
 20
8.983914392344871
 10
12.94873658591768
 20
8.949991710105564
 10
12.93036179970499
 20
8.914655582774315
 10
12.91481390367948
 20
8.879319455443066
 10
12.90209289784025
 20
8.845396773205038
 10
12.88937189200078
 20
8.811474090967038
 10
12.87523744106829
 20
8.770484183262851
 10
12.86675677050948
 20
8.732321165745247
 10
12.85827609994953
 20
8.696985038413941
 10
12.85544920976326
 20
8.660235465989302
 10
12.85403576467001
 20
8.626312783751302
 10
12.85827609994953
 20
8.583909430953838
 10
12.86675677050948
 20
8.545746413436205
 10
12.88513155672126
 20
8.508996841011594
 10
12.90916012330626
 20
8.475074158773651
 10
12.94025591535819
 20
8.445391811815483
 10
12.96852481722317
 20
8.425603580510028
 10
12.99962060927464
 20
8.407228794297651
 10
13.03212984641914
 20
8.390267453178751
 10
13.07029286393708
 20
8.377546447339511
 10
13.11269621673455
 20
8.3648254415003
 10
13.14379200878579
 20
8.356344770940779
 10
13.172060910651
 20
8.350690990567812
 10
13.20032981251574
 20
8.349277545474507
 10
13.23001215947397
 20
8.345037210194647
 10
13.2554541711529
 20
8.345037210194647
 10
13.31764575525517
 20
8.346450655287952
 10
13.38407767463855
 20
8.350690990567812
 10
13.45333648420796
 20
8.359171661127135
 10
13.5282490741497
 20
8.369065776779962
 10
13.60740199937186
 20
8.38320022771245
 10
13.68090114422125
 20
8.397334678645023
 10
13.75581373416298
 20
8.412882574670618
 10
13.83072632410494
 20
8.42984391578966
 10
13.90846580423431
 20
8.449632147095201
 10
13.98620528436254
 20
8.470833823493904
 10
13.99892629020155
 20
8.493448944986056
 10
14.01164729604125
 20
8.517477511571058
 10
14.02578174697373
 20
8.545746413436148
 10
14.0385027528132
 20
8.578255650580871
 10
14.05263720374569
 20
8.612178332818842
 10
14.0625313193982
 20
8.646101015056927
 10
14.07383888014442
 20
8.678610252201565
 10
14.08090610561066
 20
8.704052263880186
 10
14.08373299579693
 20
8.730907720651998
 10
14.08514644089018
 20
8.750695951957368
 10
14.08373299579693
 20
8.759176622516889
 10
14.08090610561066
 20
8.764830402889856
 10
14.07383888014442
 20
8.773311073449349
 10
14.0625313193982
 20
8.781791744008785
 10
14.05263720374569
 20
8.791685859661612
 10
14.034262417533
 20
8.802993420407545
 10
14.01447418622751
 20
8.812887536060372
 10
13.99468595492249
 20
8.821368206619865
 10
13.97207083342982
 20
8.82984887717933
 10
13.950869157032
 20
8.836916102645517
 10
13.88867757292883
 20
8.855290888857894
 10
13.83779354957164
 20
8.869425339790211
 10
13.7953901967744
 20
8.886386680909254
 10
13.7671212949092
 20
8.897694241655187
 10
13.74733306360372
 20
8.907588357308043
 10
13.75298684397671
 20
8.917482472960728
 10
13.76288095962923
 20
8.925963143520249
 10
13.77136163018872
 20
8.931616923893244
 10
13.77984230074867
 20
8.940097594452765
 10
13.7911498614942
 20
8.945751374825704
 10
13.80387086733367
 20
8.952818600292005
 10
13.81800531826616
 20
8.955645490478559
 10
13.83920699466443
 20
8.962712715944775
 10
13.86464900634314
 20
8.962712715944775
 10
13.88443723764863
 20
8.962712715944775
 10
13.90563891404736
 20
8.95988582575822
 10
13.92825403553934
 20
8.955645490478559
 10
13.95228260212479
 20
8.952818600292005
 10
13.97631116871002
 20
8.945751374825732
 10
14.02578174697373
 20
8.93444381407977
 10
14.0681850997712
 20
8.924549698426943
 10
14.10069433691569
 20
8.917482472960728
 10
14.12754979368742
 20
8.914655582774315
 10
14.14451113480641
 20
8.911828692587761
 10
14.2095296090963
 20
8.911828692587761
 10
14.24910607170704
 20
8.911828692587761
 10
14.26889430301253
 20
8.914655582774315
 10
14.28868253431847
 20
8.917482472960728
 10
14.30705732053025
 20
8.924549698426943
 10
14.32401866164969
 20
8.934443814079742
 10
14.34239344786147
 20
8.944337929732597
 10
14.35935478898091
 20
8.958472380664943
 10
14.37490268500642
 20
8.97684716687732
 10
14.39327747121888
 20
8.993808507996249
 10
14.40882536724439
 20
9.01642362948823
 10
14.4229598181771
 20
9.040452196073459
 10
14.44416149457515
 20
9.022077409861253
 10
14.46394972588086
 20
9.006529513835403
 10
14.48091106700008
 20
8.992395062902943
 10
14.49928585321208
 20
8.979674057063618
 10
14.51483374923782
 20
8.968366496317571
 10
14.53603542563724
 20
8.952818600291976
 10
14.55865054712831
 20
8.93868414935946
 10
14.58267911371399
 20
8.927376588613469
 10
14.60529423520575
 20
8.916069027867564
 10
14.62932280179098
 20
8.907588357307957
 10
14.65759170365595
 20
8.897694241655216
 10
14.68868749570788
 20
8.892040461282221
 10
14.71836984266611
 20
8.886386680909254
 10
14.7480521896241
 20
8.882146345629593
 10
14.77914798167603
 20
8.882146345629593
 10
14.79893621298106
 20
8.897694241655187
 10
14.82155133447349
 20
8.917482472960728
 10
14.84416645596525
 20
8.941511039546043
 10
14.86536813236398
 20
8.969779941411047
 10
14.88798325385596
 20
9.002289178555656
 10
14.90777148516167
 20
9.031971525514109
 97
        0
 92
       22
 72
     0
 73
     1
 93
       39
 10
14.57137155296777
 20
9.173316034838933
 10
14.54734298638277
 20
9.191690821051167
 10
14.52755475507706
 20
9.211479052356594
 10
14.51200685905132
 20
9.229853838568971
 10
14.51624719433153
 20
9.241161399314904
 10
14.52048752961104
 20
9.255295850247449
 10
14.52755475507706
 20
9.268016856086745
 10
14.53603542563701
 20
9.282151307018779
 10
14.5431026511028
 20
9.293458867765139
 10
14.55441021184902
 20
9.306179873604349
 10
14.56571777259523
 20
9.318900879443589
 10
14.5741984431545
 20
9.328794995096359
 10
14.58550600390026
 20
9.335862220562631
 10
14.59540011955323
 20
9.344342891122153
 10
14.6363900272579
 20
9.334448775469326
 10
14.66889926440217
 20
9.324554659816698
 10
14.69999505645342
 20
9.31042020888421
 10
14.72826395831862
 20
9.29345886776511
 10
14.75087907981083
 20
9.276497526646181
 10
14.77349420130281
 20
9.252468960060866
 10
14.79045554242179
 20
9.22420005819589
 10
14.80458999335406
 20
9.191690821051167
 10
14.81024377372728
 20
9.154941248626784
 10
14.81307066391355
 20
9.116778231108924
 10
14.81307066391355
 20
9.115364786015646
 10
14.81307066391355
 20
9.111124450735985
 10
14.81307066391355
 20
9.106884115456267
 10
14.81307066391355
 20
9.102643780176407
 10
14.81307066391355
 20
9.098403444896746
 10
14.81307066391355
 20
9.095576554710191
 10
14.81024377372728
 20
9.087095884150784
 10
14.81024377372728
 20
9.082855548870924
 10
14.81024377372728
 20
9.078615213591263
 10
14.76925386602284
 20
9.088509329243919
 10
14.72826395831953
 20
9.101230335082817
 10
14.69151438589415
 20
9.112537895829234
 10
14.65759170365595
 20
9.12667234676175
 10
14.6264959116047
 20
9.140806797694267
 10
14.59822700973973
 20
9.157768138813196
 97
        0
 92
        7
 72
     0
 73
     1
 93
      148
 10
12.27876361171729
 20
9.276497526646181
 10
12.22363925308036
 20
9.280737861925899
 10
12.16427455916414
 20
9.292045422671975
 10
12.09925608487492
 20
9.311833653977458
 10
12.03282416549155
 20
9.34292944602879
 10
11.9621519108291
 20
9.378265573360124
 10
11.93812334424388
 20
9.395226914479081
 10
11.89854688163314
 20
9.420668926157588
 10
11.84059563281039
 20
9.457418498582001
 10
11.76850993305516
 20
9.505475631752176
 10
11.67663600199262
 20
9.566253770762301
 10
11.62009819826289
 20
9.601589898093038
 10
11.57062761999941
 20
9.632685690145166
 10
11.52681082210893
 20
9.652473921450592
 10
11.49147469477679
 20
9.663781482196554
 10
11.46037890272578
 20
9.668021817476216
 10
11.44059067142075
 20
9.666608372383109
 10
11.42080244011504
 20
9.658127701823588
 10
11.40101420880933
 20
9.643993250891043
 10
11.37839908731735
 20
9.625618464678836
 10
11.35437052073189
 20
9.604416788280104
 10
11.33599573452011
 20
9.581801666788066
 10
11.31620750321417
 20
9.554946210016254
 10
11.29924616209564
 20
9.529504198337889
 10
11.27945793079016
 20
9.499821851379522
 10
11.25966969948422
 20
9.467312614235197
 10
11.24553524855173
 20
9.444697492743017
 10
11.23281424271226
 20
9.423495816344114
 10
11.22009323687302
 20
9.396640359572415
 10
11.20595878594076
 20
9.368371457707553
 10
11.19041088991503
 20
9.338689110749186
 10
11.194651225195
 20
9.333035330376134
 10
11.20171845066102
 20
9.325968104909946
 10
11.20878567612749
 20
9.321727769630143
 10
11.21443945650048
 20
9.318900879443731
 10
11.224333572153
 20
9.314660544163871
 10
11.24412180345825
 20
9.306179873604492
 10
11.2497755838317
 20
9.304766428511243
 10
11.26391003476442
 20
9.304766428511243
 10
11.27521759550996
 20
9.320314324536752
 10
11.2836982660699
 20
9.334448775469326
 10
11.29500582681544
 20
9.348583226401814
 10
11.30348649737493
 20
9.362717677334387
 10
11.31196716793488
 20
9.376852128266904
 10
11.33034195414711
 20
9.398053804665664
 10
11.35325464302695
 20
9.425132436978401
 10
11.36991841675808
 20
9.437630267276574
 10
11.38636577784291
 20
9.43968618741232
 10
11.40525454408884
 20
9.433389931996913
 10
11.42221588520806
 20
9.42632270653064
 10
11.43776378123402
 20
9.419255481064311
 10
11.45896545763253
 20
9.409361365411598
 10
11.48299402421798
 20
9.392400024292669
 10
11.50702259080321
 20
9.378265573360124
 10
11.53105115738822
 20
9.362717677334416
 10
11.55507972397368
 20
9.348583226401899
 10
11.58052173565192
 20
9.334448775469326
 10
11.6172713080764
 20
9.310420208884238
 10
11.65684777068759
 20
9.287805087392115
 10
11.69501078820485
 20
9.26801685608666
 10
11.7345872508165
 20
9.248228624781177
 10
11.77275026833376
 20
9.229853838568971
 10
11.71903935479031
 20
9.217132832729788
 10
11.66815533143312
 20
9.207238717076961
 10
11.6172713080764
 20
9.200171491610689
 10
11.57062761999941
 20
9.191690821051167
 10
11.52398393192197
 20
9.187450485771478
 10
11.49147469477679
 20
9.186037040678172
 10
11.45189823216628
 20
9.183210150491646
 10
11.40242765390258
 20
9.181796705398511
 10
11.3501301854526
 20
9.181796705398511
 10
11.28793860134942
 20
9.181796705398511
 10
11.12256552543931
 20
9.181796705398511
 10
11.11832519015911
 20
9.181796705398511
 10
11.08298906282789
 20
9.183210150491646
 10
11.05189327077664
 20
9.193104266144473
 10
11.02503781400469
 20
9.207238717076961
 10
11.00242269251293
 20
9.229853838568971
 10
10.98546135139418
 20
9.255295850247449
 10
10.97132690046169
 20
9.286391642298895
 10
10.96284622990151
 20
9.321727769630143
 10
10.95577900443595
 20
9.366958012614219
 10
10.95436555934225
 20
9.416428590878155
 10
10.9515386691562
 20
9.47579328479432
 10
10.9515386691562
 20
9.619964684305756
 10
10.9515386691562
 20
9.764136083817021
 10
10.95012522406296
 20
9.847529344318928
 10
10.947298333876
 20
9.919615044074731
 10
10.94588488878298
 20
9.980393183084515
 10
10.94023110840976
 20
10.02986376134845
 10
10.93599077313047
 20
10.07085366905238
 10
10.93033699275725
 20
10.10477635129021
 10
10.923269767291
 20
10.13728558843522
 10
10.91196220654478
 20
10.16555449030008
 10
10.90065464579925
 20
10.1909965019787
 10
10.88510674977351
 20
10.21502506856382
 10
10.6858109916252
 20
10.02703687116172
 10
10.70701266802348
 20
9.984633518364205
 10
10.72256056404967
 20
9.943643610659734
 10
10.73528156988845
 20
9.908307483328712
 10
10.74658913063467
 20
9.872971355997407
 10
10.75224291100812
 20
9.83904867375773
 10
10.75931013647414
 20
9.795231875868552
 10
10.76637736194016
 20
9.742934407418459
 10
10.77061769722036
 20
9.682156268408732
 10
10.77344458740663
 20
9.611484013746405
 10
10.77344458740663
 20
9.535157978710998
 10
10.77485803249988
 20
9.447524382929202
 10
10.77768492268592
 20
9.366958012613991
 10
10.77909836777962
 20
9.297699203044913
 10
10.78333870305914
 20
9.238334509128378
 10
10.79040592852539
 20
9.187450485771478
 10
10.8017134892716
 20
9.133739572227966
 10
10.81726138529734
 20
9.084268993964229
 10
10.83422272641587
 20
9.044692531353263
 10
10.85683784790854
 20
9.007942958928737
 10
10.88086641449354
 20
8.979674057063675
 10
10.91478909673174
 20
8.955645490478559
 10
10.9515386691562
 20
8.93868414935946
 10
10.99394202195367
 20
8.924549698426943
 10
11.04199915512413
 20
8.914655582774315
 10
11.0971235137606
 20
8.911828692587761
 10
11.16355543314307
 20
8.911828692587761
 10
11.19889156047497
 20
8.911828692587761
 10
11.24553524855173
 20
8.914655582774315
 10
11.29641927190869
 20
8.920309363147282
 10
11.35154363054516
 20
8.930203478800137
 10
11.41373521464879
 20
8.941511039546071
 10
11.48016713403126
 20
8.958472380664971
 10
11.51126292608273
 20
8.968366496317742
 10
11.5536662788802
 20
8.979674057063675
 10
11.6087906375169
 20
8.998048843276052
 10
11.67522255689937
 20
9.019250519674841
 10
11.75296203702828
 20
9.044692531353234
 10
11.80384606038524
 20
9.060240427379085
 10
11.84766285827595
 20
9.072961433218296
 10
11.88299898560763
 20
9.082855548870924
 10
11.91126788747283
 20
9.087095884150784
 10
11.93105611877786
 20
9.088509329243919
 10
11.94660401480337
 20
9.088509329243919
 10
11.96639224610908
 20
9.087095884150784
 10
11.99183425778779
 20
9.084268993964229
 10
12.02010315965276
 20
9.081442103777703
 10
12.05261239679703
 20
9.074374878311402
 10
12.07864954325077
 20
9.07177116366634
 10
12.09501574959472
 20
9.06730765284513
 10
12.11339053580718
 20
9.064480762658774
 10
12.13317876711221
 20
9.063067317565469
 97
        0
 92
       23
 72
     0
 73
     1
 93
        4
 10
11.62857886882261
 20
10.13728558843519
 10
11.45189823216628
 20
9.990287298737143
 10
11.62151164335637
 20
9.834808338479717
 10
11.79677883491968
 20
9.984633518364177
 97
        0
 92
        7
 72
     0
 73
     1
 93
      174
 10
10.03703969382377
 20
9.00228917855577
 10
10.08085649171448
 20
9.022077409861196
 10
10.12750017979124
 20
9.044692531353234
 10
10.16849008749568
 20
9.071547988124962
 10
10.21089344029315
 20
9.096989999803497
 10
10.25329679309061
 20
9.125258901668445
 10
10.2928732557018
 20
9.157768138813167
 10
10.32114215756632
 20
9.181796705398511
 10
10.34799761433828
 20
9.207238717076961
 10
10.37202618092374
 20
9.234094173848717
 10
10.39746819260199
 20
9.259536185527139
 10
10.41866986900095
 20
9.286391642299321
 10
10.43421776502623
 20
9.306179873603838
 10
10.44835221595895
 20
9.324554659816698
 10
10.45683288651889
 20
9.338689110749129
 10
10.46107322179818
 20
9.348583226401842
 10
10.46248666689143
 20
9.357063896961449
 10
10.45824633161214
 20
9.388159689012866
 10
10.44976566105197
 20
9.420668926157674
 10
10.43280431993344
 20
9.453178163302396
 10
10.41018919844145
 20
9.485687400447091
 10
10.37909340638953
 20
9.51678319249865
 10
10.33951694377901
 20
9.549292429643344
 10
10.29711359098132
 20
9.573320996228545
 10
10.25329679309061
 20
9.591695782440893
 10
10.20665310501317
 20
9.60158989809355
 10
10.15576908165622
 20
9.605830233373382
 10
10.10771194848553
 20
9.60158989809355
 10
10.05682792512925
 20
9.591695782440893
 10
10.00594390177184
 20
9.5761478864151
 10
9.952232988228615
 20
9.553532764923033
 10
9.899935519778864
 20
9.525263863058114
 10
9.85470527679422
 20
9.499821851379607
 10
9.810888478903507
 20
9.467312614234799
 10
9.767071681013248
 20
9.433389931996998
 10
9.721841438028604
 20
9.396640359572359
 10
9.676611195046007
 20
9.354237006775093
 10
9.651169183365936
 20
9.330208440189721
 10
9.622900281501188
 20
9.300526093230388
 10
9.590391044356465
 20
9.266603410993582
 10
9.549401136652249
 20
9.224200058195833
 10
9.508411228948034
 20
9.177556370118651
 10
9.47731543689656
 20
9.1789698152119
 10
9.447633089938562
 20
9.181796705398511
 10
9.419364188073359
 20
9.187450485771478
 10
9.395335621488584
 20
9.195931156330999
 10
9.372720499996603
 20
9.202998381797215
 10
9.352932268690892
 20
9.215719387636482
 10
9.330317147198911
 20
9.229853838568971
 10
9.310528915893428
 20
9.245401734594707
 10
9.290740684587717
 20
9.263776520806999
 10
9.270952453282234
 20
9.286391642298895
 10
9.259644892536471
 20
9.29769920304497
 10
9.24268355141703
 20
9.318900879443788
 10
9.220068429925049
 20
9.345756336215458
 10
9.193212973153549
 20
9.381092463546451
 10
9.160703736009054
 20
9.420668926157674
 10
9.10275248718608
 20
9.292045422671662
 10
9.046214683455673
 20
9.162008474092999
 10
9.078723920596985
 20
9.130912682042321
 10
9.109819712652097
 20
9.101230335083158
 10
9.133848279237099
 20
9.068721097938379
 10
9.15646340072908
 20
9.039038750980239
 10
9.176251632034563
 20
9.006529513835431
 10
9.1917995280603
 20
8.972606831597488
 10
9.20734742408581
 20
8.934443814079742
 10
9.220068429925277
 20
8.893453906375071
 10
9.234202880857765
 20
8.849637108484785
 10
9.244096996510961
 20
8.80157997531424
 10
9.220068429925049
 20
8.774724518542484
 10
9.187559192780781
 20
8.749282506864062
 10
9.145155839983317
 20
8.725253940278918
 10
9.094271816625905
 20
8.701225373693603
 10
9.036320567802704
 20
8.678610252201565
 10
8.965648313140036
 20
8.655995130709641
 10
8.894976058477595
 20
8.639033789590598
 10
8.822890358721906
 20
8.62631278375133
 10
8.746564323686925
 20
8.617832113191809
 10
8.671651733744283
 20
8.616418668098702
 10
8.616527375108034
 20
8.617832113191809
 10
8.564229906657374
 20
8.62489933865811
 10
8.517586218580618
 20
8.636206899404157
 10
8.475182865782926
 20
8.650341350336674
 10
8.435606403171732
 20
8.670129581642129
 10
8.397443385654241
 20
8.698398483507219
 10
8.369174483789038
 20
8.729494275558579
 10
8.349386252483554
 20
8.764830402889884
 10
8.335251801551066
 20
8.8058203105941
 10
8.331011466271775
 20
8.849637108484756
 10
8.333838356457818
 20
8.873665675070014
 10
8.335251801551066
 20
8.900521131841799
 10
8.34231902701731
 20
8.92596314352022
 10
8.353626587763756
 20
8.955645490478786
 10
8.364934148509291
 20
8.986741282529777
 10
8.373414819069239
 20
9.010769849115263
 10
8.384722379814775
 20
9.034798415700578
 10
8.396029940560538
 20
9.05741353719253
 10
8.408750946400004
 20
9.078615213591348
 10
8.420058507146222
 20
9.10123033508313
 10
8.43136606789244
 20
9.119605121295506
 10
8.439846738451933
 20
9.130912682041355
 10
8.446913963918177
 20
9.140806797694239
 10
8.452401456632514
 20
9.14995261888572
 10
8.451154299197469
 20
9.154941248626784
 10
8.446913963918177
 20
9.163421919186163
 10
8.439846738451706
 20
9.169075699559272
 10
8.422178674785527
 20
9.179676537758751
 10
8.418645062053201
 20
9.181190943215625
 10
8.401683720933533
 20
9.186037040678172
 10
8.396029940560538
 20
9.187450485771478
 10
8.373414819069239
 20
9.187450485771478
 10
8.335251801551066
 20
9.135153017321187
 10
8.299915674219846
 20
9.082855548871037
 10
8.270233327261848
 20
9.034798415700493
 10
8.240550980303396
 20
8.986741282530061
 10
8.216522413718394
 20
8.940097594452822
 10
8.189666956946666
 20
8.886386680909254
 10
8.169878725640955
 20
8.835502657552297
 10
8.154330829615446
 20
8.787445524381894
 10
8.145850159055953
 20
8.743628726491067
 10
8.143023268869001
 20
8.701225373693603
 10
8.145850159055953
 20
8.670129581642243
 10
8.150090494335472
 20
8.641860679777522
 10
8.154330829615446
 20
8.616418668098731
 10
8.162811500174711
 20
8.589563211327003
 10
8.172705615827226
 20
8.564121199648297
 10
8.192493847132709
 20
8.527371627223971
 10
8.213695523531441
 20
8.494862390079106
 10
8.240550980303396
 20
8.46800693330735
 10
8.271646772354642
 20
8.441151476535623
 10
8.306982899685863
 20
8.418536355043727
 10
8.357866923043047
 20
8.394507788458412
 10
8.412991281679751
 20
8.374719557152928
 10
8.478009755969196
 20
8.36058510622044
 10
8.545855120445366
 20
8.352104435660919
 10
8.620767710387553
 20
8.350690990567812
 10
8.711228196355705
 20
8.354931325847473
 10
8.803102127416877
 20
8.366238886593407
 10
8.889322278105055
 20
8.384613672805755
 10
8.972715538606962
 20
8.408642239390957
 10
9.054695354015166
 20
8.441151476535623
 10
9.116886938118113
 20
8.470833823493904
 10
9.173424741848521
 20
8.503343060638655
 10
9.22430876520525
 20
8.537265742876655
 10
9.270952453282234
 20
8.574015315301153
 10
9.310528915893428
 20
8.612178332818871
 10
9.317596141359672
 20
8.626312783751302
 10
9.324663366825916
 20
8.646101015056814
 10
9.330317147198911
 20
8.674369916922586
 10
9.337384372664701
 20
8.708292599160017
 10
9.344451598131627
 20
8.749282506863892
 10
9.351518823597189
 20
8.793099304754946
 10
9.355759158877162
 20
8.835502657551842
 10
9.359999494157364
 20
8.875079120163263
 10
9.361412939250158
 20
8.916069027867422
 10
9.361412939250158
 20
8.952818600292005
 10
9.372720499996603
 20
8.944337929732597
 10
9.386854950928864
 20
8.93868414935946
 10
9.402402846954601
 20
8.931616923893244
 10
9.416537297887316
 20
8.925963143520249
 10
9.437738974285366
 20
8.921722808240531
 10
9.457527205591532
 20
8.917482472960728
 10
9.481555772176534
 20
8.916069027867564
 10
9.504170893668515
 20
8.914655582774315
 10
9.529612905347221
 20
8.911828692587761
 10
9.559295252305446
 20
8.911828692587761
 10
9.618659946221896
 20
8.914655582774315
 10
9.676611195044642
 20
8.917482472960728
 10
9.73314899877505
 20
8.921722808240531
 10
9.786859912318504
 20
8.930203478800109
 10
9.83915738076871
 20
8.940097594452765
 10
9.89004140412544
 20
8.952818600292005
 10
9.940925427482625
 20
8.968366496317827
 10
9.990396005746333
 20
8.983914392343535
 97
        0
 92
       22
 72
     0
 73
     1
 93
       35
 10
9.651169183365936
 20
9.171902589745684
 10
9.669543969578626
 20
9.193104266144359
 10
9.689332200884109
 20
9.214305942543234
 10
9.706293542003095
 20
9.234094173848689
 10
9.727495218401827
 20
9.253882405154229
 10
9.74728344970731
 20
9.273670636459655
 10
9.772725461386016
 20
9.297699203045027
 10
9.799580918157516
 20
9.321727769630143
 10
9.827849820022265
 20
9.342929446028819
 10
9.85470527679422
 20
9.359890787148003
 10
9.884387623752218
 20
9.376852128266733
 10
9.916896860897395
 20
9.395226914479053
 10
9.947992652948641
 20
9.406534475225186
 10
9.979088444999888
 20
9.416428590877814
 10
10.00735734686509
 20
9.423495816344086
 10
10.03421280363682
 20
9.424909261437335
 10
10.06530859568806
 20
9.423495816344086
 10
10.09640438774022
 20
9.416428590877814
 10
10.12325984451172
 20
9.406534475225186
 10
10.14446152091068
 20
9.395226914479053
 10
10.16707664240266
 20
9.378265573360124
 10
10.18403798352142
 20
9.359890787148003
 10
10.19534554426741
 20
9.342929446028819
 10
10.20665310501317
 20
9.321727769630143
 10
10.21089344029315
 20
9.301939538324575
 10
10.2137203304801
 20
9.280737861925899
 10
10.17979764824213
 20
9.255295850247421
 10
10.14446152091068
 20
9.235507618941937
 10
10.10205816811299
 20
9.219959722916144
 10
10.0582413702225
 20
9.205825271983655
 10
10.01018423705182
 20
9.193104266144473
 10
9.955059878415113
 20
9.186037040678172
 10
9.89004140412544
 20
9.1789698152119
 10
9.819369149463
 20
9.176142925025544
 10
9.740216224241066
 20
9.171902589745684
 97
        0
 92
        7
 72
     0
 73
     1
 93
       62
 10
7.769873764251315
 20
9.646820141077427
 10
7.776940989717786
 20
9.730213401579391
 10
7.7868351053703
 20
9.813606662081042
 10
7.798142666116518
 20
9.891346142209727
 10
7.812277117049006
 20
9.957778061592648
 10
7.827825013074516
 20
10.02279653588164
 10
7.844786354193274
 20
10.08640156507812
 10
7.864574585498758
 20
10.14859314918141
 10
7.884362816804696
 20
10.20937128819079
 10
7.904151048110179
 20
10.25742842136131
 10
7.926766169601933
 20
10.30548555453285
 10
7.946554400907643
 20
10.34788890732937
 10
7.969169522399624
 20
10.39029226012667
 10
7.993198088984627
 20
10.42845527764459
 10
7.849026689473475
 20
10.42845527764459
 10
7.813690562142255
 20
10.3818115895674
 10
7.782594770090099
 20
10.33799479167649
 10
7.754325868224896
 20
10.29417799378615
 10
7.727470411453623
 20
10.25177464098837
 10
7.703441844868848
 20
10.21078473328413
 10
7.672346052817147
 20
10.1514200393677
 10
7.644077150951943
 20
10.08922845526473
 10
7.617221694179988
 20
10.02703687116172
 10
7.594606572688235
 20
9.962018396872196
 10
7.574818341383206
 20
9.895586477489416
 10
7.555030110077495
 20
9.81360666208107
 10
7.539482214051304
 20
9.730213401579135
 10
7.526761208212519
 20
9.646820141077313
 10
7.519693982746275
 20
9.559186545295915
 10
7.518280537653254
 20
9.471552949514659
 10
7.519693982746275
 20
9.390986579199335
 10
7.526761208212519
 20
9.310420208884153
 10
7.539482214051304
 20
9.229853838568971
 10
7.555030110077495
 20
9.150700913346923
 10
7.577645231569476
 20
9.072961433218409
 10
7.597433462874505
 20
9.01076984911549
 10
7.621462029459962
 20
8.945751374826045
 10
7.645490596045192
 20
8.883559790722728
 10
7.676586388097121
 20
8.819954761526361
 10
7.707682180148367
 20
8.754936287236944
 10
7.731710746733824
 20
8.712532934439479
 10
7.757152758411848
 20
8.665889246362411
 10
7.785421660277052
 20
8.620659003378449
 10
7.813690562142255
 20
8.572601870207904
 10
7.847613244380227
 20
8.521717846850862
 10
7.990371198798584
 20
8.521717846850862
 10
7.970582967492646
 20
8.559880864368693
 10
7.953621626373205
 20
8.599457326979603
 10
7.933833395068177
 20
8.640447234683819
 10
7.915458608855942
 20
8.684264032574617
 10
7.899910712830433
 20
8.730907720650861
 10
7.878709036431473
 20
8.795926194941358
 10
7.856093914939492
 20
8.859531224137668
 10
7.83771912872703
 20
8.925963143519652
 10
7.820757787608272
 20
8.992395062902858
 10
7.808036781769487
 20
9.058826982285069
 10
7.792488885743296
 20
9.140806797694352
 10
7.781181324997078
 20
9.224200058195947
 10
7.772700654437585
 20
9.306179873604349
 10
7.767046874064362
 20
9.38815968901278
 10
7.765633428971568
 20
9.471552949514546
 10
7.767046874064362
 20
9.559186545296313
 97
        0
 75
     1
 76
     1
 47
0.1008730506242924
 98
       30
 10
47.34841813826188
 20
9.498828702868649
 10
47.34841813826188
 20
9.498828702868649
 10
47.34841813826188
 20
9.498828702868649
 10
44.94577573605875
 20
10.89535434233676
 10
41.0230877388758
 20
9.498828702868649
 10
39.69918094522473
 20
8.665814810982737
 10
37.49266807809818
 20
10.40534435118388
 10
33.64353560625841
 20
9.523328429157572
 10
33.64353560625841
 20
9.523328429157572
 10
33.17771637763599
 20
10.74835082947857
 10
32.54027685613164
 20
10.77285055576749
 10
32.85899893344776
 20
11.23835824306979
 10
29.20599599668367
 20
9.572330459297972
 10
29.20599599668367
 20
9.572330459297972
 10
28.10274187968389
 20
9.180324528424989
 10
25.87616757234901
 20
11.03243939683034
 10
25.89538578343036
 20
10.13931676038237
 10
24.97283752149451
 20
8.804433514833363
 10
21.55171796139621
 20
9.515090541181052
 10
21.55171796139621
 20
9.515090541181052
 10
18.47261584151602
 20
9.740753511920502
 10
17.27124135945359
 20
9.109681288192859
 10
17.27124135945359
 20
9.109681288192859
 10
14.51422960026775
 20
9.032720443633479
 10
14.51422960026775
 20
9.032720443633479
 10
11.81882916484301
 20
9.155858310441089
 10
11.68021063607193
 20
10.00241729034906
 10
9.308258067572751
 20
8.986545998946894
 10
9.308258067572751
 20
8.986545998946894
 10
7.614002261679161
 20
9.556050578051781
450
        0
451
        0
460
0.0
461
0.0
452
        0
462
0.0
453
        0
470

1001
GradientColor1ACI
1070
     7
1001
GradientColor2ACI
1070
     5
1001
ACAD
1010
0.0
1020
0.0
1030
0.0
  0
TEXT
  5
505545F
330
5055455
100
AcDbEntity
  8
TITLE
 62
     7
100
AcDbText
 10
7.323477395703736
 20
2.985453390335351
 30
0.0
 40
1.5
  1
NIROO CONSULTING ENGINEERS CO.
 41
0.95
  7
ROMANT
 72
     1
 11
28.12169168141804
 21
3.735453390335351
 31
0.0
100
AcDbText
 73
     2
  0
ENDBLK
  5
5055460
330
5055455
100
AcDbEntity
  8
0
 62
     3
100
AcDbBlockEnd
  0
BLOCK
  5
50555EE
330
50555EC
100
AcDbEntity
  8
0
100
AcDbBlockBegin
  2
PSP_LOGO
 70
     0
 10
0.0
 20
0.0
 30
0.0
  3
PSP_LOGO
  1

  0
HATCH
  5
50555EF
330
50555EC
100
AcDbEntity
  8
0
 62
     5
100
AcDbHatch
 10
0.0
 20
0.0
 30
0.0
210
0.0
220
0.0
230
1.0
  2
SOLID
 70
     1
 71
     0
 91
        2
 92
        5
 93
        6
 72
     1
 10
7.08802079952759
 20
-3.577612628040941
 11
6.149734405142728
 21
-0.5468848879496089
 72
     2
 10
5.935823533338806
 20
-0.613109794324124
 40
0.2239276652863746
 50
17.20206056213657
 51
122.9328063257412
 73
     1
 72
     4
 94
        3
 73
     0
 74
     0
 95
       14
 96
       10
 40
4.379128066601809
 40
4.379128066601809
 40
4.379128066601809
 40
4.379128066601809
 40
4.727571936049049
 40
4.727571936049049
 40
5.094494429519413
 40
5.094494429519413
 40
5.461416922989779
 40
5.461416922989779
 40
5.621397917592876
 40
5.621397917592876
 40
5.621397917592876
 40
5.621397917592876
 10
5.810684717787317
 20
-0.4274114469677988
 10
5.243480290210819
 20
-0.8096404295653018
 10
4.56034637527996
 20
-1.132258800671004
 10
2.997057951395616
 20
-1.647459135215739
 10
2.10856361400466
 20
-1.831743065474027
 10
0.2678294446416398
 20
-2.021251060802258
 10
-0.6838487014716347
 20
-2.026328333722481
 10
-2.010219961944065
 20
-1.90444339189691
 10
-2.407503613000608
 20
-1.850360211776098
 10
-2.794771952074226
 20
-1.779957100357679
 97
        0
 72
     1
 10
-2.794771952074226
 20
-1.779957100357679
 11
-3.191835016190813
 21
-3.867765199688087
 72
     1
 10
-3.191835016190822
 20
-3.867765199556462
 11
6.874109927740128
 21
-3.867765199556462
 72
     2
 10
6.874109927748359
 20
-3.643837534349644
 40
0.2239276652863676
 50
269.9999999998473
 51
377.2020605617303
 73
     1
 97
        0
 92
       20
 93
        6
 72
     1
 10
-2.853674654270696
 20
-3.587855618080843
 11
-2.57112744646413
 21
-2.102186458189677
 72
     4
 94
        3
 73
     0
 74
     0
 95
       14
 96
       10
 40
4.415822659599773
 40
4.415822659599773
 40
4.415822659599773
 40
4.415822659599773
 40
4.571980738817553
 40
4.571980738817553
 40
4.972925360970338
 40
4.972925360970338
 40
5.373869983123121
 40
5.373869983123121
 40
5.563387937698623
 40
5.563387937698623
 40
5.563387937698623
 40
5.563387937698623
 10
-2.571127446472361
 20
-2.102186458189679
 10
-2.180810580682301
 20
-2.164847751655774
 10
-1.782109594554362
 20
-2.211401203292788
 10
-0.3450812549597765
 20
-2.317858340291641
 10
0.7154377241510906
 20
-2.284735110272193
 10
2.738374923156854
 20
-2.001275651874878
 10
3.700434750244022
 20
-1.752103767176873
 10
4.945362914830925
 20
-1.243172620711763
 10
5.319276995233997
 20
-1.058542018864451
 10
5.661684545750283
 20
-0.8535269942232753
 97
        0
 72
     2
 10
5.776717129477595
 20
-1.045649621617305
 40
0.2239276652863488
 50
239.089118356306
 51
342.7979394385896
 73
     0
 72
     1
 10
5.990628001256833
 20
-0.9794247153086057
 11
6.70834638542109
 21
-3.297703046367888
 72
     2
 10
6.494435513625399
 20
-3.363927952742402
 40
0.2239276652863676
 50
342.7979394382696
 51
450.0000000008983
 73
     0
 72
     1
 10
6.494435513625399
 20
-3.587855618080843
 11
-2.853674654270696
 21
-3.587855618080843
 97
        0
 75
     0
 76
     1
 47
0.0188490817145224
 98
        2
 10
-0.3087833790076355
 20
-3.682054557143227
 10
-0.3087833790076355
 20
-3.682054557143227
450
        0
451
        0
460
0.0
461
0.0
452
        0
462
0.0
453
        0
470

1001
ACAD
1010
0.0
1020
0.0
1030
0.0
  0
SPLINE
  5
50555F0
330
50555EC
100
AcDbEntity
  8
0
 62
     5
100
AcDbSpline
210
0.0
220
0.0
230
1.0
 70
     8
 71
     3
 72
    14
 73
    10
 74
     0
 42
0.000000001
 43
0.0000000001
 40
4.379128066601809
 40
4.379128066601809
 40
4.379128066601809
 40
4.379128066601809
 40
4.727571936049049
 40
4.727571936049049
 40
5.094494429519413
 40
5.094494429519413
 40
5.461416922989779
 40
5.461416922989779
 40
5.621397917592876
 40
5.621397917592876
 40
5.621397917592876
 40
5.621397917592876
 10
5.810684717787317
 20
-0.4274114469677988
 30
0.0
 10
5.243480290210819
 20
-0.8096404295653018
 30
0.0
 10
4.56034637527996
 20
-1.132258800671004
 30
0.0
 10
2.997057951395616
 20
-1.647459135215739
 30
0.0
 10
2.10856361400466
 20
-1.831743065474027
 30
0.0
 10
0.2678294446416398
 20
-2.021251060802258
 30
0.0
 10
-0.6838487014716347
 20
-2.026328333722481
 30
0.0
 10
-2.010219961944065
 20
-1.90444339189691
 30
0.0
 10
-2.407503613000608
 20
-1.850360211776098
 30
0.0
 10
-2.794771952074226
 20
-1.779957100357679
 30
0.0
  0
LWPOLYLINE
  5
50555F1
330
50555EC
100
AcDbEntity
  8
0
 62
     5
100
AcDbPolyline
 90
        2
 70
     0
 43
0.0
 10
-2.794771952074226
 20
-1.779957100357679
 10
-3.191835016190822
 20
-3.867765199556462
  0
LWPOLYLINE
  5
50555F2
330
50555EC
100
AcDbEntity
  8
0
 62
     5
100
AcDbPolyline
 90
        2
 70
     0
 43
0.0
 10
-3.191835016190822
 20
-3.867765199556462
 10
6.874109927748359
 20
-3.867765199556462
  0
LWPOLYLINE
  5
50555F3
330
50555EC
100
AcDbEntity
  8
0
 62
     5
100
AcDbPolyline
 90
        2
 70
     0
 43
0.0
 10
-2.853674654270696
 20
-3.587855618080843
 10
-2.571127446472361
 20
-2.102186458189679
  0
SPLINE
  5
50555F4
330
50555EC
100
AcDbEntity
  8
0
 62
     5
100
AcDbSpline
210
0.0
220
0.0
230
1.0
 70
     8
 71
     3
 72
    14
 73
    10
 74
     0
 42
0.000000001
 43
0.0000000001
 40
4.415822659599773
 40
4.415822659599773
 40
4.415822659599773
 40
4.415822659599773
 40
4.571980738817553
 40
4.571980738817553
 40
4.972925360970338
 40
4.972925360970338
 40
5.373869983123121
 40
5.373869983123121
 40
5.563387937698623
 40
5.563387937698623
 40
5.563387937698623
 40
5.563387937698623
 10
-2.571127446472361
 20
-2.102186458189679
 30
0.0
 10
-2.180810580682301
 20
-2.164847751655774
 30
0.0
 10
-1.782109594554362
 20
-2.211401203292788
 30
0.0
 10
-0.3450812549597765
 20
-2.317858340291641
 30
0.0
 10
0.7154377241510906
 20
-2.284735110272193
 30
0.0
 10
2.738374923156854
 20
-2.001275651874878
 30
0.0
 10
3.700434750244022
 20
-1.752103767176873
 30
0.0
 10
4.945362914830925
 20
-1.243172620711763
 30
0.0
 10
5.319276995233997
 20
-1.058542018864451
 30
0.0
 10
5.661684545750283
 20
-0.8535269942232753
 30
0.0
  0
LWPOLYLINE
  5
50555F5
330
50555EC
100
AcDbEntity
  8
0
 62
     5
100
AcDbPolyline
 90
        2
 70
     0
 43
0.0
 10
5.661684545750283
 20
-0.8535269942232753
 42
-0.4861608216969159
 10
5.990628001256833
 20
-0.9794247153086057
  0
LWPOLYLINE
  5
50555F6
330
50555EC
100
AcDbEntity
  8
0
 62
     5
100
AcDbPolyline
 90
        2
 70
     0
 43
0.0
 10
6.494435513625399
 20
-3.587855618080843
 10
-2.853674654270696
 20
-3.587855618080843
  0
HATCH
  5
50555F7
330
50555EC
100
AcDbEntity
  8
0
 62
     5
100
AcDbHatch
 10
0.0
 20
0.0
 30
0.0
210
0.0
220
0.0
230
1.0
  2
SOLID
 70
     1
 71
     0
 91
        2
 92
        5
 93
        6
 72
     2
 10
-7.480133270520574
 20
-3.643837534349644
 40
0.2239276652859953
 50
90.0
 51
190.7680191831
 73
     0
 72
     1
 10
-7.700117947717154
 20
-3.602000456515434
 11
-7.075783837926599
 21
-0.319172289135706
 72
     2
 10
-6.855799160721796
 20
-0.361009367035726
 40
0.2239276652862521
 50
190.7680191832111
 51
308.0813573229005
 73
     0
 72
     4
 94
        3
 73
     0
 74
     0
 95
       12
 96
        8
 40
3.731899026818746
 40
3.731899026818746
 40
3.731899026818746
 40
3.731899026818746
 40
3.805264074264174
 40
3.805264074264174
 40
4.17218656773454
 40
4.17218656773454
 40
4.276702925599443
 40
4.276702925599443
 40
4.276702925599443
 40
4.276702925599443
 10
-6.717685101755781
 20
-0.1847478962613354
 10
-6.60853561310291
 20
-0.2702746929337817
 10
-6.493965868987642
 20
-0.3532637521889231
 10
-5.775771260761797
 20
-0.8354248093192525
 10
-5.04863761949912
 20
-1.171058072303275
 10
-4.006353875277271
 20
-1.499215918307591
 10
-3.768480174285331
 20
-1.565419264041763
 10
-3.525080439491052
 20
-1.624863713917663
 97
        0
 72
     1
 10
-3.525080439491052
 20
-1.624863713917663
 11
-3.951639440159961
 21
-3.867765199622276
 72
     1
 10
-3.951639440176414
 20
-3.867765199556462
 11
-7.480133270528805
 21
-3.867765199556462
 97
        0
 92
       20
 93
        4
 72
     4
 94
        3
 73
     0
 74
     0
 95
        8
 96
        4
 40
4.067711929370321
 40
4.067711929370321
 40
4.067711929370321
 40
4.067711929370321
 40
4.24037766588736
 40
4.24037766588736
 40
4.24037766588736
 40
4.24037766588736
 10
-5.011350049420102
 20
-1.449561759324957
 10
-4.643121443159096
 20
-1.594900430142162
 10
-4.254162884252175
 20
-1.722315388127911
 10
-3.849176241161241
 20
-1.830820048416307
 97
        0
 72
     1
 10
-3.849176241161241
 20
-1.830820048416307
 11
-4.183332396235205
 21
-3.58785561788341
 72
     1
 10
-4.183332396218752
 20
-3.587855618080843
 11
-5.418014585179918
 21
-3.587855618080843
 72
     1
 10
-5.41801458519637
 20
-3.587855618080843
 11
-5.011350049428324
 21
-1.449561759456577
 97
        0
 75
     0
 76
     1
 47
0.0246715029805953
 98
        2
 10
-5.525215657960583
 20
-1.575849170088489
 10
-5.525215657960583
 20
-1.575849170088489
450
        0
451
        0
460
0.0
461
0.0
452
        0
462
0.0
453
        0
470

1001
ACAD
1010
0.0
1020
0.0
1030
0.0
  0
LWPOLYLINE
  5
50555F8
330
50555EC
100
AcDbEntity
  8
0
 62
     5
100
AcDbPolyline
 90
        2
 70
     0
 43
0.0
 10
-7.700117947717154
 20
-3.602000456515434
 42
0.4703938507338659
 10
-7.480133270520574
 20
-3.867765199556462
  0
LWPOLYLINE
  5
50555F9
330
50555EC
100
AcDbEntity
  8
0
 62
     5
100
AcDbPolyline
 90
        2
 70
     0
 43
0.0
 10
-7.480133270520574
 20
-3.867765199556462
 10
-3.951639440176414
 20
-3.867765199556462
  0
LWPOLYLINE
  5
50555FA
330
50555EC
100
AcDbEntity
  8
0
 62
     5
100
AcDbPolyline
 90
        2
 70
     0
 43
0.0
 10
-3.951639440176414
 20
-3.867765199556462
 10
-3.525080439491052
 20
-1.624863713917663
  0
SPLINE
  5
50555FB
330
50555EC
100
AcDbEntity
  8
0
 62
     5
100
AcDbSpline
210
0.0
220
0.0
230
1.0
 70
     8
 71
     3
 72
    12
 73
     8
 74
     0
 42
0.000000001
 43
0.0000000001
 40
3.731899026818746
 40
3.731899026818746
 40
3.731899026818746
 40
3.731899026818746
 40
3.836415384683649
 40
3.836415384683649
 40
4.203337878154016
 40
4.203337878154016
 40
4.276702925599443
 40
4.276702925599443
 40
4.276702925599443
 40
4.276702925599443
 10
-3.525080439491052
 20
-1.624863713917663
 30
0.0
 10
-3.768480174285331
 20
-1.565419264041763
 30
0.0
 10
-4.006353875277271
 20
-1.499215918307591
 30
0.0
 10
-5.04863761949912
 20
-1.171058072303275
 30
0.0
 10
-5.775771260761797
 20
-0.8354248093192525
 30
0.0
 10
-6.493965868987642
 20
-0.3532637521889231
 30
0.0
 10
-6.60853561310291
 20
-0.2702746929337817
 30
0.0
 10
-6.717685101755781
 20
-0.1847478962613354
 30
0.0
  0
LWPOLYLINE
  5
50555FC
330
50555EC
100
AcDbEntity
  8
0
 62
     5
100
AcDbPolyline
 90
        2
 70
     0
 43
0.0
 10
-6.723623829200341
 20
-0.180251846977489
 42
0.5509335503989487
 10
-7.075783837926598
 20
-0.3191722890698971
  0
LWPOLYLINE
  5
50555FD
330
50555EC
100
AcDbEntity
  8
0
 62
     5
100
AcDbPolyline
 90
        2
 70
     0
 43
0.0
 10
-7.075783837926598
 20
-0.3191722890698971
 10
-7.700117947717154
 20
-3.602000456515434
  0
SPLINE
  5
50555FE
330
50555EC
100
AcDbEntity
  8
0
 62
     5
100
AcDbSpline
210
0.0
220
0.0
230
1.0
 70
     8
 71
     3
 72
     8
 73
     4
 74
     0
 42
0.000000001
 43
0.0000000001
 40
4.067711929370321
 40
4.067711929370321
 40
4.067711929370321
 40
4.067711929370321
 40
4.24037766588736
 40
4.24037766588736
 40
4.24037766588736
 40
4.24037766588736
 10
-5.011350049420102
 20
-1.449561759324957
 30
0.0
 10
-4.643121443159096
 20
-1.594900430142162
 30
0.0
 10
-4.254162884252175
 20
-1.722315388127911
 30
0.0
 10
-3.849176241161241
 20
-1.830820048416307
 30
0.0
  0
LWPOLYLINE
  5
50555FF
330
50555EC
100
AcDbEntity
  8
0
 62
     5
100
AcDbPolyline
 90
        2
 70
     0
 43
0.0
 10
-3.849176241161241
 20
-1.830820048416307
 10
-4.183332396218752
 20
-3.587855618080843
  0
LWPOLYLINE
  5
5055600
330
50555EC
100
AcDbEntity
  8
0
 62
     5
100
AcDbPolyline
 90
        2
 70
     0
 43
0.0
 10
-4.183332396218752
 20
-3.587855618080843
 10
-5.41801458519637
 20
-3.587855618080843
  0
LWPOLYLINE
  5
5055601
330
50555EC
100
AcDbEntity
  8
0
 62
     5
100
AcDbPolyline
 90
        2
 70
     0
 43
0.0
 10
-5.41801458519637
 20
-3.587855618080843
 10
-5.011350049420102
 20
-1.449561759324957
  0
HATCH
  5
5055602
330
50555EC
100
AcDbEntity
  8
0
 62
     5
100
AcDbHatch
 10
0.0
 20
0.0
 30
0.0
210
0.0
220
0.0
230
1.0
  2
SOLID
 70
     1
 71
     1
 91
        3
 92
        5
 93
        1
 72
     3
 10
-0.2864060505148497
 20
2.290245595934497
 11
7.464255509544819
 21
0.0
 40
0.5250000000000004
 50
0.0
 51
360.0
 73
     1
 97
        1
330
5055603
 92
       21
 93
        1
 72
     3
 10
-0.2864060505148497
 20
2.290245595934497
 11
5.598191632158612
 21
0.0
 40
0.5333333333333337
 50
0.0
 51
360.0
 73
     1
 97
        1
330
5055604
 92
       20
 93
        4
 72
     3
 10
-0.2864060505148497
 20
2.290245595934497
 11
-4.478553305728693
 21
0.0000000000025132
 40
0.5416666666664928
 50
175.1792318613039
 51
350.0646030971996
 73
     0
 72
     1
 10
-4.843875332615927
 20
1.917032820151055
 11
-4.711641344943763
 21
1.917032820151055
 72
     3
 10
-0.2864060505148497
 20
2.290245595934497
 11
-4.478553305730946
 21
0.0000000000137056
 40
0.5416666666660938
 50
-4.820768138864693
 51
170.0646030970888
 73
     0
 72
     1
 10
4.271063231898271
 20
2.66345837132307
 11
4.13882924395914
 21
2.66345837132307
 97
        8
330
505560A
330
5055607
330
5055608
330
5055609
330
5055606
330
505560B
330
505560C
330
505560D
 75
     0
 76
     1
 47
0.0593317798213877
 98
        3
 10
5.381345872487572
 20
0.4727815493348795
 10
5.381345872487572
 20
0.4727815493348795
 10
5.381345872487572
 20
0.4727815493348795
450
        1
451
        0
460
0.0
461
0.0
452
        1
462
0.6700000166893006
453
        2
463
0.0
 63
     5
421
      255
463
1.0
 63
   173
421
  5724159
470
LINEAR
1001
ACAD
1010
0.0
1020
0.0
1030
0.0
  0
ELLIPSE
  5
5055603
102
{ACAD_REACTORS
330
5055602
102
}
330
50555EC
100
AcDbEntity
  8
0
 62
     5
100
AcDbEllipse
 10
-0.2864060505148497
 20
2.290245595934497
 30
0.0
 11
7.464255509544819
 21
0.0
 31
0.0
210
0.0
220
0.0
230
1.0
 40
0.5250000000000004
 41
0.0
 42
6.283185307179584
  0
ELLIPSE
  5
5055604
102
{ACAD_REACTORS
330
5055602
102
}
330
50555EC
100
AcDbEntity
  8
0
 62
     5
100
AcDbEllipse
 10
-0.2864060505148497
 20
2.290245595934497
 30
0.0
 11
5.598191632158612
 21
0.0
 31
0.0
210
0.0
220
0.0
230
1.0
 40
0.5333333333333337
 41
0.0
 42
6.283185307179584
  0
HATCH
  5
5055605
330
50555EC
100
AcDbEntity
  8
0
 62
     5
100
AcDbHatch
 10
0.0
 20
0.0
 30
0.0
210
0.0
220
0.0
230
1.0
  2
SOLID
 70
     1
 71
     0
 91
        1
 92
        5
 93
        8
 72
     3
 10
-0.2864060505148497
 20
2.290245595934497
 11
-4.478553305728695
 21
0.0000000000025132
 40
0.5416666666664927
 50
9.935396902800409
 51
184.820768138696
 73
     1
 72
     1
 10
4.138829243953265
 20
2.66345837132307
 11
-3.561334864244201
 21
2.66345837132307
 72
     3
 10
-0.2864060505148497
 20
2.290245595934497
 11
-3.358914979295168
 21
0.0000000000000024
 40
0.4999999999999995
 50
6.501412233399758
 51
166.0679084507419
 73
     0
 72
     1
 10
2.722531540327469
 20
3.036671146711647
 11
3.974874333198258
 21
3.036671146711647
 72
     3
 10
-0.2864060505148497
 20
2.290245595934497
 11
-4.478553305730947
 21
0.0000000000137056
 40
0.5416666666660938
 50
189.9353969029111
 51
364.8207681388646
 73
     1
 72
     1
 10
-4.711641344991186
 20
1.917032820151054
 11
2.98852276320628
 21
1.917032820151054
 72
     3
 10
-0.2864060505148497
 20
2.290245595934497
 11
-3.358914979295168
 21
0.0000000000000024
 40
0.5000000000000001
 50
186.5014122333996
 51
346.067908450742
 73
     0
 72
     1
 10
-3.2953436413654
 20
1.543820044762477
 11
-4.547686434236188
 21
1.543820044762477
 97
        0
 75
     0
 76
     1
 47
0.0445774849267856
 98
        3
 10
-0.7563400288074642
 20
0.2493190884000344
 10
4.500416515143464
 20
-0.2958382252353022
 10
0.420197369491362
 20
0.3098392361117175
450
        0
451
        0
460
0.0
461
0.0
452
        0
462
0.0
453
        0
470

1001
ACAD
1010
0.0
1020
0.0
1030
0.0
  0
ELLIPSE
  5
5055606
102
{ACAD_REACTORS
330
5055602
102
}
330
50555EC
100
AcDbEntity
  8
0
 62
     5
100
AcDbEllipse
 10
-0.2864060505148497
 20
2.290245595934497
 30
0.0
 11
-4.478553305730946
 21
0.0000000000137056
 31
0.0
210
0.0
220
0.0
230
1.0
 40
0.5416666666660938
 41
3.454359375536508
 42
6.437644905669657
  0
LWPOLYLINE
  5
5055607
102
{ACAD_REACTORS
330
5055602
102
}
330
50555EC
100
AcDbEntity
  8
0
 62
     5
100
AcDbPolyline
 90
        2
 70
     0
 43
0.0
 10
-4.547686434252632
 20
1.543820044762477
 10
-3.2953436413654
 20
1.543820044762477
  0
ELLIPSE
  5
5055608
102
{ACAD_REACTORS
330
5055602
102
}
330
50555EC
100
AcDbEntity
  8
0
 62
     5
100
AcDbEllipse
 10
-0.2864060505148497
 20
2.290245595934497
 30
0.0
 11
-3.358914979295168
 21
0.0000000000000024
 31
0.0
210
0.0
220
0.0
230
1.0
 40
0.5000000000000001
 41
0.4605539916813215
 42
2.917499561288421
  0
LWPOLYLINE
  5
5055609
102
{ACAD_REACTORS
330
5055602
102
}
330
50555EC
100
AcDbEntity
  8
0
 62
     5
100
AcDbPolyline
 90
        2
 70
     0
 43
0.0
 10
2.988522763206281
 20
1.917032820151054
 10
-4.711641344991186
 20
1.917032820151054
  0
ELLIPSE
  5
505560A
102
{ACAD_REACTORS
330
5055602
102
}
330
50555EC
100
AcDbEntity
  8
0
 62
     5
100
AcDbEllipse
 10
-0.2864060505148497
 20
2.290245595934497
 30
0.0
 11
-4.478553305728693
 21
0.0000000000025132
 31
0.0
210
0.0
220
0.0
230
1.0
 40
0.5416666666664928
 41
0.3127667219431687
 42
3.296052252074408
  0
LWPOLYLINE
  5
505560B
102
{ACAD_REACTORS
330
5055602
102
}
330
50555EC
100
AcDbEntity
  8
0
 62
     5
100
AcDbPolyline
 90
        2
 70
     0
 43
0.0
 10
3.974874333190027
 20
3.036671146711647
 10
2.722531540327469
 20
3.036671146711647
  0
ELLIPSE
  5
505560C
102
{ACAD_REACTORS
330
5055602
102
}
330
50555EC
100
AcDbEntity
  8
0
 62
     5
100
AcDbEllipse
 10
-0.2864060505148497
 20
2.290245595934497
 30
0.0
 11
-3.358914979295168
 21
0.0000000000000024
 31
0.0
210
0.0
220
0.0
230
1.0
 40
0.4999999999999995
 41
3.602146645271115
 42
6.059092214878213
  0
LWPOLYLINE
  5
505560D
102
{ACAD_REACTORS
330
5055602
102
}
330
50555EC
100
AcDbEntity
  8
0
 62
     5
100
AcDbPolyline
 90
        2
 70
     0
 43
0.0
 10
-3.56133486424421
 20
2.66345837132307
 10
4.138829243953265
 20
2.66345837132307
  0
HATCH
  5
505560E
330
50555EC
100
AcDbEntity
  8
0
 62
     5
100
AcDbHatch
 10
0.0
 20
0.0
 30
0.0
210
0.0
220
0.0
230
1.0
  2
SOLID
 70
     1
 71
     0
 91
        1
 92
        7
 72
     0
 73
     1
 93
        4
 10
8.590307368685218
 20
-4.778048879585043
 10
8.590307368685218
 20
-4.467038233384024
 10
-8.892869163839829
 20
-4.467038233384024
 10
-8.892869163839829
 20
-4.778048879585043
 97
        0
 75
     0
 76
     1
 47
0.0268944728169707
 98
        1
 10
5.017349561575872
 20
-4.671300557225942
450
        0
451
        0
460
0.0
461
0.0
452
        0
462
0.0
453
        0
470

1001
ACAD
1010
0.0
1020
0.0
1030
0.0
  0
LWPOLYLINE
  5
505560F
330
50555EC
100
AcDbEntity
  8
0
 62
     5
100
AcDbPolyline
 90
        5
 70
     1
 43
0.0
 10
-8.892869163839829
 20
-4.467038233384024
 10
-8.892869163839829
 20
-4.778048879585043
 10
8.590307368685218
 20
-4.778048879585043
 10
8.590307368685218
 20
-4.467038233384024
 10
-8.892869163839829
 20
-4.467038233384024
  0
MTEXT
  5
5055610
330
50555EC
100
AcDbEntity
  8
0
 62
     5
100
AcDbMText
 10
-9.306957715579091
 20
-5.190496403169759
 30
0.0
 40
1.259891960646046
 41
19.68884223391052
 46
0.0
 71
     1
 72
     5
  1
{\Fromand|c0;PERSIAN SAZEH Co.}
 73
     1
 44
1.0
  0
LWPOLYLINE
  5
5055611
330
50555EC
100
AcDbEntity
  8
0
 62
     5
100
AcDbPolyline
 90
        2
 70
     0
 43
0.0
 10
-2.853674654270696
 20
-3.587855618080843
 10
-2.571127446472361
 20
-2.102186458189679
 42
-0.8908208420302761
  0
ENDBLK
  5
5055612
330
50555EC
100
AcDbEntity
  8
0
100
AcDbBlockEnd
  0
BLOCK
  5
5055615
330
5055613
100
AcDbEntity
  8
0
100
AcDbBlockBegin
  2
GHODSNIROO
 70
     0
 10
0.0
 20
0.0
 30
0.0
  3
GHODSNIROO
  1

  0
TEXT
  5
5055616
330
5055613
100
AcDbEntity
  8
Title Block
 62
     2
370
     5
100
AcDbText
 10
2.170233927430217
 20
4.390730237813841
 30
0.0
 40
1.5
  1
ENGINEERING CO.
 41
0.9220111079243942
  7
ROMANC
 72
     5
 11
21.40075132128186
 21
4.390730237813841
 31
0.0
100
AcDbText
1001
AcDbBlockRepETag
1070
     1
1071
        0
1005
0
  0
TEXT
  5
5055617
330
5055613
100
AcDbEntity
  8
Title Block
 62
     2
370
     5
100
AcDbText
 10
1.612798531983571
 20
7.761733736668247
 30
0.0
 40
2.0
  1
GHODS NIROO
  7
ROMANT
100
AcDbText
1001
AcDbBlockRepETag
1070
     1
1071
        1
1005
0
  0
LINE
  5
5055618
330
5055613
100
AcDbEntity
  8
Title Block
 62
     7
100
AcDbLine
 10
-3.624328021944847
 20
11.25178620302765
 30
0.0
 11
-3.624328021944847
 21
5.91613475257273
 31
0.0
  0
LINE
  5
5055619
330
5055613
100
AcDbEntity
  8
Title Block
 62
     7
100
AcDbLine
 10
-6.24178136676096
 20
8.009439164714279
 30
0.0
 11
-6.24178136676096
 21
11.25178620302765
 31
0.0
  0
HATCH
  5
505561A
330
5055613
100
AcDbEntity
  8
0
 62
     1
100
AcDbHatch
 10
0.0
 20
0.0
 30
0.0
210
0.0
220
0.0
230
1.0
  2
SOLID
 70
     1
 71
     0
 91
        3
 92
        7
 72
     0
 73
     1
 93
        4
 10
0.1387844457245819
 20
8.949151349537231
 10
0.1387844457245819
 20
11.25178620302765
 10
-2.914473362550438
 20
11.25178620302765
 10
-2.914473362550438
 20
8.949151349537231
 97
        0
 92
        7
 72
     0
 73
     1
 93
        4
 10
0.1387844457245819
 20
5.844275896757977
 10
0.1387844457245819
 20
8.146910750206728
 10
-2.914473362550438
 20
8.146910750206728
 10
-2.914473362550438
 20
5.844275896757977
 97
        0
 92
        7
 72
     0
 73
     1
 93
       11
 10
0.0
 20
4.882519059031949
 10
-2.914473362550438
 20
4.882519059031949
 10
-2.914473362550438
 20
2.84701226855563
 10
-1.545824796601948
 20
2.84701226855563
 10
-1.545824796601948
 20
2.093304412002652
 10
-2.898421493753687
 20
2.093304412002652
 10
-3.785328394213081
 20
2.093304412002652
 10
-3.785328394213081
 20
4.882519059031949
 10
-6.402781739362524
 20
4.882519059031949
 10
-6.402781739362524
 20
0.0
 10
0.0
 20
0.0
 97
        0
 75
     0
 76
     1
 47
0.0261149384882479
 98
        3
 10
-1.210633147448817
 20
9.757240671464359
 10
-1.680935159286775
 20
6.780137649119268
 10
-0.6358196384806547
 20
2.941241671196593
450
        0
451
        0
460
0.0
461
0.0
452
        0
462
0.0
453
        0
470

1001
ACAD
1010
0.0
1020
0.0
1030
0.0
  0
LINE
  5
505561B
330
5055613
100
AcDbEntity
  8
Title Block
 62
     1
100
AcDbLine
 10
0.0
 20
4.882519059031949
 30
0.0
 11
0.0
 21
0.0
 31
0.0
  0
LINE
  5
505561C
330
5055613
100
AcDbEntity
  8
Title Block
 62
     1
100
AcDbLine
 10
-2.914473362550438
 20
4.882519059031949
 30
0.0
 11
0.0
 21
4.882519059031949
 31
0.0
  0
LINE
  5
505561D
330
5055613
100
AcDbEntity
  8
Title Block
 62
     1
100
AcDbLine
 10
-1.545824796601948
 20
2.093304412002652
 30
0.0
 11
-1.545824796601948
 21
2.84701226855563
 31
0.0
  0
LINE
  5
505561E
330
5055613
100
AcDbEntity
  8
Title Block
 62
     1
100
AcDbLine
 10
-2.914473362550438
 20
4.882519059031949
 30
0.0
 11
-2.914473362550438
 21
2.84701226855563
 31
0.0
  0
LINE
  5
505561F
330
5055613
100
AcDbEntity
  8
Title Block
 62
     1
100
AcDbLine
 10
-2.898421493753687
 20
2.093304412002652
 30
0.0
 11
-1.545824796601948
 21
2.093304412002652
 31
0.0
  0
LINE
  5
5055620
330
5055613
100
AcDbEntity
  8
Title Block
 62
     1
100
AcDbLine
 10
-2.914473362550438
 20
2.84701226855563
 30
0.0
 11
-1.545824796601948
 21
2.84701226855563
 31
0.0
  0
LINE
  5
5055621
330
5055613
100
AcDbEntity
  8
Title Block
 62
     7
100
AcDbLine
 10
-10.13259781249257
 20
8.009439164714279
 30
0.0
 11
-6.24178136676096
 21
8.009439164714279
 31
0.0
  0
LINE
  5
5055622
330
5055613
100
AcDbEntity
  8
Title Block
 62
     7
100
AcDbLine
 10
-10.13259781249257
 20
5.91613475257273
 30
0.0
 11
-3.624328021944847
 21
5.91613475257273
 31
0.0
  0
LINE
  5
5055623
330
5055613
100
AcDbEntity
  8
Title Block
 62
     7
100
AcDbLine
 10
-10.13259781249257
 20
5.91613475257273
 30
0.0
 11
-10.13259781249257
 21
8.009439164714279
 31
0.0
  0
LINE
  5
5055624
330
5055613
100
AcDbEntity
  8
Title Block
 62
     1
100
AcDbLine
 10
-3.785328394213081
 20
4.882519059031949
 30
0.0
 11
-3.785328394213081
 21
2.093304412002652
 31
0.0
  0
LINE
  5
5055625
330
5055613
100
AcDbEntity
  8
Title Block
 62
     1
100
AcDbLine
 10
-6.402781739362524
 20
4.882519059031949
 30
0.0
 11
-3.785328394213081
 21
4.882519059031949
 31
0.0
  0
LINE
  5
5055626
330
5055613
100
AcDbEntity
  8
Title Block
 62
     1
100
AcDbLine
 10
-6.402781739362524
 20
4.882519059031949
 30
0.0
 11
-3.785328394213081
 21
4.882519059031949
 31
0.0
  0
LINE
  5
5055627
330
5055613
100
AcDbEntity
  8
Title Block
 62
     1
100
AcDbLine
 10
-6.402781739362524
 20
4.882519059031949
 30
0.0
 11
-3.785328394213081
 21
4.882519059031949
 31
0.0
  0
LINE
  5
5055628
330
5055613
100
AcDbEntity
  8
Title Block
 62
     1
100
AcDbLine
 10
0.0
 20
0.0
 30
0.0
 11
-6.402781739362524
 21
0.0
 31
0.0
  0
LINE
  5
5055629
330
5055613
100
AcDbEntity
  8
Title Block
 62
     1
100
AcDbLine
 10
-2.898421493753687
 20
2.093304412002652
 30
0.0
 11
-3.785328394213081
 21
2.093304412002652
 31
0.0
  0
LINE
  5
505562A
330
5055613
100
AcDbEntity
  8
Title Block
 62
     1
100
AcDbLine
 10
0.1387844457245819
 20
8.949151349537231
 30
0.0
 11
-2.914473362550438
 21
8.949151349537231
 31
0.0
  0
LINE
  5
505562B
330
5055613
100
AcDbEntity
  8
Title Block
 62
     1
100
AcDbLine
 10
-2.914473362550438
 20
8.949151349537231
 30
0.0
 11
-2.914473362550438
 21
11.25178620302765
 31
0.0
  0
LINE
  5
505562C
330
5055613
100
AcDbEntity
  8
Title Block
 62
     1
100
AcDbLine
 10
0.1387844457245819
 20
8.949151349537231
 30
0.0
 11
0.1387844457245819
 21
11.25178620302765
 31
0.0
  0
LINE
  5
505562D
330
5055613
100
AcDbEntity
  8
Title Block
 62
     7
100
AcDbLine
 10
-7.620632519306127
 20
9.158481790761101
 30
0.0
 11
-7.620632519306127
 21
11.25178620302765
 31
0.0
  0
LINE
  5
505562E
330
5055613
100
AcDbEntity
  8
Title Block
 62
     7
100
AcDbLine
 10
-10.13259781249257
 20
9.158481790761101
 30
0.0
 11
-10.13259781249257
 21
11.25178620302765
 31
0.0
  0
LINE
  5
505562F
330
5055613
100
AcDbEntity
  8
Title Block
 62
     7
100
AcDbLine
 10
-10.13259781249257
 20
9.158481790761101
 30
0.0
 11
-7.620632519306127
 21
9.158481790761101
 31
0.0
  0
LINE
  5
5055630
330
5055613
100
AcDbEntity
  8
Title Block
 62
     1
100
AcDbLine
 10
0.1387844457245819
 20
5.844275896757977
 30
0.0
 11
-2.914473362550438
 21
5.844275896757977
 31
0.0
  0
LINE
  5
5055631
330
5055613
100
AcDbEntity
  8
Title Block
 62
     1
100
AcDbLine
 10
-2.914473362550438
 20
8.146910750206728
 30
0.0
 11
0.1387844457245819
 21
8.146910750206728
 31
0.0
  0
LINE
  5
5055632
330
5055613
100
AcDbEntity
  8
Title Block
 62
     1
100
AcDbLine
 10
-2.914473362550438
 20
5.844275896757977
 30
0.0
 11
-2.914473362550438
 21
8.146910750206728
 31
0.0
  0
LINE
  5
5055633
330
5055613
100
AcDbEntity
  8
Title Block
 62
     1
100
AcDbLine
 10
0.1387844457245819
 20
5.844275896757977
 30
0.0
 11
0.1387844457245819
 21
8.146910750206728
 31
0.0
  0
LINE
  5
5055634
330
5055613
100
AcDbEntity
  8
0
 62
     1
100
AcDbLine
 10
-2.914473362550438
 20
11.25178620302765
 30
0.0
 11
0.1387844457245819
 21
11.25178620302765
 31
0.0
  0
LINE
  5
5055635
330
5055613
100
AcDbEntity
  8
0
 62
     7
100
AcDbLine
 10
-6.24178136676096
 20
11.25178620302765
 30
0.0
 11
-3.624328021944847
 21
11.25178620302765
 31
0.0
  0
LINE
  5
5055636
330
5055613
100
AcDbEntity
  8
0
 62
     7
100
AcDbLine
 10
-10.13259781249257
 20
11.25178620302765
 30
0.0
 11
-7.620632519306127
 21
11.25178620302765
 31
0.0
  0
ENDBLK
  5
5055637
330
5055613
100
AcDbEntity
  8
0
100
AcDbBlockEnd
  0
BLOCK
  5
5055639
330
5055638
100
AcDbEntity
  8
0
100
AcDbBlockBegin
  2
_Open30
 70
     0
 10
0.0
 20
0.0
 30
0.0
  3
_Open30
  1

  0
LINE
  5
505563A
330
5055638
100
AcDbEntity
  8
0
  6
ByBlock
 62
     0
370
    -2
100
AcDbLine
 10
-1.0
 20
0.26794919
 30
0.0
 11
0.0
 21
0.0
 31
0.0
  0
LINE
  5
505563B
330
5055638
100
AcDbEntity
  8
0
  6
ByBlock
 62
     0
370
    -2
100
AcDbLine
 10
0.0
 20
0.0
 30
0.0
 11
-1.0
 21
-0.26794919
 31
0.0
  0
LINE
  5
505563C
330
5055638
100
AcDbEntity
  8
0
  6
ByBlock
 62
     0
370
    -2
100
AcDbLine
 10
0.0
 20
0.0
 30
0.0
 11
-1.0
 21
0.0
 31
0.0
  0
ENDBLK
  5
505563D
330
5055638
100
AcDbEntity
  8
0
100
AcDbBlockEnd
  0
BLOCK
  5
5055641
330
505563E
100
AcDbEntity
  8
0
100
AcDbBlockBegin
  2
Frame_Detail
 70
     0
 10
0.0
 20
0.0
 30
0.0
  3
Frame_Detail
  1

  0
TEXT
  5
5055642
330
505563E
100
AcDbEntity
  8
TXT FIXED
100
AcDbText
 10
315.3253967232184
 20
21.39682537741161
 30
0.0
 40
1.333333376248349
  1
----
  7
ROMANT
 72
     4
 11
318.5000000000002
 21
22.00000000000015
 31
0.0
100
AcDbText
  0
TEXT
  5
5055643
330
505563E
100
AcDbEntity
  8
TXT FIXED
370
    -2
100
AcDbText
 10
312.0000000000002
 20
17.25000000000028
 30
0.0
 40
1.5
  1
PREPARED:
 41
0.85
  7
ROMANS
 11
312.0000000000002
 21
18.00000000000028
 31
0.0
100
AcDbText
 73
     2
  0
TEXT
  5
5055644
330
505563E
100
AcDbEntity
  8
TXT FIXED
370
    -2
100
AcDbText
 10
312.1497737272716
 20
1.44419880697562
 30
0.0000000000000013
 40
1.5
  1
CONTRACT NO.:
 41
0.85
  7
ROMANS
 11
312.1497737272716
 21
2.94419880697562
 31
0.0000000000000013
100
AcDbText
 73
     3
  0
LINE
  5
5055645
330
505563E
100
AcDbEntity
  8
SUB-SECTION_LINE
100
AcDbLine
 10
0.0000000000000853
 20
4.000000000000014
 30
0.0
 11
98.00000000000029
 21
4.000000000000014
 31
0.0
  0
LINE
  5
5055646
330
505563E
100
AcDbEntity
  8
SUB-SECTION_LINE
100
AcDbLine
 10
0.0000000000000853
 20
8.000000000000014
 30
0.0
 11
98.00000000000029
 21
8.000000000000014
 31
0.0
  0
LINE
  5
5055647
330
505563E
100
AcDbEntity
  8
SUB-SECTION_LINE
100
AcDbLine
 10
0.0000000000000853
 20
12.00000000000001
 30
0.0
 11
98.00000000000029
 21
12.00000000000001
 31
0.0
  0
LINE
  5
5055648
330
505563E
100
AcDbEntity
  8
SUB-SECTION_LINE
100
AcDbLine
 10
0.0000000000000853
 20
16.00000000000001
 30
0.0
 11
98.00000000000029
 21
16.00000000000001
 31
0.0
  0
LINE
  5
5055649
330
505563E
100
AcDbEntity
  8
SUB-SECTION_LINE
100
AcDbLine
 10
0.0000000000000853
 20
20.00000000000001
 30
0.0
 11
98.00000000000029
 21
20.00000000000001
 31
0.0
  0
TEXT
  5
505564A
330
505563E
100
AcDbEntity
  8
TXT FIXED
370
    -2
100
AcDbText
 10
39.96577380952421
 20
21.37500000000029
 30
0.0000000000000006
 40
1.25
  1
DESCRIPTION
 41
0.85
  7
ROMANS
 72
     1
 11
45.00000000000039
 21
22.00000000000029
 31
0.0000000000000006
100
AcDbText
 73
     2
  0
TEXT
  5
505564B
330
505563E
100
AcDbEntity
  8
TXT FIXED
370
    -2
100
AcDbText
 10
1.508928571428655
 20
21.37500000000001
 30
0.0
 40
1.25
  1
REVISION
 41
0.85
  7
ROMANS
 72
     1
 11
5.000000000000083
 21
22.00000000000001
 31
0.0
100
AcDbText
 73
     2
  0
TEXT
  5
505564C
330
505563E
100
AcDbEntity
  8
TXT FIXED
370
    -2
100
AcDbText
 10
15.57738095238114
 20
21.37500000000001
 30
-0.0000000000000013
 40
1.25
  1
DATE
 41
0.85
  7
ROMANS
 72
     1
 11
17.50000000000019
 21
22.00000000000001
 31
-0.0000000000000013
100
AcDbText
 73
     2
  0
TEXT
  5
505564D
330
505563E
100
AcDbEntity
  8
TXT FIXED
370
    -2
100
AcDbText
 10
67.61607142857172
 20
21.37500000000001
 30
0.0
 40
1.25
  1
MODIFY
 41
0.85
  7
ROMANS
 72
     1
 11
70.5000000000003
 21
22.00000000000001
 31
0.0
100
AcDbText
 73
     2
  0
TEXT
  5
505564E
330
505563E
100
AcDbEntity
  8
TXT FIXED
370
    -2
100
AcDbText
 10
78.86904761904792
 20
21.37500000000001
 30
0.0
 40
1.25
  1
CHECK
 41
0.85
  7
ROMANS
 72
     1
 11
81.5000000000003
 21
22.00000000000001
 31
0.0
100
AcDbText
 73
     2
  0
TEXT
  5
505564F
330
505563E
100
AcDbEntity
  8
TXT FIXED
370
    -2
100
AcDbText
 10
88.98363095238122
 20
21.37500000000017
 30
0.0
 40
1.25
  1
APPROVE
 41
0.85
  7
ROMANS
 72
     1
 11
92.50000000000028
 21
22.00000000000017
 31
0.0
100
AcDbText
 73
     2
  0
LINE
  5
5055650
330
505563E
100
AcDbEntity
  8
SUB-SECTION_LINE
100
AcDbLine
 10
10.00000000000008
 20
24.00000000000031
 30
0.0
 11
10.00000000000008
 21
0.0000000000003126
 31
0.0
  0
LINE
  5
5055651
330
505563E
100
AcDbEntity
  8
SUB-SECTION_LINE
100
AcDbLine
 10
25.00000000000028
 20
24.00000000000031
 30
0.0
 11
25.00000000000028
 21
0.0000000000003126
 31
0.0
  0
LINE
  5
5055652
330
505563E
100
AcDbEntity
  8
SUB-SECTION_LINE
100
AcDbLine
 10
65.00000000000028
 20
24.00000000000031
 30
0.0
 11
65.00000000000028
 21
0.0000000000003126
 31
0.0
  0
LINE
  5
5055653
330
505563E
100
AcDbEntity
  8
SUB-SECTION_LINE
100
AcDbLine
 10
76.00000000000028
 20
24.00000000000031
 30
0.0
 11
76.00000000000028
 21
0.0000000000003126
 31
0.0
  0
LINE
  5
5055654
330
505563E
100
AcDbEntity
  8
SUB-SECTION_LINE
100
AcDbLine
 10
87.00000000000029
 20
24.00000000000031
 30
0.0
 11
87.00000000000029
 21
0.0000000000003126
 31
0.0
  0
LINE
  5
5055655
330
505563E
100
AcDbEntity
  8
SUB-SECTION_LINE
100
AcDbLine
 10
134.5000000000003
 20
4.000000000000095
 30
0.0
 11
98.00000000000029
 21
4.000000000000014
 31
0.0
  0
TEXT
  5
5055656
330
505563E
100
AcDbEntity
  8
TXT FIXED
370
    -2
100
AcDbText
 10
374.8375
 20
21.24985582460491
 30
0.0
 40
1.5
  1
PANEL CODE
 41
0.85
  7
ROMANS
 72
     4
 11
381.0
 21
21.99985582460492
 31
0.0
100
AcDbText
  0
TEXT
  5
5055657
330
505563E
100
AcDbEntity
  8
TXT FIXED
370
    -2
100
AcDbText
 10
367.0000000000002
 20
13.25000000000028
 30
0.0
 40
1.5
  1
DWG. CODE:
 41
0.9
  7
ROMANS
 11
367.0000000000002
 21
14.00000000000028
 31
0.0
100
AcDbText
 73
     2
  0
TEXT
  5
5055658
330
505563E
100
AcDbEntity
  8
TXT FIXED
370
    -2
100
AcDbText
 10
367.0000000000002
 20
9.250000000000284
 30
0.0
 40
1.5
  1
COUNT DWG.:
 41
0.85
  7
ROMANS
 11
367.0000000000002
 21
10.00000000000028
 31
0.0
100
AcDbText
 73
     2
  0
TEXT
  5
5055659
330
505563E
100
AcDbEntity
  8
TXT FIXED
370
    -2
100
AcDbText
 10
367.0000000000002
 20
5.250000000000284
 30
0.0
 40
1.5
  1
PAGE:
 41
0.85
  7
ROMANS
 11
367.0000000000002
 21
6.000000000000284
 31
0.0
100
AcDbText
 73
     2
  0
LINE
  5
505565A
330
505563E
100
AcDbEntity
  8
SUB-SECTION_LINE
100
AcDbLine
 10
396.0
 20
20.00000000000028
 30
0.0
 11
311.0000000000002
 21
20.00000000000028
 31
0.0
  0
LINE
  5
505565B
330
505563E
100
AcDbEntity
  8
SUB-SECTION_LINE
100
AcDbLine
 10
395.9999999999999
 20
16.00000000000028
 30
0.0
 11
311.0000000000002
 21
16.00000000000028
 31
0.0
  0
LINE
  5
505565C
330
505563E
100
AcDbEntity
  8
SUB-SECTION_LINE
100
AcDbLine
 10
395.9999999999999
 20
12.00000000000028
 30
0.0
 11
311.0000000000002
 21
12.00000000000028
 31
0.0
  0
LINE
  5
505565D
330
505563E
100
AcDbEntity
  8
SUB-SECTION_LINE
100
AcDbLine
 10
395.9999999999999
 20
8.000000000000284
 30
0.0
 11
311.0000000000002
 21
8.000000000000284
 31
0.0
  0
TEXT
  5
505565E
330
505563E
100
AcDbEntity
  8
TXT FIXED
370
    -2
100
AcDbText
 10
312.0000000000002
 20
13.25000000000028
 30
0.0
 40
1.5
  1
CHECKED:
 41
0.85
  7
ROMANS
 11
312.0000000000002
 21
14.00000000000028
 31
0.0
100
AcDbText
 73
     2
  0
TEXT
  5
505565F
330
505563E
100
AcDbEntity
  8
TXT FIXED
370
    -2
100
AcDbText
 10
312.0000000000002
 20
9.250000000000042
 30
0.0
 40
1.5
  1
APPROVED:
 41
0.85
  7
ROMANS
 11
312.0000000000002
 21
10.00000000000004
 31
0.0
100
AcDbText
 73
     2
  0
TEXT
  5
5055660
330
505563E
100
AcDbEntity
  8
TXT FIXED
370
    -2
100
AcDbText
 10
312.0000000000002
 20
5.250000000000284
 30
0.0
 40
1.5
  1
AUTHORIZED:
 41
0.85
  7
ROMANS
 11
312.0000000000002
 21
6.000000000000284
 31
0.0
100
AcDbText
 73
     2
  0
LINE
  5
5055661
330
505563E
100
AcDbEntity
  8
SUB-SECTION_LINE
100
AcDbLine
 10
326.0000000000002
 20
24.00000000000002
 30
0.0
 11
326.0000000000002
 21
4.000000000000284
 31
0.0
  0
TEXT
  5
5055662
330
505563E
100
AcDbEntity
  8
TXT FIXED
100
AcDbText
 10
342.7857142857145
 20
21.25000000000015
 30
0.0
 40
1.5
  1
NAME
  7
ROMANT
 72
     4
 11
346.0000000000002
 21
22.00000000000015
 31
0.0
100
AcDbText
  0
TEXT
  5
5055663
330
505563E
100
AcDbEntity
  8
TXT FIXED
370
    -2
100
AcDbText
 10
367.0000000000002
 20
1.250000000000142
 30
0.0
 40
1.5
  1
SCALE:
 41
0.85
  7
ROMANS
 11
367.0000000000002
 21
2.000000000000142
 31
0.0
100
AcDbText
 73
     2
  0
TEXT
  5
5055664
330
505563E
100
AcDbEntity
  8
TXT FIXED
 62
     7
100
AcDbText
 10
384.4714285714287
 20
5.250000000000127
 30
-0.0000000000000006
 40
1.5
  1
of
 41
0.9
  7
ROMANS
 72
     1
 11
385.5000000000001
 21
6.000000000000127
 31
-0.0000000000000006
100
AcDbText
 73
     2
  0
LINE
  5
5055665
330
505563E
100
AcDbEntity
  8
SUB-SECTION_LINE
100
AcDbLine
 10
208.0000000000003
 20
4.000000000000099
 30
0.0
 11
134.5000000000003
 21
4.00000000000001
 31
0.0
  0
TEXT
  5
5055666
330
505563E
100
AcDbEntity
  8
TXT FIXED
370
    -2
100
AcDbText
 10
398.7499999999999
 20
1.000000000000042
 30
0.0
 40
1.5
  1
SIZE:
 50
90.0
 41
0.85
  7
ROMANS
 11
397.9999999999999
 21
1.000000000000042
 31
0.0
100
AcDbText
 73
     2
  0
TEXT
  5
5055667
330
505563E
100
AcDbEntity
  8
TXT FIXED
 62
     7
100
AcDbText
 10
398.7499999999999
 20
7.342857142857185
 30
-0.0000000000000006
 40
1.5
  1
A3
 50
90.0
 41
0.9
  7
ROMANS
 72
     1
 11
397.9999999999999
 21
8.500000000000042
 31
-0.0000000000000006
100
AcDbText
 73
     2
  0
TEXT
  5
5055668
330
505563E
100
AcDbEntity
  8
TXT FIXED
 62
     2
370
    -2
100
AcDbText
 10
98.46666668167848
 20
1.658228430879788
 30
0.0
 40
1.0
  1
Contractor Doc. Code:
 41
0.8
  7
ROMANS
 11
98.46666668167848
 21
2.158228430879788
 31
0.0
100
AcDbText
 73
     2
  0
TEXT
  5
5055669
330
505563E
100
AcDbEntity
  8
TXT FIXED
100
AcDbText
 10
98.46666668168328
 20
22.12499996781398
 30
0.0
 40
1.25
  1
CONTRACTOR:
 41
0.8000000001400195
  7
ROMANS
 11
98.46666668168328
 21
22.74999996781398
 31
0.0
100
AcDbText
 73
     2
  0
LINE
  5
505566A
330
505563E
100
AcDbEntity
  8
SUB-SECTION_LINE
100
AcDbLine
 10
208.0000000000003
 20
12.00000000000004
 30
0.0
 11
311.0000000000002
 21
12.00000000000042
 31
0.0
  0
TEXT
  5
505566B
330
505563E
100
AcDbEntity
  8
TXT FIXED
100
AcDbText
 10
208.4666666816833
 20
10.12499996781402
 30
0.0
 40
1.25
  1
TITLE:
 41
0.8000000001400195
  7
ROMANS
 11
208.4666666816833
 21
10.74999996781402
 31
0.0
100
AcDbText
 73
     2
  0
TEXT
  5
505566C
330
505563E
100
AcDbEntity
  8
TXT FIXED
100
AcDbText
 10
208.4666666816784
 20
22.12499996781396
 30
0.0
 40
1.25
  1
PROJECT: 
 41
0.8000000001400195
  7
ROMANS
 11
208.4666666816784
 21
22.74999996781396
 31
0.0
100
AcDbText
 73
     2
  0
TEXT
  5
505566D
330
505563E
100
AcDbEntity
  8
TXT FIXED
100
AcDbText
 10
171.4666666816835
 20
22.12499996781367
 30
0.0
 40
1.25
  1
CONSULTANT:
 41
0.8000000001400195
  7
ROMANS
 11
171.4666666816835
 21
22.74999996781367
 31
0.0
100
AcDbText
 73
     2
  0
TEXT
  5
505566E
330
505563E
100
AcDbEntity
  8
TXT FIXED
100
AcDbText
 10
134.9666666816785
 20
22.12499996781399
 30
0.0
 40
1.25
  1
OWNER:
 41
0.8000000001400195
  7
ROMANS
 11
134.9666666816785
 21
22.74999996781399
 31
0.0
100
AcDbText
 73
     2
  0
LINE
  5
505566F
330
505563E
100
AcDbEntity
  8
SECTION_LINE
100
AcDbLine
 10
0.0
 20
0.0
 30
0.0
 11
399.9999999999998
 21
0.0000000000000284
 31
0.0
  0
LINE
  5
5055670
330
505563E
100
AcDbEntity
  8
SECTION_LINE
100
AcDbLine
 10
399.9999999999998
 20
0.0000000000000284
 30
0.0
 11
400.0
 21
24.00000000000003
 31
0.0
  0
LINE
  5
5055671
330
505563E
100
AcDbEntity
  8
SECTION_LINE
100
AcDbLine
 10
400.0
 20
24.00000000000003
 30
0.0
 11
0.0000000000000853
 21
24.0
 31
0.0
  0
LINE
  5
5055672
330
505563E
100
AcDbEntity
  8
SECTION_LINE
100
AcDbLine
 10
0.0000000000000853
 20
24.0
 30
0.0
 11
0.0
 21
0.0
 31
0.0
  0
LINE
  5
5055673
330
505563E
100
AcDbEntity
  8
SECTION_LINE
100
AcDbLine
 10
98.00000000000029
 20
24.00000000000031
 30
0.0
 11
98.00000000000029
 21
0.0000000000003126
 31
0.0
  0
LINE
  5
5055674
330
505563E
100
AcDbEntity
  8
SECTION_LINE
100
AcDbLine
 10
98.00000000000029
 20
0.0000000000003126
 30
0.0
 11
98.00000000000029
 21
24.00000000000031
 31
0.0
  0
LINE
  5
5055675
330
505563E
100
AcDbEntity
  8
SUB-SECTION_LINE
100
AcDbLine
 10
134.5000000000003
 20
24.00000000000001
 30
0.0
 11
134.5000000000003
 21
4.000000000000096
 31
0.0
  0
LINE
  5
5055676
330
505563E
100
AcDbEntity
  8
SUB-SECTION_LINE
100
AcDbLine
 10
134.5000000000003
 20
4.000000000000096
 30
0.0
 11
134.5000000000003
 21
24.00000000000001
 31
0.0
  0
LINE
  5
5055677
330
505563E
100
AcDbEntity
  8
SECTION_LINE
100
AcDbLine
 10
208.0000000000003
 20
24.00000000000004
 30
0.0
 11
208.0000000000003
 21
0.0000000000000426
 31
0.0
  0
LINE
  5
5055678
330
505563E
100
AcDbEntity
  8
SECTION_LINE
100
AcDbLine
 10
208.0000000000003
 20
0.0000000000000426
 30
0.0
 11
208.0000000000003
 21
24.00000000000004
 31
0.0
  0
LINE
  5
5055679
330
505563E
100
AcDbEntity
  8
SUB-SECTION_LINE
100
AcDbLine
 10
171.0000000000004
 20
23.9999999999997
 30
0.0
 11
171.0000000000004
 21
3.999999999999784
 31
0.0
  0
LINE
  5
505567A
330
505563E
100
AcDbEntity
  8
SUB-SECTION_LINE
100
AcDbLine
 10
171.0000000000004
 20
3.999999999999784
 30
0.0
 11
171.0000000000004
 21
23.9999999999997
 31
0.0
  0
LINE
  5
505567B
330
505563E
100
AcDbEntity
  8
SECTION_LINE
100
AcDbLine
 10
311.0000000000002
 20
4.000000000000326
 30
0.0
 11
395.9999999999999
 21
3.999999999999985
 31
0.0
  0
LINE
  5
505567C
330
505563E
100
AcDbEntity
  8
SECTION_LINE
100
AcDbLine
 10
311.0000000000002
 20
24.00000000000004
 30
0.0
 11
311.0000000000002
 21
0.0000000000000426
 31
0.0
  0
LINE
  5
505567D
330
505563E
100
AcDbEntity
  8
SECTION_LINE
100
AcDbLine
 10
311.0000000000002
 20
0.0000000000000426
 30
0.0
 11
311.0000000000002
 21
24.00000000000004
 31
0.0
  0
LINE
  5
505567E
330
505563E
100
AcDbEntity
  8
SUB-SECTION_LINE
100
AcDbLine
 10
366.0000000000002
 20
24.00000000000003
 30
0.0
 11
366.0000000000002
 21
0.0000000000000284
 31
0.0
  0
LINE
  5
505567F
330
505563E
100
AcDbEntity
  8
SUB-SECTION_LINE
100
AcDbLine
 10
366.0000000000002
 20
0.0000000000000284
 30
0.0
 11
366.0000000000002
 21
24.00000000000003
 31
0.0
  0
LINE
  5
5055680
330
505563E
100
AcDbEntity
  8
SUB-SECTION_LINE
100
AcDbLine
 10
395.9999999999999
 20
24.00000000000003
 30
0.0
 11
395.9999999999999
 21
0.0000000000000284
 31
0.0
  0
LINE
  5
5055681
330
505563E
100
AcDbEntity
  8
SUB-SECTION_LINE
100
AcDbLine
 10
395.9999999999999
 20
0.0000000000000284
 30
0.0
 11
395.9999999999999
 21
24.00000000000003
 31
0.0
  0
LINE
  5
5055682
330
505563E
100
AcDbEntity
  8
SUB-SECTION_LINE
100
AcDbLine
 10
152.8477993354645
 20
4.00000000000003
 30
0.0
 11
152.8477993354645
 21
0.0000000000000107
 31
0.0
  0
TEXT
  5
5055683
330
505563E
100
AcDbEntity
  8
TXT FIXED
 62
     2
370
    -2
100
AcDbText
 10
153.3144660171427
 20
1.658228430879788
 30
0.0
 40
1.0
  1
Consultant Doc. Code:
 41
0.8
  7
ROMANS
 11
153.3144660171427
 21
2.158228430879788
 31
0.0
100
AcDbText
 73
     2
  0
ENDBLK
  5
5055684
330
505563E
100
AcDbEntity
  8
0
100
AcDbBlockEnd
  0
BLOCK
  5
505569D
330
5055685
100
AcDbEntity
  8
0
100
AcDbBlockBegin
  2
A3-FRAME_NUMBERING
 70
     0
 10
0.0
 20
0.0
 30
0.0
  3
A3-FRAME_NUMBERING
  1

  0
TEXT
  5
505569E
330
5055685
100
AcDbEntity
  8
TXT FIXED
 62
     7
100
AcDbText
 10
11.44957264957606
 20
270.9999999999982
 30
0.0
 40
2.0
  1
A
  7
COURIER
 72
     4
 11
12.50000000000341
 21
271.9999999999982
 31
0.0
100
AcDbText
  0
LWPOLYLINE
  5
505569F
330
5055685
100
AcDbEntity
  8
FRAME_LINE
 62
    32
100
AcDbPolyline
 90
        4
 70
     1
 43
0.0
 10
0.0
 20
0.0
 10
0.0
 20
297.0
 10
420.0
 20
297.0000000000003
 10
420.0
 20
0.0000000000002647
  0
LWPOLYLINE
  5
50556A0
330
5055685
100
AcDbEntity
  8
FRAME_LINE
100
AcDbPolyline
 90
        4
 70
     1
 43
0.6
 10
15.00000000000341
 20
291.9999999999982
 10
415.0
 20
291.9999999999985
 10
415.0
 20
5.00000000000214
 10
15.00000000000341
 20
5.000000000001932
  0
LINE
  5
50556A1
330
5055685
100
AcDbEntity
  8
FRAME_LINE
100
AcDbLine
 10
11.99999999998851
 20
251.9999999999982
 30
0.0
 11
15.00000000000341
 21
251.9999999999982
 31
0.0
  0
TEXT
  5
50556A2
330
5055685
100
AcDbEntity
  8
TXT FIXED
 62
     7
100
AcDbText
 10
11.44957264957605
 20
230.9999999999981
 30
0.0
 40
2.0
  1
B
  7
COURIER
 72
     4
 11
12.5000000000034
 21
231.9999999999982
 31
0.0
100
AcDbText
  0
LINE
  5
50556A3
330
5055685
100
AcDbEntity
  8
FRAME_LINE
100
AcDbLine
 10
11.99999999998851
 20
211.9999999999982
 30
0.0
 11
15.00000000000341
 21
211.9999999999982
 31
0.0
  0
TEXT
  5
50556A4
330
5055685
100
AcDbEntity
  8
TXT FIXED
 62
     7
100
AcDbText
 10
11.44957264957604
 20
191.0051282051264
 30
0.0
 40
2.0
  1
C
  7
COURIER
 72
     4
 11
12.50000000000339
 21
191.9999999999982
 31
0.0
100
AcDbText
  0
LINE
  5
50556A5
330
5055685
100
AcDbEntity
  8
FRAME_LINE
100
AcDbLine
 10
11.99999999998851
 20
171.9999999999981
 30
0.0
 11
15.00000000000341
 21
171.9999999999981
 31
0.0
  0
TEXT
  5
50556A6
330
5055685
100
AcDbEntity
  8
TXT FIXED
 62
     7
100
AcDbText
 10
11.44957264957604
 20
150.9999999999982
 30
0.0
 40
2.0
  1
D
  7
COURIER
 72
     4
 11
12.50000000000339
 21
151.9999999999981
 31
0.0
100
AcDbText
  0
LINE
  5
50556A7
330
5055685
100
AcDbEntity
  8
FRAME_LINE
100
AcDbLine
 10
11.99999999998851
 20
131.9999999999982
 30
0.0
 11
15.00000000000341
 21
131.9999999999982
 31
0.0
  0
TEXT
  5
50556A8
330
5055685
100
AcDbEntity
  8
TXT FIXED
 62
     7
100
AcDbText
 10
11.44957264957603
 20
110.9999999999982
 30
0.0
 40
2.0
  1
E
  7
COURIER
 72
     4
 11
12.50000000000338
 21
111.9999999999982
 31
0.0
100
AcDbText
  0
LINE
  5
50556A9
330
5055685
100
AcDbEntity
  8
FRAME_LINE
100
AcDbLine
 10
11.99999999998851
 20
91.99999999999818
 30
0.0
 11
15.00000000000341
 21
91.99999999999818
 31
0.0
  0
TEXT
  5
50556AA
330
5055685
100
AcDbEntity
  8
TXT FIXED
 62
     7
100
AcDbText
 10
11.44957264957602
 20
70.99999999999818
 30
0.0
 40
2.0
  1
F
  7
COURIER
 72
     4
 11
12.50000000000337
 21
71.99999999999818
 31
0.0
100
AcDbText
  0
LINE
  5
50556AB
330
5055685
100
AcDbEntity
  8
FRAME_LINE
100
AcDbLine
 10
55.00000000000318
 20
5.000000000002728
 30
0.0
 11
55.00000000000318
 21
1.999999999987949
 31
0.0
  0
TEXT
  5
50556AC
330
5055685
100
AcDbEntity
  8
TXT FIXED
 62
     7
370
    -2
100
AcDbText
 10
33.94957264957595
 20
1.412820512823241
 30
0.0
 40
2.0
  1
1
  7
COURIER
 72
     4
 11
35.0000000000033
 21
2.500000000002728
 31
0.0
100
AcDbText
  0
LINE
  5
50556AD
330
5055685
100
AcDbEntity
  8
FRAME_LINE
100
AcDbLine
 10
95.00000000000317
 20
5.000000000002728
 30
0.0
 11
95.00000000000317
 21
1.999999999987949
 31
0.0
  0
TEXT
  5
50556AE
330
5055685
100
AcDbEntity
  8
TXT FIXED
 62
     7
370
    -2
100
AcDbText
 10
73.94957264957594
 20
1.40170940171213
 30
0.0
 40
2.0
  1
2
  7
COURIER
 72
     4
 11
75.0000000000033
 21
2.500000000002728
 31
0.0
100
AcDbText
  0
LINE
  5
50556AF
330
5055685
100
AcDbEntity
  8
FRAME_LINE
100
AcDbLine
 10
135.0000000000032
 20
5.000000000002728
 30
0.0
 11
135.0000000000032
 21
1.999999999987949
 31
0.0
  0
TEXT
  5
50556B0
330
5055685
100
AcDbEntity
  8
TXT FIXED
 62
     7
370
    -2
100
AcDbText
 10
113.9495726495759
 20
1.427350427353155
 30
0.0
 40
2.0
  1
3
  7
COURIER
 72
     4
 11
115.0000000000033
 21
2.500000000002728
 31
0.0
100
AcDbText
  0
LINE
  5
50556B1
330
5055685
100
AcDbEntity
  8
FRAME_LINE
100
AcDbLine
 10
175.0000000000032
 20
5.000000000002728
 30
0.0
 11
175.0000000000032
 21
1.999999999987949
 31
0.0
  0
TEXT
  5
50556B2
330
5055685
100
AcDbEntity
  8
TXT FIXED
 62
     7
370
    -2
100
AcDbText
 10
153.9495726495759
 20
1.427350427353155
 30
0.0
 40
2.0
  1
4
  7
COURIER
 72
     4
 11
155.0000000000033
 21
2.500000000002728
 31
0.0
100
AcDbText
  0
LINE
  5
50556B3
330
5055685
100
AcDbEntity
  8
FRAME_LINE
100
AcDbLine
 10
215.0000000000032
 20
5.000000000002728
 30
0.0
 11
215.0000000000032
 21
1.999999999987949
 31
0.0
  0
TEXT
  5
50556B4
330
5055685
100
AcDbEntity
  8
TXT FIXED
 62
     7
370
    -2
100
AcDbText
 10
193.9495726495759
 20
1.452991452994181
 30
0.0
 40
2.0
  1
5
  7
COURIER
 72
     4
 11
195.0000000000033
 21
2.500000000002728
 31
0.0
100
AcDbText
  0
LINE
  5
50556B5
330
5055685
100
AcDbEntity
  8
FRAME_LINE
100
AcDbLine
 10
255.0000000000032
 20
5.000000000002728
 30
0.0
 11
255.0000000000032
 21
1.999999999987949
 31
0.0
  0
TEXT
  5
50556B6
330
5055685
100
AcDbEntity
  8
TXT FIXED
 62
     7
370
    -2
100
AcDbText
 10
233.9495726495759
 20
1.427350427353155
 30
0.0
 40
2.0
  1
6
  7
COURIER
 72
     4
 11
235.0000000000033
 21
2.500000000002728
 31
0.0
100
AcDbText
  0
LINE
  5
50556B7
330
5055685
100
AcDbEntity
  8
FRAME_LINE
100
AcDbLine
 10
295.0000000000032
 20
5.000000000002728
 30
0.0
 11
295.0000000000032
 21
1.999999999987949
 31
0.0
  0
TEXT
  5
50556B8
330
5055685
100
AcDbEntity
  8
TXT FIXED
 62
     7
370
    -2
100
AcDbText
 10
273.9495726495759
 20
1.429059829062557
 30
0.0
 40
2.0
  1
7
  7
COURIER
 72
     4
 11
275.0000000000033
 21
2.500000000002728
 31
0.0
100
AcDbText
  0
LINE
  5
50556B9
330
5055685
100
AcDbEntity
  8
FRAME_LINE
100
AcDbLine
 10
335.0000000000032
 20
5.000000000002728
 30
0.0
 11
335.0000000000032
 21
1.999999999987949
 31
0.0
  0
TEXT
  5
50556BA
330
5055685
100
AcDbEntity
  8
TXT FIXED
 62
     7
370
    -2
100
AcDbText
 10
313.949572649576
 20
1.427350427353155
 30
0.0
 40
2.0
  1
8
  7
COURIER
 72
     4
 11
315.0000000000033
 21
2.500000000002728
 31
0.0
100
AcDbText
  0
TEXT
  5
50556BB
330
5055685
100
AcDbEntity
  8
TXT FIXED
 62
     7
370
    -2
100
AcDbText
 10
353.949572649576
 20
1.427350427353155
 30
0.0
 40
2.0
  1
9
  7
COURIER
 72
     4
 11
355.0000000000033
 21
2.500000000002728
 31
0.0
100
AcDbText
  0
LINE
  5
50556BC
330
5055685
100
AcDbEntity
  8
FRAME_LINE
100
AcDbLine
 10
11.99999999998851
 20
51.99999999999818
 30
0.0
 11
15.00000000000341
 21
51.99999999999818
 31
0.0
  0
TEXT
  5
50556BD
330
5055685
100
AcDbEntity
  8
TXT FIXED
 62
     7
100
AcDbText
 10
11.44957264957601
 20
31.00512820512639
 30
0.0
 40
2.0
  1
G
  7
COURIER
 72
     4
 11
12.50000000000336
 21
31.99999999999818
 31
0.0
100
AcDbText
  0
INSERT
  5
50556BE
102
{ACAD_REACTORS
330
505568D
102
}
330
5055685
100
AcDbEntity
  8
FOLDING_MARK
100
AcDbBlockReference
  2
*U11
 10
420.0
 20
0.0000000000002647
 30
0.0
  0
LINE
  5
50556BF
330
5055685
100
AcDbEntity
  8
FRAME_LINE
100
AcDbLine
 10
55.00000000000318
 20
291.9999999999979
 30
0.0
 11
55.00000000000318
 21
295.0000000000127
 31
0.0
  0
TEXT
  5
50556C0
330
5055685
100
AcDbEntity
  8
TXT FIXED
 62
     7
370
    -2
100
AcDbText
 10
33.94957264957595
 20
293.4128205128184
 30
0.0
 40
2.0
  1
1
  7
COURIER
 72
     4
 11
35.0000000000033
 21
294.4999999999979
 31
0.0
100
AcDbText
  0
LINE
  5
50556C1
330
5055685
100
AcDbEntity
  8
FRAME_LINE
100
AcDbLine
 10
95.00000000000317
 20
291.9999999999979
 30
0.0
 11
95.00000000000317
 21
295.0000000000127
 31
0.0
  0
TEXT
  5
50556C2
330
5055685
100
AcDbEntity
  8
TXT FIXED
 62
     7
370
    -2
100
AcDbText
 10
73.94957264957594
 20
293.4017094017073
 30
0.0
 40
2.0
  1
2
  7
COURIER
 72
     4
 11
75.0000000000033
 21
294.4999999999979
 31
0.0
100
AcDbText
  0
LINE
  5
50556C3
330
5055685
100
AcDbEntity
  8
FRAME_LINE
100
AcDbLine
 10
135.0000000000032
 20
291.9999999999979
 30
0.0
 11
135.0000000000032
 21
295.0000000000127
 31
0.0
  0
TEXT
  5
50556C4
330
5055685
100
AcDbEntity
  8
TXT FIXED
 62
     7
370
    -2
100
AcDbText
 10
113.9495726495759
 20
293.4273504273483
 30
0.0
 40
2.0
  1
3
  7
COURIER
 72
     4
 11
115.0000000000033
 21
294.4999999999979
 31
0.0
100
AcDbText
  0
LINE
  5
50556C5
330
5055685
100
AcDbEntity
  8
FRAME_LINE
100
AcDbLine
 10
175.0000000000032
 20
291.9999999999979
 30
0.0
 11
175.0000000000032
 21
295.0000000000127
 31
0.0
  0
TEXT
  5
50556C6
330
5055685
100
AcDbEntity
  8
TXT FIXED
 62
     7
370
    -2
100
AcDbText
 10
153.9495726495759
 20
293.4273504273483
 30
0.0
 40
2.0
  1
4
  7
COURIER
 72
     4
 11
155.0000000000033
 21
294.4999999999979
 31
0.0
100
AcDbText
  0
LINE
  5
50556C7
330
5055685
100
AcDbEntity
  8
FRAME_LINE
100
AcDbLine
 10
215.0000000000032
 20
291.9999999999979
 30
0.0
 11
215.0000000000032
 21
295.0000000000127
 31
0.0
  0
TEXT
  5
50556C8
330
5055685
100
AcDbEntity
  8
TXT FIXED
 62
     7
370
    -2
100
AcDbText
 10
193.9495726495759
 20
293.4529914529893
 30
0.0
 40
2.0
  1
5
  7
COURIER
 72
     4
 11
195.0000000000033
 21
294.4999999999979
 31
0.0
100
AcDbText
  0
LINE
  5
50556C9
330
5055685
100
AcDbEntity
  8
FRAME_LINE
100
AcDbLine
 10
255.0000000000032
 20
291.9999999999979
 30
0.0
 11
255.0000000000032
 21
295.0000000000127
 31
0.0
  0
TEXT
  5
50556CA
330
5055685
100
AcDbEntity
  8
TXT FIXED
 62
     7
370
    -2
100
AcDbText
 10
233.9495726495759
 20
293.4273504273483
 30
0.0
 40
2.0
  1
6
  7
COURIER
 72
     4
 11
235.0000000000033
 21
294.4999999999979
 31
0.0
100
AcDbText
  0
LINE
  5
50556CB
330
5055685
100
AcDbEntity
  8
FRAME_LINE
100
AcDbLine
 10
295.0000000000032
 20
291.9999999999979
 30
0.0
 11
295.0000000000032
 21
295.0000000000127
 31
0.0
  0
TEXT
  5
50556CC
330
5055685
100
AcDbEntity
  8
TXT FIXED
 62
     7
370
    -2
100
AcDbText
 10
273.9495726495759
 20
293.4290598290577
 30
0.0
 40
2.0
  1
7
  7
COURIER
 72
     4
 11
275.0000000000033
 21
294.4999999999979
 31
0.0
100
AcDbText
  0
LINE
  5
50556CD
330
5055685
100
AcDbEntity
  8
FRAME_LINE
100
AcDbLine
 10
335.0000000000032
 20
291.9999999999979
 30
0.0
 11
335.0000000000032
 21
295.0000000000127
 31
0.0
  0
TEXT
  5
50556CE
330
5055685
100
AcDbEntity
  8
TXT FIXED
 62
     7
370
    -2
100
AcDbText
 10
313.949572649576
 20
293.4273504273483
 30
0.0
 40
2.0
  1
8
  7
COURIER
 72
     4
 11
315.0000000000033
 21
294.4999999999979
 31
0.0
100
AcDbText
  0
TEXT
  5
50556CF
330
5055685
100
AcDbEntity
  8
TXT FIXED
 62
     7
370
    -2
100
AcDbText
 10
353.949572649576
 20
293.4273504273483
 30
0.0
 40
2.0
  1
9
  7
COURIER
 72
     4
 11
355.0000000000033
 21
294.4999999999979
 31
0.0
100
AcDbText
  0
INSERT
  5
50556D0
102
{ACAD_REACTORS
330
5055695
102
}
330
5055685
100
AcDbEntity
  8
FOLDING_MARK
100
AcDbBlockReference
  2
*U13
 10
420.0
 20
297.0000000000003
 30
0.0
 41
-1.0
 50
180.0
  0
LINE
  5
50556D1
330
5055685
100
AcDbEntity
  8
FRAME_LINE
100
AcDbLine
 10
375.0000000000032
 20
5.000000000002728
 30
0.0
 11
375.0000000000032
 21
1.999999999987949
 31
0.0
  0
TEXT
  5
50556D2
330
5055685
100
AcDbEntity
  8
TXT FIXED
 62
     7
100
AcDbText
 10
416.4495726495726
 20
270.9999999999982
 30
0.0
 40
2.0
  1
A
  7
COURIER
 72
     4
 11
417.4999999999999
 21
271.9999999999982
 31
0.0
100
AcDbText
  0
LINE
  5
50556D3
330
5055685
100
AcDbEntity
  8
FRAME_LINE
100
AcDbLine
 10
418.0000000000148
 20
251.9999999999982
 30
0.0
 11
415.0
 21
251.9999999999982
 31
0.0
  0
TEXT
  5
50556D4
330
5055685
100
AcDbEntity
  8
TXT FIXED
 62
     7
100
AcDbText
 10
416.4495726495726
 20
230.9999999999981
 30
0.0
 40
2.0
  1
B
  7
COURIER
 72
     4
 11
417.4999999999999
 21
231.9999999999982
 31
0.0
100
AcDbText
  0
LINE
  5
50556D5
330
5055685
100
AcDbEntity
  8
FRAME_LINE
100
AcDbLine
 10
418.0000000000148
 20
211.9999999999982
 30
0.0
 11
415.0
 21
211.9999999999982
 31
0.0
  0
TEXT
  5
50556D6
330
5055685
100
AcDbEntity
  8
TXT FIXED
 62
     7
100
AcDbText
 10
416.4495726495726
 20
191.0051282051264
 30
0.0
 40
2.0
  1
C
  7
COURIER
 72
     4
 11
417.4999999999999
 21
191.9999999999982
 31
0.0
100
AcDbText
  0
LINE
  5
50556D7
330
5055685
100
AcDbEntity
  8
FRAME_LINE
100
AcDbLine
 10
418.0000000000148
 20
171.9999999999981
 30
0.0
 11
415.0
 21
171.9999999999981
 31
0.0
  0
TEXT
  5
50556D8
330
5055685
100
AcDbEntity
  8
TXT FIXED
 62
     7
100
AcDbText
 10
416.4495726495726
 20
150.9999999999982
 30
0.0
 40
2.0
  1
D
  7
COURIER
 72
     4
 11
417.4999999999999
 21
151.9999999999981
 31
0.0
100
AcDbText
  0
LINE
  5
50556D9
330
5055685
100
AcDbEntity
  8
FRAME_LINE
100
AcDbLine
 10
418.0000000000148
 20
131.9999999999982
 30
0.0
 11
415.0
 21
131.9999999999982
 31
0.0
  0
TEXT
  5
50556DA
330
5055685
100
AcDbEntity
  8
TXT FIXED
 62
     7
100
AcDbText
 10
416.4495726495726
 20
110.9999999999982
 30
0.0
 40
2.0
  1
E
  7
COURIER
 72
     4
 11
417.4999999999999
 21
111.9999999999982
 31
0.0
100
AcDbText
  0
LINE
  5
50556DB
330
5055685
100
AcDbEntity
  8
FRAME_LINE
100
AcDbLine
 10
418.0000000000148
 20
91.99999999999818
 30
0.0
 11
415.0
 21
91.99999999999818
 31
0.0
  0
TEXT
  5
50556DC
330
5055685
100
AcDbEntity
  8
TXT FIXED
 62
     7
100
AcDbText
 10
416.4495726495727
 20
70.99999999999818
 30
0.0
 40
2.0
  1
F
  7
COURIER
 72
     4
 11
417.5
 21
71.99999999999818
 31
0.0
100
AcDbText
  0
LINE
  5
50556DD
330
5055685
100
AcDbEntity
  8
FRAME_LINE
100
AcDbLine
 10
418.0000000000148
 20
51.99999999999818
 30
0.0
 11
415.0
 21
51.99999999999818
 31
0.0
  0
TEXT
  5
50556DE
330
5055685
100
AcDbEntity
  8
TXT FIXED
 62
     7
100
AcDbText
 10
416.4495726495727
 20
31.00512820512639
 30
0.0
 40
2.0
  1
G
  7
COURIER
 72
     4
 11
417.5
 21
31.99999999999818
 31
0.0
100
AcDbText
  0
LINE
  5
50556DF
330
5055685
100
AcDbEntity
  8
FRAME_LINE
100
AcDbLine
 10
375.0000000000032
 20
291.9999999999979
 30
0.0
 11
375.0000000000032
 21
295.0000000000127
 31
0.0
  0
TEXT
  5
50556E0
330
5055685
100
AcDbEntity
  8
TXT FIXED
 62
     7
370
    -2
100
AcDbText
 10
392.8991452991486
 20
293.4273504273483
 30
0.0
 40
2.0
  1
10
  7
COURIER
 72
     4
 11
395.0000000000033
 21
294.4999999999979
 31
0.0
100
AcDbText
  0
TEXT
  5
50556E1
330
5055685
100
AcDbEntity
  8
TXT FIXED
 62
     7
370
    -2
100
AcDbText
 10
392.8991452991486
 20
1.427350427353155
 30
0.0
 40
2.0
  1
10
  7
COURIER
 72
     4
 11
395.0000000000033
 21
2.500000000002728
 31
0.0
100
AcDbText
  0
ENDBLK
  5
50556E2
330
5055685
100
AcDbEntity
  8
0
100
AcDbBlockEnd
  0
BLOCK
  5
50556E5
330
50556E3
100
AcDbEntity
  8
0
 48
0.075
100
AcDbBlockBegin
  2
BLOCK2
 70
     2
 10
0.0
 20
0.0
 30
0.0
  3
BLOCK2
  1

  0
ATTDEF
  5
50556E6
330
50556E3
100
AcDbEntity
  8
TXT TITLE BLOCK
 62
     7
100
AcDbText
 10
92.39372657736385
 20
-14.74999999999986
 30
0.0000000000000013
 40
1.5
  1

 41
0.9
  7
ROMANS
 72
     1
 11
92.39372657736385
 21
-13.99999999999986
 31
0.0000000000000013
100
AcDbAttributeDefinition
280
     0
  3

  2
APPRD.5
 70
     0
 74
     2
280
     1
  0
ATTDEF
  5
50556E7
330
50556E3
100
AcDbEntity
  8
TXT TITLE BLOCK
 62
     7
100
AcDbText
 10
81.39372657736386
 20
-14.75000000000003
 30
0.0000000000000013
 40
1.5
  1

 41
0.9
  7
ROMANS
 72
     1
 11
81.39372657736386
 21
-14.00000000000003
 31
0.0000000000000013
100
AcDbAttributeDefinition
280
     0
  3

  2
CHCK.5
 70
     0
 74
     2
280
     1
  0
ATTDEF
  5
50556E8
330
50556E3
100
AcDbEntity
  8
TXT TITLE BLOCK
 62
     7
100
AcDbText
 10
70.39372657736385
 20
-14.75000000000003
 30
0.0000000000000013
 40
1.5
  1

 41
0.9
  7
ROMANS
 72
     1
 11
70.39372657736385
 21
-14.00000000000003
 31
0.0000000000000013
100
AcDbAttributeDefinition
280
     0
  3

  2
MOD.5
 70
     0
 74
     2
280
     1
  0
ATTDEF
  5
50556E9
330
50556E3
100
AcDbEntity
  8
TXT TITLE BLOCK
 62
     7
100
AcDbText
 10
26.00000000000046
 20
-14.75
 30
-0.0000000000000006
 40
1.5
  1

 41
0.9
  7
ROMANS
 11
26.00000000000046
 21
-14.0
 31
-0.0000000000000006
100
AcDbAttributeDefinition
280
     0
  3

  2
DESC5
 70
     0
 74
     2
280
     1
  0
ATTDEF
  5
50556EA
330
50556E3
100
AcDbEntity
  8
TXT TITLE BLOCK
 62
     7
100
AcDbText
 10
17.39372657736385
 20
-14.75000000000003
 30
0.0
 40
1.5
  1

 41
0.9
  7
ROMANS
 72
     1
 11
17.39372657736385
 21
-14.00000000000003
 31
0.0
100
AcDbAttributeDefinition
280
     0
  3

  2
DATE5
 70
     0
 74
     2
280
     1
  0
ATTDEF
  5
50556EB
330
50556E3
100
AcDbEntity
  8
TXT TITLE BLOCK
 62
     7
100
AcDbText
 10
5.0
 20
-14.75000000000003
 30
0.0
 40
1.5
  1

 41
0.9
  7
ROMANS
 72
     1
 11
5.0
 21
-14.00000000000003
 31
0.0
100
AcDbAttributeDefinition
280
     0
  3

  2
REV5
 70
     0
 74
     2
280
     1
  0
ATTDEF
  5
50556EC
330
50556E3
100
AcDbEntity
  8
TXT TITLE BLOCK
 62
     7
100
AcDbText
 10
92.39372657736385
 20
-10.74999999999985
 30
0.0000000000000013
 40
1.5
  1

 41
0.9
  7
ROMANS
 72
     1
 11
92.39372657736385
 21
-9.999999999999857
 31
0.0000000000000013
100
AcDbAttributeDefinition
280
     0
  3

  2
APPRD.4
 70
     0
 74
     2
280
     1
  0
ATTDEF
  5
50556ED
330
50556E3
100
AcDbEntity
  8
TXT TITLE BLOCK
 62
     7
100
AcDbText
 10
81.39372657736386
 20
-10.75000000000003
 30
0.0000000000000013
 40
1.5
  1

 41
0.9
  7
ROMANS
 72
     1
 11
81.39372657736386
 21
-10.00000000000003
 31
0.0000000000000013
100
AcDbAttributeDefinition
280
     0
  3

  2
CHCK.4
 70
     0
 74
     2
280
     1
  0
ATTDEF
  5
50556EE
330
50556E3
100
AcDbEntity
  8
TXT TITLE BLOCK
 62
     7
100
AcDbText
 10
70.39372657736385
 20
-10.75000000000003
 30
0.0000000000000013
 40
1.5
  1

 41
0.9
  7
ROMANS
 72
     1
 11
70.39372657736385
 21
-10.00000000000003
 31
0.0000000000000013
100
AcDbAttributeDefinition
280
     0
  3

  2
MOD.4
 70
     0
 74
     2
280
     1
  0
ATTDEF
  5
50556EF
330
50556E3
100
AcDbEntity
  8
TXT TITLE BLOCK
 62
     7
100
AcDbText
 10
26.00000000000046
 20
-10.75
 30
-0.0000000000000006
 40
1.5
  1

 41
0.9
  7
ROMANS
 11
26.00000000000046
 21
-10.0
 31
-0.0000000000000006
100
AcDbAttributeDefinition
280
     0
  3

  2
DESC4
 70
     0
 74
     2
280
     1
  0
ATTDEF
  5
50556F0
330
50556E3
100
AcDbEntity
  8
TXT TITLE BLOCK
 62
     7
100
AcDbText
 10
17.39372657736385
 20
-10.75000000000003
 30
0.0
 40
1.5
  1

 41
0.9
  7
ROMANS
 72
     1
 11
17.39372657736385
 21
-10.00000000000003
 31
0.0
100
AcDbAttributeDefinition
280
     0
  3

  2
DATE4
 70
     0
 74
     2
280
     1
  0
ATTDEF
  5
50556F1
330
50556E3
100
AcDbEntity
  8
TXT TITLE BLOCK
 62
     7
100
AcDbText
 10
5.0
 20
-10.75000000000003
 30
0.0
 40
1.5
  1

 41
0.9
  7
ROMANS
 72
     1
 11
5.0
 21
-10.00000000000003
 31
0.0
100
AcDbAttributeDefinition
280
     0
  3

  2
REV4
 70
     0
 74
     2
280
     1
  0
ATTDEF
  5
50556F2
330
50556E3
100
AcDbEntity
  8
TXT TITLE BLOCK
 62
     7
100
AcDbText
 10
92.39372657736385
 20
-6.749999999999857
 30
0.0000000000000013
 40
1.5
  1

 41
0.9
  7
ROMANS
 72
     1
 11
92.39372657736385
 21
-5.999999999999857
 31
0.0000000000000013
100
AcDbAttributeDefinition
280
     0
  3

  2
APPRD.3
 70
     0
 74
     2
280
     1
  0
ATTDEF
  5
50556F3
330
50556E3
100
AcDbEntity
  8
TXT TITLE BLOCK
 62
     7
100
AcDbText
 10
81.39372657736386
 20
-6.750000000000028
 30
0.0000000000000013
 40
1.5
  1

 41
0.9
  7
ROMANS
 72
     1
 11
81.39372657736386
 21
-6.000000000000028
 31
0.0000000000000013
100
AcDbAttributeDefinition
280
     0
  3

  2
CHCK.3
 70
     0
 74
     2
280
     1
  0
ATTDEF
  5
50556F4
330
50556E3
100
AcDbEntity
  8
TXT TITLE BLOCK
 62
     7
100
AcDbText
 10
70.39372657736385
 20
-6.750000000000028
 30
0.0000000000000013
 40
1.5
  1

 41
0.9
  7
ROMANS
 72
     1
 11
70.39372657736385
 21
-6.000000000000028
 31
0.0000000000000013
100
AcDbAttributeDefinition
280
     0
  3

  2
MOD.3
 70
     0
 74
     2
280
     1
  0
ATTDEF
  5
50556F5
330
50556E3
100
AcDbEntity
  8
TXT TITLE BLOCK
 62
     7
100
AcDbText
 10
26.00000000000046
 20
-6.75
 30
-0.0000000000000006
 40
1.5
  1

 41
0.9
  7
ROMANS
 11
26.00000000000046
 21
-6.0
 31
-0.0000000000000006
100
AcDbAttributeDefinition
280
     0
  3

  2
DESC3
 70
     0
 74
     2
280
     1
  0
ATTDEF
  5
50556F6
330
50556E3
100
AcDbEntity
  8
TXT TITLE BLOCK
 62
     7
100
AcDbText
 10
17.39372657736385
 20
-6.750000000000028
 30
0.0
 40
1.5
  1

 41
0.9
  7
ROMANS
 72
     1
 11
17.39372657736385
 21
-6.000000000000028
 31
0.0
100
AcDbAttributeDefinition
280
     0
  3

  2
DATE3
 70
     0
 74
     2
280
     1
  0
ATTDEF
  5
50556F7
330
50556E3
100
AcDbEntity
  8
TXT TITLE BLOCK
 62
     7
100
AcDbText
 10
5.0
 20
-6.750000000000028
 30
0.0
 40
1.5
  1

 41
0.9
  7
ROMANS
 72
     1
 11
5.0
 21
-6.000000000000028
 31
0.0
100
AcDbAttributeDefinition
280
     0
  3

  2
REV3
 70
     0
 74
     2
280
     1
  0
ATTDEF
  5
50556F8
330
50556E3
100
AcDbEntity
  8
TXT TITLE BLOCK
 62
     7
100
AcDbText
 10
90.561583720221
 20
-2.749999999999857
 30
0.0000000000000013
 40
1.5
  1
Y.N.
 41
0.9
  7
ROMANS
 72
     1
 11
92.39372657736385
 21
-1.999999999999857
 31
0.0000000000000013
100
AcDbAttributeDefinition
280
     0
  3

  2
APPRD.1
 70
     0
 74
     2
280
     1
  0
ATTDEF
  5
50556F9
330
50556E3
100
AcDbEntity
  8
TXT TITLE BLOCK
 62
     7
100
AcDbText
 10
81.39372657736386
 20
-2.750000000000028
 30
0.0000000000000013
 40
1.5
  1

 41
0.9
  7
ROMANS
 72
     1
 11
81.39372657736386
 21
-2.000000000000028
 31
0.0000000000000013
100
AcDbAttributeDefinition
280
     0
  3

  2
CHCK.1
 70
     0
 74
     2
280
     1
  0
ATTDEF
  5
50556FA
330
50556E3
100
AcDbEntity
  8
TXT TITLE BLOCK
 62
     7
100
AcDbText
 10
70.39372657736385
 20
-2.750000000000028
 30
0.0000000000000013
 40
1.5
  1

 41
0.9
  7
ROMANS
 72
     1
 11
70.39372657736385
 21
-2.000000000000028
 31
0.0000000000000013
100
AcDbAttributeDefinition
280
     0
  3

  2
MOD.1
 70
     0
 74
     2
280
     1
  0
ATTDEF
  5
50556FB
330
50556E3
100
AcDbEntity
  8
TXT TITLE BLOCK
 62
     7
100
AcDbText
 10
26.00000000000046
 20
-2.75
 30
-0.0000000000000006
 40
1.5
  1
ISSUED FOR APPROVAL
 41
0.9
  7
ROMANS
 11
26.00000000000046
 21
-2.0
 31
-0.0000000000000006
100
AcDbAttributeDefinition
280
     0
  3

  2
DESC1
 70
     0
 74
     2
280
     1
  0
ATTDEF
  5
50556FC
330
50556E3
100
AcDbEntity
  8
TXT TITLE BLOCK
 62
     7
100
AcDbText
 10
10.96515514879242
 20
-2.750000000000028
 30
0.0
 40
1.5
  1
YY-MMM-DD
 41
0.9
  7
ROMANS
 72
     1
 11
17.39372657736385
 21
-2.000000000000028
 31
0.0
100
AcDbAttributeDefinition
280
     0
  3

  2
DATE1
 70
     0
 74
     2
280
     1
  0
ATTDEF
  5
50556FD
330
50556E3
100
AcDbEntity
  8
TXT TITLE BLOCK
 62
     7
100
AcDbText
 10
3.649999999999999
 20
-2.750000000000028
 30
0.0
 40
1.5
  1
##
 41
0.9
  7
ROMANS
 72
     1
 11
5.0
 21
-2.000000000000028
 31
0.0
100
AcDbAttributeDefinition
280
     0
  3

  2
REV1
 70
     0
 74
     2
280
     1
  0
ATTDEF
  5
50556FE
330
50556E3
100
AcDbEntity
  8
TXT TITLE BLOCK
 62
     7
100
AcDbText
 10
106.1984814439961
 20
-18.26666672031005
 30
0.0
 40
1.199999999999999
  1
----------------
 41
1.199999999999999
  7
ROMANS
 11
106.1984814439961
 21
-17.66666672031005
 31
0.0
100
AcDbAttributeDefinition
280
     0
  3

  2
CONTRACTOR_DOC_CODE
 70
     0
 74
     2
280
     1
  0
ATTDEF
  5
50556FF
102
{ACAD_XDICTIONARY
360
5055700
102
}
330
50556E3
100
AcDbEntity
  8
TXT TITLE BLOCK
 62
     7
100
AcDbText
 10
256.3392851465132
 20
-18.29942637499266
 30
0.0
 40
1.5
  1
####
  7
ROMAND
 72
     1
 11
259.4999994322275
 21
-17.54942637499266
 31
0.0
100
AcDbAttributeDefinition
280
     0
  3

  2
DESC.2
 70
     0
 74
     2
280
     1
  0
ATTDEF
  5
5055704
102
{ACAD_XDICTIONARY
360
5055705
102
}
330
50556E3
100
AcDbEntity
  8
TXT TITLE BLOCK
 62
     7
100
AcDbText
 10
256.3392851465132
 20
-15.29942637499266
 30
0.0
 40
1.5
  1
####
  7
ROMAND
 72
     1
 11
259.4999994322275
 21
-14.54942637499266
 31
0.0
100
AcDbAttributeDefinition
280
     0
  3

  2
DESC.1
 70
     0
 74
     2
280
     1
  0
ATTDEF
  5
5055709
102
{ACAD_XDICTIONARY
360
505570A
102
}
330
50556E3
100
AcDbEntity
  8
TXT TITLE BLOCK
  6
Continuous
 62
     4
 48
10.0
100
AcDbText
 10
255.9285714285719
 20
-11.59635668166993
 30
0.0
 40
1.5
  1
----
  7
ROMANT
 72
     1
 11
259.5000000000005
 21
-10.84635668166993
 31
0.0
100
AcDbAttributeDefinition
280
     0
  3

  2
DOCUMENT_TITLE
 70
     0
 74
     2
280
     1
  0
ATTDEF
  5
505570E
330
50556E3
100
AcDbEntity
  8
TXT TITLE BLOCK
 62
     7
100
AcDbText
 10
387.5
 20
-14.74999999999991
 30
-0.0000000000000006
 40
1.5
  1
#
 41
0.9
  7
ROMANS
 11
387.5
 21
-13.99999999999991
 31
-0.0000000000000006
100
AcDbAttributeDefinition
280
     0
  3

  2
T.P
 70
     0
 74
     2
280
     1
  0
ATTDEF
  5
505570F
102
{ACAD_XDICTIONARY
360
5055710
102
}
330
50556E3
100
AcDbEntity
  8
TXT TITLE BLOCK
 62
     7
100
AcDbText
 10
378.2928571428572
 20
-14.74999999999991
 30
-0.0000000000000006
 40
1.5
  1
####
 41
0.9
  7
ROMANS
 72
     2
 11
383.5
 21
-13.99999999999991
 31
-0.0000000000000006
100
AcDbAttributeDefinition
280
     0
  3

  2
NO.P
 70
     0
 74
     2
280
     1
  0
ATTDEF
  5
5055714
330
50556E3
100
AcDbEntity
  8
TXT TITLE BLOCK
 62
     7
100
AcDbText
 10
386.975
 20
-10.74999999999977
 30
0.0
 40
1.5
  1
###
 41
0.9
  7
ROMANS
 72
     1
 11
389.0
 21
-9.999999999999772
 31
0.0
100
AcDbAttributeDefinition
280
     0
  3

  2
COUNT.
 70
     0
 74
     2
280
     1
  0
ATTDEF
  5
5055715
102
{ACAD_XDICTIONARY
360
5055716
102
}
330
50556E3
100
AcDbEntity
  8
TXT TITLE BLOCK
 62
     7
100
AcDbText
 10
386.3
 20
-6.749999999999772
 30
0.0
 40
1.5
  1
####
 41
0.9
  7
ROMANS
 72
     1
 11
389.0
 21
-5.999999999999772
 31
0.0
100
AcDbAttributeDefinition
280
     0
  3

  2
DWG.
 70
     0
 74
     2
280
     1
  0
ATTDEF
  5
505571A
102
{ACAD_XDICTIONARY
360
505571B
102
}
330
50556E3
100
AcDbEntity
  8
TXT TITLE BLOCK
 62
     7
100
AcDbText
 10
373.8964285714285
 20
-2.750144175395121
 30
0.0
 40
1.5
  1
=####+####
 41
0.9
  7
ROMANS
 72
     1
 11
381.0
 21
-2.000144175395121
 31
0.0
100
AcDbAttributeDefinition
280
     0
  3

  2
PANEL_NAME
 70
     0
 74
     2
280
     1
  0
ATTDEF
  5
5055720
330
50556E3
100
AcDbEntity
  8
TXT TITLE BLOCK
 62
     7
100
AcDbText
 10
383.475
 20
-18.74999999999985
 30
0.0
 40
1.5
  1
###
 41
0.9
  7
ROMANS
 72
     1
 11
385.5
 21
-17.99999999999986
 31
0.0
100
AcDbAttributeDefinition
280
     0
  3

  2
SCALE
 70
     0
 74
     2
280
     1
  0
ATTDEF
  5
5055721
330
50556E3
100
AcDbEntity
  8
TXT TITLE BLOCK
 62
     7
100
AcDbText
 10
344.1678571428572
 20
-14.74999999999977
 30
0.0
 40
1.5
  1
Y.N.
 41
0.9
  7
ROMANS
 72
     1
 11
346.0
 21
-13.99999999999977
 31
0.0
100
AcDbAttributeDefinition
280
     0
  3

  2
AUTH
 70
     0
 74
     2
280
     1
  0
ATTDEF
  5
5055722
330
50556E3
100
AcDbEntity
  8
TXT TITLE BLOCK
 62
     7
100
AcDbText
 10
344.1678571428572
 20
-10.74999999999977
 30
0.0
 40
1.5
  1
Y.N.
 41
0.9
  7
ROMANS
 72
     1
 11
346.0
 21
-9.999999999999772
 31
0.0
100
AcDbAttributeDefinition
280
     0
  3

  2
APP
 70
     0
 74
     2
280
     1
  0
ATTDEF
  5
5055723
330
50556E3
100
AcDbEntity
  8
TXT TITLE BLOCK
 62
     7
100
AcDbText
 10
344.1678571428572
 20
-6.749999999999772
 30
0.0
 40
1.5
  1
Y.N.
 41
0.9
  7
ROMANS
 72
     1
 11
346.0
 21
-5.999999999999772
 31
0.0
100
AcDbAttributeDefinition
280
     0
  3

  2
CHCK
 70
     0
 74
     2
280
     1
  0
ATTDEF
  5
5055724
330
50556E3
100
AcDbEntity
  8
TXT TITLE BLOCK
 62
     7
100
AcDbText
 10
344.1678571428572
 20
-2.749999999999772
 30
0.0
 40
1.5
  1
Y.N.
 41
0.9
  7
ROMANS
 72
     1
 11
346.0
 21
-1.999999999999772
 31
0.0
100
AcDbAttributeDefinition
280
     0
  3

  2
PREP
 70
     0
 74
     2
280
     1
  0
ATTDEF
  5
5055725
330
50556E3
100
AcDbEntity
  8
TXT TITLE BLOCK
 62
     7
100
AcDbText
 10
328.0
 20
-18.74999999999983
 30
0.0
 40
1.5
  1
----
 41
0.9
  7
ROMANS
 11
328.0
 21
-17.99999999999983
 31
0.0
100
AcDbAttributeDefinition
280
     0
  3

  2
CONTRACT_NO.
 70
     0
 74
     2
280
     1
  0
ATTDEF
  5
5055726
330
50556E3
100
AcDbEntity
  8
TXT TITLE BLOCK
 62
     7
100
AcDbText
 10
92.39372657736385
 20
-18.74999999999985
 30
0.0000000000000013
 40
1.5
  1

 41
0.9
  7
ROMANS
 72
     1
 11
92.39372657736385
 21
-17.99999999999986
 31
0.0000000000000013
100
AcDbAttributeDefinition
280
     0
  3

  2
APPRD.6
 70
     0
 74
     2
280
     1
  0
ATTDEF
  5
5055727
330
50556E3
100
AcDbEntity
  8
TXT TITLE BLOCK
 62
     7
100
AcDbText
 10
81.39372657736386
 20
-18.75000000000003
 30
0.0000000000000013
 40
1.5
  1

 41
0.9
  7
ROMANS
 72
     1
 11
81.39372657736386
 21
-18.00000000000003
 31
0.0000000000000013
100
AcDbAttributeDefinition
280
     0
  3

  2
CHCK.6
 70
     0
 74
     2
280
     1
  0
ATTDEF
  5
5055728
330
50556E3
100
AcDbEntity
  8
TXT TITLE BLOCK
 62
     7
100
AcDbText
 10
70.39372657736385
 20
-18.75000000000003
 30
0.0000000000000013
 40
1.5
  1

 41
0.9
  7
ROMANS
 72
     1
 11
70.39372657736385
 21
-18.00000000000003
 31
0.0000000000000013
100
AcDbAttributeDefinition
280
     0
  3

  2
MOD.6
 70
     0
 74
     2
280
     1
  0
ATTDEF
  5
5055729
330
50556E3
100
AcDbEntity
  8
TXT TITLE BLOCK
 62
     7
100
AcDbText
 10
26.00000000000046
 20
-18.75
 30
-0.0000000000000006
 40
1.5
  1

 41
0.9
  7
ROMANS
 11
26.00000000000046
 21
-18.0
 31
-0.0000000000000006
100
AcDbAttributeDefinition
280
     0
  3

  2
DESC6
 70
     0
 74
     2
280
     1
  0
ATTDEF
  5
505572A
330
50556E3
100
AcDbEntity
  8
TXT TITLE BLOCK
 62
     7
100
AcDbText
 10
17.39372657736385
 20
-18.75000000000003
 30
0.0
 40
1.5
  1

 41
0.9
  7
ROMANS
 72
     1
 11
17.39372657736385
 21
-18.00000000000003
 31
0.0
100
AcDbAttributeDefinition
280
     0
  3

  2
DATE6
 70
     0
 74
     2
280
     1
  0
ATTDEF
  5
505572B
330
50556E3
100
AcDbEntity
  8
TXT TITLE BLOCK
 62
     7
100
AcDbText
 10
5.0
 20
-18.75000000000003
 30
0.0
 40
1.5
  1

 41
0.9
  7
ROMANS
 72
     1
 11
5.0
 21
-18.00000000000003
 31
0.0
100
AcDbAttributeDefinition
280
     0
  3

  2
REV6
 70
     0
 74
     2
280
     1
  0
ENDBLK
  5
505572C
330
50556E3
100
AcDbEntity
  8
0
 48
0.075
100
AcDbBlockEnd
  0
BLOCK
  5
505572E
330
505572D
100
AcDbEntity
  8
0
100
AcDbBlockBegin
  2
*U10
 70
     1
 10
0.0
 20
0.0
 30
0.0
  3
*U10
  1

  0
LEADER
  5
505572F
330
505572D
100
AcDbEntity
  8
0
100
AcDbLeader
  3
ISO-25
 76
     2
 10
-190.0
 20
4.000000000000948
 30
0.0
 10
-190.0
 20
0.0000000000000386
 30
0.0
211
0.0000000000000002
221
1.0
231
0.0
1001
ACAD
1000
DSTYLE
1002
{
1070
   341
1005
5055638
1070
    41
1040
1.5
1070
   147
1040
0.625
1070
    77
1070
     0
1070
    49
1040
0.18
1070
   345
1005
15
1070
   346
1005
15
1070
   347
1005
15
1002
}
  0
ENDBLK
  5
5055730
330
505572D
100
AcDbEntity
  8
0
100
AcDbBlockEnd
  0
BLOCK
  5
5055733
330
5055731
100
AcDbEntity
  8
0
100
AcDbBlockBegin
  2
*U11
 70
     1
 10
0.0
 20
0.0
 30
0.0
  3
*U11
  1

  0
INSERT
  5
5055734
330
5055731
100
AcDbEntity
  8
FOLDING_MARK
  6
ByBlock
347
2C408
 62
     0
370
    -2
380
     1
100
AcDbBlockReference
  2
*U10
 10
0.0
 20
0.0
 30
0.0
  0
INSERT
  5
5055735
330
5055731
100
AcDbEntity
  8
FOLDING_MARK
  6
ByBlock
347
2C408
 62
     0
370
    -2
380
     1
100
AcDbBlockReference
  2
*U10
 10
-105.0
 20
0.0
 30
0.0
  0
INSERT
  5
5055736
330
5055731
100
AcDbEntity
  8
FOLDING_MARK
  6
ByBlock
347
2C408
 62
     0
370
    -2
380
     1
100
AcDbBlockReference
  2
*U10
 10
-210.0
 20
0.0
 30
0.0
  0
ENDBLK
  5
5055737
330
5055731
100
AcDbEntity
  8
0
100
AcDbBlockEnd
  0
BLOCK
  5
5055739
330
5055738
100
AcDbEntity
  8
0
100
AcDbBlockBegin
  2
*U12
 70
     1
 10
0.0
 20
0.0
 30
0.0
  3
*U12
  1

  0
LEADER
  5
505573A
330
5055738
100
AcDbEntity
  8
0
100
AcDbLeader
  3
ISO-25
 76
     2
 10
-190.0
 20
4.000000000000948
 30
0.0
 10
-190.0
 20
0.0000000000000386
 30
0.0
211
0.0000000000000002
221
1.0
231
0.0
1001
ACAD
1000
DSTYLE
1002
{
1070
   341
1005
5055638
1070
    41
1040
1.5
1070
   147
1040
0.625
1070
    77
1070
     0
1070
    49
1040
0.18
1070
   345
1005
15
1070
   346
1005
15
1070
   347
1005
15
1002
}
  0
ENDBLK
  5
505573B
330
5055738
100
AcDbEntity
  8
0
100
AcDbBlockEnd
  0
BLOCK
  5
505573E
330
505573C
100
AcDbEntity
  8
0
100
AcDbBlockBegin
  2
*U13
 70
     1
 10
0.0
 20
0.0
 30
0.0
  3
*U13
  1

  0
INSERT
  5
505573F
330
505573C
100
AcDbEntity
  8
FOLDING_MARK
  6
ByBlock
347
2C408
 62
     0
370
    -2
380
     1
100
AcDbBlockReference
  2
*U12
 10
0.0
 20
0.0
 30
0.0
  0
INSERT
  5
5055740
330
505573C
100
AcDbEntity
  8
FOLDING_MARK
  6
ByBlock
347
2C408
 62
     0
370
    -2
380
     1
100
AcDbBlockReference
  2
*U12
 10
-105.0
 20
0.0
 30
0.0
  0
INSERT
  5
5055741
330
505573C
100
AcDbEntity
  8
FOLDING_MARK
  6
ByBlock
347
2C408
 62
     0
370
    -2
380
     1
100
AcDbBlockReference
  2
*U12
 10
-210.0
 20
0.0
 30
0.0
  0
ENDBLK
  5
5055742
330
505573C
100
AcDbEntity
  8
0
100
AcDbBlockEnd
  0
BLOCK
  5
5055746
330
5055743
100
AcDbEntity
  8
0
 62
     1
100
AcDbBlockBegin
  2
برق تهران-1
 70
     0
 10
0.0
 20
0.0
 30
0.0
  3
برق تهران-1
  1

  0
HATCH
  5
5055747
330
5055743
100
AcDbEntity
  8
0
 62
     2
100
AcDbHatch
 10
0.0
 20
0.0
 30
0.0
210
0.0
220
0.0
230
1.0
  2
DOTS
 70
     0
 71
     1
 91
        2
 92
        7
 72
     1
 73
     1
 93
        2
 10
5.064954694674126
 20
5.064954694674128
 42
1.0
 10
-5.064954694674126
 20
5.064954694674128
 42
1.0
 97
        1
330
5055748
 92
       22
 72
     1
 73
     1
 93
       34
 10
2.11416420014757
 20
3.591021113596468
 42
0.0
 10
1.681242770710014
 20
4.946591177369043
 42
0.0
 10
1.104016968039644
 20
3.85059898521851
 42
0.0
 10
0.6999605123286586
 20
3.85059898521851
 42
0.0
 10
-0.0000000226016539
 20
5.064954694163333
 42
0.0
 10
-0.8637807452818435
 20
2.696926116782237
 42
0.0
 10
0.8371602363235126
 20
0.2058460094182246
 42
-0.0403839128929337
 10
0.0433854977102044
 20
0.1346100667706476
 42
0.0
 10
-1.469871551043439
 20
2.350821328757263
 42
0.0
 10
-2.513543405378556
 20
0.8223319735814973
 42
-0.0352398517301846
 10
-3.085609712696708
 20
1.218266732803585
 42
0.0
 10
-2.075962356800288
 20
2.696926116782236
 42
0.0
 10
-3.199495132598713
 20
5.064954694163333
 42
0.0
 10
-4.936403417487043
 20
5.064954694163333
 42
-0.0160621461906459
 10
-4.926379965671372
 20
5.382213271438217
 42
0.0
 10
-4.062158592008559
 20
5.382213271438217
 42
0.0
 10
-2.705676688715159
 20
5.811845806676899
 42
0.0
 10
-2.503646420129541
 20
6.359841917432133
 42
0.0
 10
-2.359342017536789
 20
5.78300250286631
 42
0.0
 10
-0.9739951405168492
 20
5.78300250286631
 42
0.0
 10
-0.8296907379217373
 20
6.359841917432135
 42
0.0
 10
-0.6276604693384793
 20
5.811845806676898
 42
0.0
 10
0.7288214045925939
 20
5.382213271438217
 42
0.0
 10
0.3149592826548542
 20
5.382213271438217
 42
0.0
 10
0.8940642898454882
 20
4.377528825414657
 42
0.0
 10
1.695045038869835
 20
5.898369816135556
 42
0.0
 10
1.840096583749442
 20
5.898369816135556
 42
0.0
 10
2.375628117878108
 20
4.497682664837725
 42
0.0
 10
3.60976599337718
 20
8.433431718852292
 42
-0.0210429371746239
 10
3.880687478621809
 20
8.118049791515318
 42
0.0
 10
4.6539585716786
 20
3.360286545777881
 42
0.0
 10
4.076732769008231
 20
3.360286545777881
 42
0.0
 10
3.499506936973205
 20
5.55226793505011
 42
0.0
 10
2.720250865719577
 20
3.591021113596468
 42
0.0
 97
        3
330
505574B
330
505574C
330
505574D
 75
     0
 76
     1
 52
0.0
 41
0.3
 77
     0
 78
     1
 53
0.0
 43
0.0
 44
0.0
 45
0.238125
 46
0.47625
 79
     2
 49
0.0
 49
-0.47625
 47
0.0490983555067274
 98
        2
 10
2.704975935868418
 20
2.429606839025694
 10
2.704975935868418
 20
2.429606839025694
1001
ACAD
1010
0.0
1020
0.0
1030
0.0
  0
CIRCLE
  5
5055748
102
{ACAD_REACTORS
330
5055747
102
}
330
5055743
100
AcDbEntity
  8
T_A
 62
     1
100
AcDbCircle
 10
0.0
 20
5.064954694674128
 30
0.0
 40
5.064954694674126
  0
HATCH
  5
5055749
330
5055743
100
AcDbEntity
  8
0
 62
   252
100
AcDbHatch
 10
0.0
 20
0.0
 30
0.0
210
0.0
220
0.0
230
1.0
  2
DOTS
 70
     0
 71
     0
 91
        2
 92
        7
 72
     1
 73
     1
 93
       12
 10
-0.0000000226016539
 20
5.064954694163333
 42
0.0
 10
-0.6324654061068884
 20
5.064954694163333
 42
0.0
 10
-1.469871551043439
 20
3.467579965574657
 42
0.0
 10
-2.422725317128964
 20
5.064954694163333
 42
0.0
 10
-3.199495132598713
 20
5.064954694163333
 42
0.0
 10
-2.075962356800289
 20
2.696926116782236
 42
0.0
 10
-3.085609712696708
 20
1.218266732803584
 42
0.0352398517301846
 10
-2.513543405378555
 20
0.8223319735814982
 42
0.0
 10
-1.469871551043439
 20
2.350821328757263
 42
0.0
 10
0.0433854977102044
 20
0.134610066770648
 42
0.0403839128929337
 10
0.8371602363235126
 20
0.2058460094182237
 42
0.0
 10
-0.8637807452818435
 20
2.696926116782236
 42
0.0
 97
        0
 92
        7
 72
     0
 73
     1
 93
        9
 10
-0.6276604693384798
 20
5.811845806676899
 10
-0.8296907379217373
 20
6.359841917432135
 10
-0.9739951405168483
 20
5.78300250286631
 10
-2.359342017536789
 20
5.78300250286631
 10
-2.503646420129541
 20
6.359841917432135
 10
-2.705676688715158
 20
5.811845806676899
 10
-4.062158592008557
 20
5.382213271438217
 10
0.3149592826548542
 20
5.382213271438217
 10
0.7288214045925941
 20
5.382213271438217
 97
        0
 75
     0
 76
     1
 52
0.0
 41
0.05
 77
     0
 78
     1
 53
0.0
 43
0.0
 44
0.0
 45
0.0396875
 46
0.079375
 79
     2
 49
0.0
 49
-0.079375
 47
0.0684334123299258
 98
        2
 10
-1.325559960778804
 20
2.780430057297451
 10
-0.7261065025257097
 20
5.610571862433459
1001
ACAD
1010
0.0
1020
0.0
1030
0.0
  0
HATCH
  5
505574A
330
5055743
100
AcDbEntity
  8
0
 62
     1
100
AcDbHatch
 10
0.0
 20
0.0
 30
0.0
210
0.0
220
0.0
230
1.0
  2
ANSI31
 70
     0
 71
     1
 91
        1
 92
        7
 72
     1
 73
     1
 93
       20
 10
-0.6324654061068884
 20
5.064954694163333
 42
0.0
 10
-0.0000000226016539
 20
5.064954694163333
 42
0.0
 10
0.6999605123286584
 20
3.85059898521851
 42
0.0
 10
1.104016968039644
 20
3.85059898521851
 42
0.0
 10
1.681242770710014
 20
4.946591177369043
 42
0.0
 10
2.11416420014757
 20
3.591021113596468
 42
0.0
 10
2.720250865719577
 20
3.591021113596468
 42
0.0
 10
3.499506936973205
 20
5.55226793505011
 42
0.0
 10
4.076732769008231
 20
3.360286545777881
 42
0.0
 10
4.653958571678599
 20
3.360286545777881
 42
0.0
 10
3.880687478621809
 20
8.11804979151532
 42
0.0210429371746238
 10
3.60976599337718
 20
8.43343171885229
 42
0.0
 10
2.375628117878108
 20
4.497682664837726
 42
0.0
 10
1.840096583749442
 20
5.898369816135556
 42
0.0
 10
1.695045038869836
 20
5.898369816135556
 42
0.0
 10
0.8940642898454882
 20
4.377528825414657
 42
0.0
 10
0.3149592826548544
 20
5.382213271438217
 42
0.0
 10
0.1129331248894232
 20
5.382213271438217
 42
0.0
 10
-4.926379965671373
 20
5.382213271438217
 42
0.0160621461906459
 10
-4.936403417487042
 20
5.064954694163333
 42
0.0
 97
        2
330
505574D
330
505574B
 75
     1
 76
     1
 52
0.0
 41
0.02
 77
     0
 78
     1
 53
45.0
 43
0.0
 44
0.0
 45
-0.0449012806053458
 46
0.0449012806053458
 79
     0
 47
0.0001233597974791
 98
        1
 10
-0.711617579761878
 20
5.166205708426645
1001
GradientColor1ACI
1070
     5
1001
GradientColor2ACI
1070
     2
1001
ACAD
1010
0.0
1020
0.0
1030
0.0
  0
LWPOLYLINE
  5
505574B
102
{ACAD_REACTORS
330
5055747
330
505574A
102
}
330
5055743
100
AcDbEntity
  8
T_A
 62
     7
100
AcDbPolyline
 90
       19
 70
     1
 43
0.0
 10
-0.6324654061068884
 20
5.064954694163333
 10
-0.0000000226016539
 20
5.064954694163333
 10
0.6999605123286586
 20
3.85059898521851
 10
1.104016968039644
 20
3.85059898521851
 10
1.681242770710014
 20
4.946591177369043
 10
2.11416420014757
 20
3.591021113596468
 10
2.720250865719577
 20
3.591021113596468
 10
3.499506936973205
 20
5.55226793505011
 10
4.076732769008231
 20
3.360286545777881
 10
4.6539585716786
 20
3.360286545777881
 10
3.880687478621808
 20
8.118049791515318
 42
0.0210429371746238
 10
3.60976599337718
 20
8.43343171885229
 10
2.375628117878108
 20
4.497682664837725
 10
1.840096583749442
 20
5.898369816135556
 10
1.695045038869835
 20
5.898369816135556
 10
0.8940642898454882
 20
4.377528825414657
 10
0.3149592826548542
 20
5.382213271438217
 10
-4.926379965671372
 20
5.382213271438217
 42
0.0160621461906459
 10
-4.936403417487042
 20
5.064954694163333
  0
LWPOLYLINE
  5
505574C
102
{ACAD_REACTORS
330
5055747
102
}
330
5055743
100
AcDbEntity
  8
T_A
 62
     7
100
AcDbPolyline
 90
       12
 70
     0
 43
0.0
 10
-0.0000000226016539
 20
5.064954694163333
 10
-0.8637807452818435
 20
2.696926116782236
 10
0.8371602363235126
 20
0.2058460094182237
 42
-0.0403839128929337
 10
0.0433854977102044
 20
0.134610066770648
 10
-1.469871551043439
 20
2.350821328757263
 10
-2.513543405378555
 20
0.8223319735814982
 42
-0.0352398517301846
 10
-3.085609712696708
 20
1.218266732803584
 10
-2.075962356800289
 20
2.696926116782236
 10
-3.199495132598713
 20
5.064954694163333
 10
-2.422725317128964
 20
5.064954694163333
 10
-1.469871551043439
 20
3.467579965574657
 10
-0.6324654061068884
 20
5.064954694163333
  0
LWPOLYLINE
  5
505574D
102
{ACAD_REACTORS
330
5055747
330
505574A
102
}
330
5055743
100
AcDbEntity
  8
T_A
 62
     7
100
AcDbPolyline
 90
        9
 70
     0
 43
0.0
 10
0.1129331248894232
 20
5.382213271438217
 10
0.7288214045925941
 20
5.382213271438217
 10
-0.6276604693384798
 20
5.811845806676899
 10
-0.8296907379217373
 20
6.359841917432135
 10
-0.9739951405168483
 20
5.78300250286631
 10
-2.359342017536789
 20
5.78300250286631
 10
-2.503646420129541
 20
6.359841917432135
 10
-2.705676688715158
 20
5.811845806676899
 10
-4.062158592008557
 20
5.382213271438217
  0
HATCH
  5
505574E
330
5055743
100
AcDbEntity
  8
0
 62
     7
100
AcDbHatch
 10
0.0
 20
0.0
 30
0.0
210
0.0
220
0.0
230
1.0
  2
SOLID
 70
     1
 71
     0
 91
       28
 92
        7
 72
     0
 73
     1
 93
      203
 10
13.19114397445531
 20
-2.973180526625156
 10
13.20953136595079
 20
-2.936405743634168
 10
13.22562033350937
 20
-2.904227808517021
 10
13.23941087713098
 20
-2.867453025526032
 10
13.25320142075262
 20
-2.821484546787274
 10
13.26929038831119
 20
-2.770919220174619
 10
13.2876777798067
 20
-2.713458621751186
 10
13.30376674736524
 20
-2.658296447264689
 10
13.31985571492382
 20
-2.610029544588996
 10
13.32675098673462
 20
-2.570956337661044
 10
13.33364625854545
 20
-2.53647997860699
 10
13.33594468248236
 20
-2.513495739237612
 10
13.33364625854545
 20
-2.47442253230966
 10
13.32445256279769
 20
-2.428454053570902
 10
13.31296044311301
 20
-2.382485574832145
 10
13.29916989949137
 20
-2.329621824282583
 10
13.27848408405893
 20
-2.274459649796085
 10
13.25549984468955
 20
-2.221595899246523
 10
13.23711245319404
 20
-2.1779258444447
 10
13.21642663776163
 20
-2.141151061453683
 10
13.19803924626612
 20
-2.111271550273499
 10
13.17965185477061
 20
-2.088287310904121
 10
12.9658984286354
 20
-2.38478399876908
 10
12.98888266800477
 20
-2.421558781760097
 10
13.00727005950028
 20
-2.451438292940281
 10
13.02565745099576
 20
-2.481317804120465
 10
13.0394479946174
 20
-2.502003619552908
 10
13.05323853823904
 20
-2.522689434985352
 10
13.08541647335616
 20
-2.575553185534943
 10
13.11069913666247
 20
-2.619223240336737
 10
13.12678810422105
 20
-2.653699599390819
 10
13.14411204583524
 20
-2.691812270942108
 10
13.12219125634718
 20
-2.708861773877316
 10
13.10150544091473
 20
-2.722652317498955
 10
13.07852120154535
 20
-2.736442861120565
 10
13.05323853823904
 20
-2.747934980805268
 10
13.02565745099576
 20
-2.759427100489943
 10
12.99577793981558
 20
-2.768620796237712
 10
12.9658984286354
 20
-2.775516068048517
 10
12.93601891745521
 20
-2.780112915922387
 10
12.90613940627503
 20
-2.782411339859322
 10
12.87625989509482
 20
-2.782411339859322
 10
12.832589840293
 20
-2.780112915922387
 10
12.7889197854912
 20
-2.768620796237712
 10
12.75444342643712
 20
-2.747934980805268
 10
12.72226549132
 20
-2.72035389356202
 10
12.70157967588756
 20
-2.688175958444873
 10
12.68319228439205
 20
-2.649102751516949
 10
12.67170016470737
 20
-2.603134272778191
 10
12.66020804502267
 20
-2.552568946165536
 10
12.65790962108573
 20
-2.492809923805168
 10
12.6556111971488
 20
-2.423857205697032
 10
12.52919788061723
 20
-2.423857205697032
 10
12.5268994566803
 20
-2.47442253230966
 10
12.51770576093253
 20
-2.522689434985352
 10
12.51081048912172
 20
-2.568657913724109
 10
12.49472152156315
 20
-2.610029544588996
 10
12.4786325540046
 20
-2.649102751516949
 10
12.44415619495052
 20
-2.697369654192641
 10
12.4004861401487
 20
-2.736442861120565
 10
12.35221923747301
 20
-2.761725524426879
 10
12.29705706298651
 20
-2.777814491985452
 10
12.23270119275224
 20
-2.782411339859322
 10
12.18213586613962
 20
-2.780112915922387
 10
12.13846581133779
 20
-2.766322372300749
 10
12.09939260440987
 20
-2.745636556868333
 10
12.06491624535579
 20
-2.713458621751186
 10
12.03733515811254
 20
-2.678982262697132
 10
12.01435091874316
 20
-2.637610631832245
 10
12.00056037512155
 20
-2.591642153093488
 10
11.98447140756297
 20
-2.54107682648086
 10
11.9798745596891
 20
-2.483616228057428
 10
11.97757613575214
 20
-2.423857205697032
 10
11.85346124315751
 20
-2.423857205697032
 10
11.85116281922057
 20
-2.467527260498854
 10
11.8465659713467
 20
-2.513495739237612
 10
11.83737227559896
 20
-2.559464217976369
 10
11.82358173197733
 20
-2.600835848841256
 10
11.80519434048182
 20
-2.63990905576918
 10
11.77531482930163
 20
-2.690474382381808
 10
11.74083847024758
 20
-2.731846013246695
 10
11.70176526331963
 20
-2.759427100489943
 10
11.651199936707
 20
-2.777814491985452
 10
11.60063461009437
 20
-2.782411339859322
 10
11.45813232600423
 20
-2.782411339859322
 10
11.44664020631953
 20
-2.782411339859322
 10
11.38458276002222
 20
-2.777814491985452
 10
11.32482373766183
 20
-2.761725524426879
 10
11.26966156317533
 20
-2.7387412850575
 10
11.21449938868881
 20
-2.701966502066511
 10
11.16163563813924
 20
-2.658296447264689
 10
11.13865139876986
 20
-2.633013783958375
 10
11.11107031152662
 20
-2.600835848841256
 10
11.07429552853563
 20
-2.559464217976369
 10
11.02832704979687
 20
-2.506600467426807
 10
10.97776172318424
 20
-2.446841445066411
 10
10.88352634176982
 20
-2.642207479706144
 10
10.78929096035534
 20
-2.839871938282783
 10
10.83296101515714
 20
-2.876646721273772
 10
10.87203422208514
 20
-2.913421504264846
 10
10.9088090050761
 20
-2.947897863318843
 10
10.94558378806709
 20
-2.98467264630986
 10
10.97776172318424
 20
-3.023745853237784
 10
11.00304438649056
 20
-3.060520636228801
 10
11.02602862585993
 20
-3.09269857134592
 10
11.04441601735541
 20
-3.122578082526104
 10
11.06050498491399
 20
-3.152457593706316
 10
11.07199710459869
 20
-3.182337104886499
 10
11.05131128916625
 20
-3.228305583625257
 10
11.02602862585993
 20
-3.276572486300949
 10
10.99385069074279
 20
-3.320242541102771
 10
10.95477748381486
 20
-3.368509443778464
 10
10.90651058113917
 20
-3.419074770391091
 10
10.85824367846348
 20
-3.465043249129848
 10
10.80537992791389
 20
-3.508713303931671
 10
10.75021775342739
 20
-3.552383358733493
 10
10.69045873106699
 20
-3.596053413535287
 10
10.62380443689582
 20
-3.637425044400174
 10
10.56634383847236
 20
-3.674199827391191
 10
10.50888324004893
 20
-3.71097461038218
 10
10.44912421768853
 20
-3.745450969436262
 10
10.38706677139123
 20
-3.779927328490316
 10
10.32271090115696
 20
-3.8098068396705
 10
10.36408253202185
 20
-3.841984774787647
 10
10.41005101076061
 20
-3.871864285967831
 10
10.46521318524711
 20
-3.901743797148014
 10
10.5249722076075
 20
-3.931623308328198
 10
10.5870296539048
 20
-3.959204395571475
 10
10.63989340445437
 20
-3.97989021100389
 10
10.69045873106699
 20
-3.995979178562464
 10
10.72953193799495
 20
-4.007471298247168
 10
10.76400829704903
 20
-4.014366570057973
 10
10.78929096035534
 20
-4.016664993994908
 10
10.85824367846348
 20
-3.947712275886772
 10
10.91800270082385
 20
-3.878759557778636
 10
10.97316487531034
 20
-3.802911567859695
 10
11.02832704979687
 20
-3.729362001877689
 10
11.07429552853563
 20
-3.646618740147914
 10
11.12486085514825
 20
-3.547786510859594
 10
11.17082933388701
 20
-3.44665585763434
 10
11.207604116878
 20
-3.33862993259828
 10
11.23978205199515
 20
-3.228305583625257
 10
11.26276629136452
 20
-3.111085962841428
 10
11.27885525892307
 20
-3.124876506463067
 10
11.29724265041858
 20
-3.138667050084677
 10
11.31563004191409
 20
-3.150159169769381
 10
11.3340174334096
 20
-3.154756017643251
 10
11.35010640096814
 20
-3.163949713390991
 10
11.37079221640059
 20
-3.173143409138759
 10
11.38917960789609
 20
-3.180038680949564
 10
11.40986542332854
 20
-3.182337104886499
 10
11.43055123876098
 20
-3.184635528823434
 10
11.45353547813036
 20
-3.184635528823434
 10
11.53627873986011
 20
-3.184635528823434
 10
11.57305352285112
 20
-3.184635528823434
 10
11.61902200158988
 20
-3.180038680949564
 10
11.66269205639167
 20
-3.168546561264861
 10
11.7063621111935
 20
-3.150159169769381
 10
11.74543531812145
 20
-3.122578082526104
 10
11.78680694898634
 20
-3.090400147408985
 10
11.81208961229265
 20
-3.060520636228801
 10
11.8396706995359
 20
-3.023745853237784
 10
11.86495336284221
 20
-2.98467264630986
 10
11.89253445008546
 20
-2.938704167571103
 10
11.91781711339177
 20
-2.888138840958475
 10
11.93620450488728
 20
-2.936405743634168
 10
11.95918874425666
 20
-2.982374222372925
 10
11.98447140756297
 20
-3.023745853237784
 10
12.01205249480622
 20
-3.060520636228801
 10
12.03733515811254
 20
-3.090400147408985
 10
12.07181151716662
 20
-3.122578082526104
 10
12.10858630015761
 20
-3.150159169769381
 10
12.14536108314863
 20
-3.170844985201824
 10
12.18443429007655
 20
-3.182337104886499
 10
12.22810434487837
 20
-3.184635528823434
 10
12.28786336723877
 20
-3.180038680949564
 10
12.3384286938514
 20
-3.168546561264861
 10
12.38669559652709
 20
-3.150159169769381
 10
12.43266407526585
 20
-3.122578082526104
 10
12.46943885825684
 20
-3.090400147408985
 10
12.49472152156315
 20
-3.055923788354931
 10
12.51770576093253
 20
-3.021447429300849
 10
12.53839157636497
 20
-2.982374222372925
 10
12.55907739179741
 20
-2.936405743634168
 10
12.57286793541902
 20
-2.88584041702154
 10
12.58206163116679
 20
-2.929510471823334
 10
12.59815059872537
 20
-2.973180526625156
 10
12.61423956628391
 20
-3.012253733553109
 10
12.64182065352716
 20
-3.051326940481033
 10
12.66940174077044
 20
-3.085803299535115
 10
12.70387809982449
 20
-3.122578082526104
 10
12.74065288281551
 20
-3.150159169769381
 10
12.77972608974343
 20
-3.170844985201824
 10
12.82109772060832
 20
-3.182337104886499
 10
12.86246935147321
 20
-3.184635528823434
 10
12.90613940627503
 20
-3.180038680949564
 10
12.94521261320295
 20
-3.170844985201824
 10
12.98888266800477
 20
-3.154756017643251
 10
13.02795587493273
 20
-3.131771778273872
 10
13.07162592973452
 20
-3.104190691030623
 10
13.1061022887886
 20
-3.074311179850411
 10
13.13828022390572
 20
-3.042133244733292
 10
13.16586131114897
 20
-3.007656885679239
 97
        0
 92
        7
 72
     0
 73
     1
 93
        4
 10
13.20723294201386
 20
-1.619408827768808
 10
13.03714957068047
 20
-1.433236488876872
 10
12.85787250359931
 20
-1.610215132021068
 10
13.02795587493273
 20
-1.789492199102198
 97
        0
 92
        7
 72
     0
 73
     1
 93
        4
 10
12.64182065352716
 20
-1.433236488876872
 10
12.46484201038297
 20
-1.607916708084133
 10
12.63262695777942
 20
-1.789492199102198
 10
12.81650087273445
 20
-1.619408827768808
 97
        0
 92
        7
 72
     0
 73
     1
 93
        4
 10
13.01876217918496
 20
-1.283838932975896
 10
12.8440819599777
 20
-1.099965018020895
 10
12.6671033168335
 20
-1.274645237228156
 10
12.83488826422996
 20
-1.458519152183185
 97
        0
 92
        7
 72
     0
 73
     1
 93
      219
 10
10.08597323565237
 20
-1.628602523516576
 10
10.17101492131908
 20
-1.598723012336392
 10
10.25145975911189
 20
-1.403356977696716
 10
10.32960617296777
 20
-1.207990943056955
 10
10.27674242241821
 20
-1.219483062741659
 10
10.21928182399477
 20
-1.235572030300204
 10
10.15032910588664
 20
-1.258556269669583
 10
10.0744811159677
 20
-1.286137356912831
 10
9.989439430300961
 20
-1.320613715966914
 10
9.906696168571244
 20
-1.352791651084032
 10
9.823952906841469
 20
-1.389566434075049
 10
9.741209645111723
 20
-1.424042793129103
 10
9.658466383381949
 20
-1.463116000057055
 10
9.575723121652373
 20
-1.502189206984894
 10
9.497576707796326
 20
-1.538963989975997
 10
9.426325565751255
 20
-1.578037196903949
 10
9.361969695516989
 20
-1.610215132021068
 10
9.302210673156565
 20
-1.64469149107515
 10
9.244750074733161
 20
-1.676869426192268
 10
9.233257955048486
 20
-1.734330024615701
 10
9.224064259300718
 20
-1.789492199102198
 10
9.219467411426848
 20
-1.844654373588753
 10
9.214870563552977
 20
-1.89521970020138
 10
9.207975291742144
 20
-1.943486602877044
 10
9.203378443868274
 20
-1.99175350555285
 10
9.198781595994404
 20
-2.042318832165364
 10
9.198781595994404
 20
-2.092884158777991
 10
9.196483172057469
 20
-2.143449485390618
 10
9.196483172057469
 20
-2.198611659877144
 10
9.233257955048486
 20
-2.214700627435689
 10
9.270032738039475
 20
-2.230789594994263
 10
9.306807521030464
 20
-2.249176986489771
 10
9.341283880084546
 20
-2.26756437798528
 10
9.378058663075535
 20
-2.288250193417695
 10
9.424027141814292
 20
-2.318129704597907
 10
9.469995620553049
 20
-2.348009215778091
 10
9.509068827481002
 20
-2.382485574832145
 10
9.548142034408954
 20
-2.412365086012357
 10
9.580319969526073
 20
-2.444543021129476
 10
9.62169160039096
 20
-2.485914651994363
 10
9.658466383381949
 20
-2.53188313073312
 10
9.690644318499096
 20
-2.575553185534943
 10
9.715926981805409
 20
-2.6215216642737
 10
9.738911221174788
 20
-2.667490143012429
 10
9.709031709994576
 20
-2.690474382381808
 10
9.679152198814392
 20
-2.711160197814251
 10
9.646974263697273
 20
-2.72954758930976
 10
9.614796328580155
 20
-2.745636556868333
 10
9.580319969526073
 20
-2.757128676553008
 10
9.543545186535084
 20
-2.766322372300749
 10
9.502173555670196
 20
-2.775516068048517
 10
9.447011381183699
 20
-2.780112915922387
 10
9.387252358823303
 20
-2.782411339859322
 10
9.318299640715167
 20
-2.782411339859322
 10
9.228661107174588
 20
-2.782411339859322
 10
9.109143062453824
 20
-2.782411339859322
 10
9.060876159778132
 20
-2.782411339859322
 10
9.01720610497631
 20
-2.780112915922387
 10
8.978132898048386
 20
-2.775516068048517
 10
8.943656538994304
 20
-2.761725524426879
 10
8.91377702781412
 20
-2.747934980805268
 10
8.888494364507806
 20
-2.727249165372825
 10
8.872405396949233
 20
-2.706563349940381
 10
8.858614853327622
 20
-2.678982262697132
 10
8.849421157579854
 20
-2.651401175453884
 10
8.842525885769049
 20
-2.619223240336737
 10
8.840227461832114
 20
-2.582448457345748
 10
8.840227461832114
 20
-2.564061065850239
 10
8.840227461832114
 20
-2.545673674354731
 10
8.842525885769049
 20
-2.53188313073312
 10
8.842525885769049
 20
-2.513495739237612
 10
8.847122733642919
 20
-2.499705195615973
 10
8.849421157579854
 20
-2.481317804120465
 10
8.854018005453724
 20
-2.462930412624984
 10
8.860913277264558
 20
-2.442244597192541
 10
8.865510125138428
 20
-2.421558781760126
 10
8.872405396949233
 20
-2.398574542390718
 10
8.865510125138428
 20
-2.393977694516848
 10
8.860913277264558
 20
-2.387082422706043
 10
8.851719581516817
 20
-2.382485574832145
 10
8.842525885769049
 20
-2.37559030302134
 10
8.835630613958244
 20
-2.373291879084405
 10
8.826436918210475
 20
-2.368695031210535
 10
8.817243222462735
 20
-2.3663966072736
 10
8.80575110277806
 20
-2.364098183336665
 10
8.798855830967227
 20
-2.364098183336665
 10
8.780468439471746
 20
-2.364098183336665
 10
8.771274743723949
 20
-2.368695031210535
 10
8.764379471913173
 20
-2.368695031210535
 10
8.755185776165404
 20
-2.396276118453783
 10
8.743693656480786
 20
-2.421558781759983
 10
8.734499960732989
 20
-2.442244597192541
 10
8.723007841048286
 20
-2.460631988688049
 10
8.716112569237481
 20
-2.476720956246595
 10
8.700023601678907
 20
-2.499705195615973
 10
8.686233058057268
 20
-2.520391011048417
 10
8.670144090498723
 20
-2.54107682648086
 10
8.651756699003215
 20
-2.554867370102499
 10
8.635667731444641
 20
-2.573254761597979
 10
8.585102404832014
 20
-2.610029544588996
 10
8.520746534597776
 20
-2.642207479706115
 10
8.447196968615742
 20
-2.672086990886327
 10
8.362155282949061
 20
-2.701966502066511
 10
8.267919901534611
 20
-2.727249165372825
 10
8.162192400435458
 20
-2.747934980805268
 10
8.056464899336361
 20
-2.761725524426879
 10
7.946140550363338
 20
-2.775516068048517
 10
7.82892092957951
 20
-2.780112915922387
 10
7.711701308795682
 20
-2.782411339859322
 10
7.622062775255102
 20
-2.780112915922387
 10
7.537021089588392
 20
-2.775516068048517
 10
7.458874675732516
 20
-2.759427100489943
 10
7.387623533687445
 20
-2.741039708994435
 10
7.323267663453179
 20
-2.718055469625085
 10
7.254314945345072
 20
-2.681280686634067
 10
7.199152770858546
 20
-2.63990905576918
 10
7.162377987867557
 20
-2.589343729156553
 10
7.13939374849815
 20
-2.534181554670055
 10
7.132498476687345
 20
-2.472124108372725
 10
7.13479690062428
 20
-2.435349325381736
 10
7.137095324561244
 20
-2.398574542390718
 10
7.146289020308984
 20
-2.354904487588896
 10
7.160079563930594
 20
-2.306637584913204
 10
7.173870107552232
 20
-2.256072258300577
 10
7.180765379363037
 20
-2.237684866805096
 10
7.187660651173871
 20
-2.216999051372624
 10
7.196854346921611
 20
-2.191716388066311
 10
7.206048042669323
 20
-2.168732148696989
 10
7.217540162354055
 20
-2.141151061453683
 10
7.210644890543221
 20
-2.131957365705943
 10
7.203749618732416
 20
-2.122763669958203
 10
7.194555922984676
 20
-2.113569974210435
 10
7.185362227236907
 20
-2.108973126336564
 10
7.173870107552232
 20
-2.102077854525759
 10
7.160079563930594
 20
-2.097481006651889
 10
7.148587444245919
 20
-2.092884158777991
 10
7.137095324561244
 20
-2.090585734841056
 10
7.127901628813475
 20
-2.090585734841056
 10
7.1164095091288
 20
-2.090585734841056
 10
7.088828421885523
 20
-2.131957365705943
 10
7.063545758579238
 20
-2.180224268381607
 10
7.040561519209859
 20
-2.228491171057328
 10
7.019875703777415
 20
-2.279056497669955
 10
7.001488312281907
 20
-2.336517096093416
 10
6.983100920786398
 20
-2.403171390264589
 10
6.967011953227824
 20
-2.467527260498854
 10
6.957818257480084
 20
-2.534181554670084
 10
6.950922985669279
 20
-2.600835848841256
 10
6.948624561732344
 20
-2.669788566949364
 10
6.955519833543149
 20
-2.770919220174647
 10
6.978504072912528
 20
-2.865154601589097
 10
7.008383584092712
 20
-2.943301015444973
 10
7.056650486768404
 20
-3.007656885679239
 10
7.1164095091288
 20
-3.062819060165736
 10
7.192257499047741
 20
-3.106489114967558
 10
7.279597608651386
 20
-3.143263897958547
 10
7.38532510975051
 20
-3.168546561264861
 10
7.502544730534339
 20
-3.180038680949564
 10
7.635853318876741
 20
-3.184635528823434
 10
7.776057179029919
 20
-3.182337104886499
 10
7.907067343435386
 20
-3.170844985201824
 10
8.031182236030019
 20
-3.154756017643251
 10
8.148401856813848
 20
-3.131771778273872
 10
8.256427781849936
 20
-3.101892267093688
 10
8.350663163264357
 20
-3.067415908039606
 10
8.442600120741872
 20
-3.026044277174719
 10
8.529940230345516
 20
-2.982374222372925
 10
8.612683492075291
 20
-2.927212047886399
 10
8.695426753805037
 20
-2.869751449462967
 10
8.697725177741972
 20
-2.922615200012529
 10
8.709217297426675
 20
-2.966285254814351
 10
8.727604688922156
 20
-3.012253733553109
 10
8.752887352228469
 20
-3.053625364417996
 10
8.782766863408653
 20
-3.090400147408985
 10
8.82413849427354
 20
-3.122578082526104
 10
8.870106973012298
 20
-3.150159169769381
 10
8.920672299624925
 20
-3.170844985201824
 10
8.973536050174516
 20
-3.182337104886499
 10
9.033295072534883
 20
-3.184635528823434
 10
9.145917845444841
 20
-3.184635528823434
 10
9.221765835363783
 20
-3.184635528823434
 10
9.302210673156594
 20
-3.182337104886499
 10
9.375760239138628
 20
-3.173143409138759
 10
9.447011381183699
 20
-3.159352865517121
 10
9.513665675354872
 20
-3.140965474021612
 10
9.575723121652202
 20
-3.115682810715298
 10
9.62628844826483
 20
-3.090400147408985
 10
9.679152198814392
 20
-3.055923788354931
 10
9.727419101490085
 20
-3.016850581426979
 10
9.775686004165777
 20
-2.973180526625156
 10
9.821654482904534
 20
-2.922615200012529
 10
9.830848178652274
 20
-2.883541993084577
 10
9.840041874400043
 20
-2.835275090408885
 10
9.849235570147783
 20
-2.782411339859436
 10
9.858429265895551
 20
-2.727249165372825
 10
9.863026113769421
 20
-2.662893295138559
 10
9.869921385580227
 20
-2.598537424904293
 10
9.874518233454097
 20
-2.534181554670055
 10
9.876816657391032
 20
-2.476720956246595
 10
9.88141350526493
 20
-2.416961933886227
 10
9.88141350526493
 20
-2.364098183336665
 10
9.846937146210848
 20
-2.306637584913204
 10
9.805565515345961
 20
-2.249176986489771
 10
9.761895460544167
 20
-2.198611659877144
 10
9.711330133931539
 20
-2.148046333264517
 10
9.656167959445014
 20
-2.102077854525759
 10
9.598707361021581
 20
-2.060706223660872
 10
9.54124676259812
 20
-2.023931440669855
 10
9.481487740237753
 20
-1.991753505552736
 10
9.419430293940422
 20
-1.964172418309487
 10
9.352775999769221
 20
-1.941188178940109
 10
9.42402714181432
 20
-1.904413395949092
 10
9.497576707796326
 20
-1.865340189021168
 10
9.578021545589137
 20
-1.828565406030151
 10
9.658466383381806
 20
-1.794089046976125
 10
9.743508069048658
 20
-1.75731426398508
 10
9.828549754715368
 20
-1.720539480994091
 10
9.913591440382049
 20
-1.688361545876944
 10
10.00093154998572
 20
-1.65848203469676
 97
        0
 92
       23
 72
     0
 73
     1
 93
        4
 10
8.433406424994132
 20
-1.856146493273399
 10
8.235741966417492
 20
-1.64928833894902
 10
8.026585388156149
 20
-1.846952797525659
 10
8.228846694606659
 20
-2.060706223660872
 97
        0
 92
       23
 72
     0
 73
     1
 93
        4
 10
7.727790276354227
 20
-1.676869426192268
 10
7.518633698092912
 20
-1.874533884768908
 10
7.718596580606487
 20
-2.090585734841056
 10
7.925454734930895
 20
-1.886026004453611
 97
        0
 92
       23
 72
     0
 73
     1
 93
        4
 10
6.206233630101451
 20
-3.653514011958748
 10
5.990181780029274
 20
-3.425970042201896
 10
5.760339386335516
 20
-3.646618740147914
 10
5.980988084281534
 20
-3.878759557778636
 97
        0
 92
        7
 72
     0
 73
     1
 93
      122
 10
6.086715585380659
 20
-2.977777374499027
 10
6.100506129002297
 20
-2.957091559066611
 10
6.114296672623936
 20
-2.929510471823334
 10
6.128087216245546
 20
-2.895034112769252
 10
6.141877759867185
 20
-2.853662481904393
 10
6.15796672742573
 20
-2.805395579228729
 10
6.174055694984303
 20
-2.752531828679138
 10
6.187846238605942
 20
-2.701966502066511
 10
6.199338358290617
 20
-2.653699599390819
 10
6.206233630101451
 20
-2.603134272778277
 10
6.213128901912256
 20
-2.554867370102499
 10
6.208532054038357
 20
-2.506600467426807
 10
6.206233630101451
 20
-2.460631988688049
 10
6.199338358290617
 20
-2.412365086012357
 10
6.185547814669007
 20
-2.364098183336665
 10
6.171757271047368
 20
-2.315831280660972
 10
6.15336987955186
 20
-2.26756437798528
 10
6.130385640182538
 20
-2.219297475310128
 10
6.109699824750066
 20
-2.175627420507765
 10
6.082118737506789
 20
-2.131957365705943
 10
6.056836074200475
 20
-2.090585734841056
 10
5.843082648065262
 20
-2.398574542390718
 10
5.863768463497706
 20
-2.428454053570902
 10
5.879857431056279
 20
-2.453736716877216
 10
5.89824482255176
 20
-2.476720956246595
 10
5.909736942236463
 20
-2.499705195615973
 10
5.921229061921167
 20
-2.515794163174547
 10
5.948810149164387
 20
-2.564061065850296
 10
5.971794388533794
 20
-2.603134272778191
 10
5.990181780029274
 20
-2.63990905576918
 10
5.997077051840108
 20
-2.667490143012429
 10
5.999375475777043
 20
-2.688175958444873
 10
5.994778627903144
 20
-2.708861773877316
 10
5.983286508218469
 20
-2.727249165372825
 10
5.962600692786026
 20
-2.741039708994435
 10
5.937318029479797
 20
-2.75253182867911
 10
5.907438518299528
 20
-2.766322372300749
 10
5.875260583182409
 20
-2.770919220174647
 10
5.838485800191392
 20
-2.777814491985452
 10
5.794815745389598
 20
-2.780112915922387
 10
5.748847266650813
 20
-2.782411339859322
 10
5.698281940038185
 20
-2.782411339859322
 10
5.553481232011108
 20
-2.782411339859322
 10
5.525900144767859
 20
-2.782411339859322
 10
5.461544274533594
 20
-2.777814491985452
 10
5.401785252173226
 20
-2.761725524426879
 10
5.348921501623635
 20
-2.7387412850575
 10
5.291460903200203
 20
-2.701966502066511
 10
5.240895576587575
 20
-2.658296447264689
 10
5.217911337218168
 20
-2.63301378395829
 10
5.188031826037985
 20
-2.600835848841228
 10
5.151257043046996
 20
-2.559464217976369
 10
5.10528856430821
 20
-2.50660046742675
 10
5.054723237695611
 20
-2.446841445066411
 10
4.960487856281275
 20
-2.642207479706172
 10
4.866252474866712
 20
-2.839871938282783
 10
4.909922529668534
 20
-2.876646721273772
 10
4.948995736596515
 20
-2.913421504265073
 10
4.985770519587504
 20
-2.9478978633189
 10
5.022545302578492
 20
-2.98467264630986
 10
5.054723237695611
 20
-3.023745853237784
 10
5.080005901001868
 20
-3.060520636228744
 10
5.102990140371332
 20
-3.092698571345977
 10
5.123675955803747
 20
-3.122578082526104
 10
5.137466499425386
 20
-3.152457593706344
 10
5.148958619110061
 20
-3.182337104886499
 10
5.128272803677617
 20
-3.228305583625257
 10
5.102990140371304
 20
-3.276572486300949
 10
5.070812205254185
 20
-3.320242541102771
 10
5.031738998326233
 20
-3.368509443778464
 10
4.98347209565054
 20
-3.419074770391091
 10
4.935205192974848
 20
-3.465043249129848
 10
4.884639866362221
 20
-3.508713303931671
 10
4.82717926793876
 20
-3.552383358733493
 10
4.767420245578392
 20
-3.596053413535287
 10
4.700765951407191
 20
-3.637425044400174
 10
4.645603776920637
 20
-3.67419982739122
 10
4.588143178497261
 20
-3.71097461038218
 10
4.528384156136837
 20
-3.745450969436291
 10
4.4640282859026
 20
-3.779927328490316
 10
4.399672415668362
 20
-3.8098068396705
 10
4.443342470470156
 20
-3.841984774787647
 10
4.487012525271978
 20
-3.871864285967831
 10
4.542174699758476
 20
-3.901743797148014
 10
4.601933722118872
 20
-3.931623308328198
 10
4.663991168416202
 20
-3.959204395571475
 10
4.7191533429027
 20
-3.97989021100389
 10
4.767420245578392
 20
-3.995979178562464
 10
4.806493452506344
 20
-4.007471298247168
 10
4.840969811560398
 20
-4.014366570057973
 10
4.866252474866712
 20
-4.016664993994908
 10
4.935205192974848
 20
-3.947712275886772
 10
4.994964215335244
 20
-3.878759557778636
 10
5.052424813758648
 20
-3.802911567859752
 10
5.105288564308239
 20
-3.729362001877689
 10
5.151257043046967
 20
-3.646618740147943
 10
5.201822369659623
 20
-3.547786510859623
 10
5.247790848398381
 20
-3.44665585763434
 10
5.284565631389398
 20
-3.338629932598308
 10
5.316743566506517
 20
-3.228305583625257
 10
5.339727805875895
 20
-3.111085962841428
 10
5.355816773434469
 20
-3.124876506463067
 10
5.374204164929949
 20
-3.138667050084677
 10
5.392591556425458
 20
-3.150159169769381
 10
5.410978947920966
 20
-3.154756017643251
 10
5.42706791547954
 20
-3.163949713390991
 10
5.447753730911983
 20
-3.173143409138759
 10
5.468439546344427
 20
-3.180038680949564
 10
5.486826937839907
 20
-3.182337104886499
 10
5.507512753272351
 20
-3.184635528823434
 10
5.53049699264173
 20
-3.184635528823434
 10
5.613240254371476
 20
-3.184635528823434
 10
5.645418189488623
 20
-3.184635528823434
 10
5.70058036397512
 20
-3.182337104886499
 10
5.755742538461618
 20
-3.173143409138759
 10
5.806307865074273
 20
-3.161651289454056
 10
5.859171615623836
 20
-3.145562321895482
 10
5.907438518299528
 20
-3.124876506463067
 10
5.948810149164415
 20
-3.101892267093688
 10
5.990181780029274
 20
-3.074311179850411
 10
6.022359715146421
 20
-3.044431668670227
 10
6.05453765026354
 20
-3.014552157490044
 97
        0
 92
        7
 72
     0
 73
     1
 93
      125
 10
4.197411109217824
 20
-3.016850581426979
 10
4.190515837407019
 20
-2.878945145210707
 10
4.179023717722316
 20
-2.752531828679138
 10
4.158337902289872
 20
-2.64450590364305
 10
4.126159967172753
 20
-2.550270522228629
 10
4.087086760244801
 20
-2.467527260498854
 10
4.038819857569137
 20
-2.405469814201524
 10
3.981359259145676
 20
-2.352606063651961
 10
3.914704964974475
 20
-2.308936008850139
 10
3.843453822929404
 20
-2.283653345543825
 10
3.760710561199658
 20
-2.265265954048345
 10
3.700951538839262
 20
-2.306637584913204
 10
3.650386212226635
 20
-2.357202911525831
 10
3.599820885614008
 20
-2.414663509949292
 10
3.556150830812185
 20
-2.4836162280574
 10
3.517077623884233
 20
-2.559464217976398
 10
3.480302840893244
 20
-2.64450590364305
 10
3.450423329713061
 20
-2.7387412850575
 10
3.432035938217552
 20
-2.835275090408828
 10
3.415946970658978
 20
-2.934107319697204
 10
3.413648546722043
 20
-3.037536396859422
 10
3.448124905776097
 20
-3.067415908039606
 10
3.484899688767114
 20
-3.094996995282855
 10
3.52167447175816
 20
-3.115682810715327
 10
3.56304610262299
 20
-3.138667050084677
 10
3.604417733487878
 20
-3.152457593706316
 10
3.641192516478895
 20
-3.163949713390991
 10
3.682564147343782
 20
-3.173143409138759
 10
3.721637354271706
 20
-3.175441833075694
 10
3.765307409073528
 20
-3.182337104886499
 10
3.806679039938416
 20
-3.182337104886499
 10
3.831961703244729
 20
-3.182337104886499
 10
3.854945942614108
 20
-3.182337104886499
 10
3.880228605920422
 20
-3.180038680949564
 10
3.9032128452898
 20
-3.175441833075694
 10
3.923898660722244
 20
-3.173143409138759
 10
3.946882900091623
 20
-3.170844985201824
 10
3.969867139460973
 20
-3.163949713390991
 10
3.98825453095651
 20
-3.161651289454056
 10
4.01123877032586
 20
-3.154756017643251
 10
4.031924585758304
 20
-3.150159169769381
 10
4.031924585758304
 20
-3.336331508661317
 10
3.974463987334871
 20
-3.380001563463139
 10
3.90780969316367
 20
-3.423671618264961
 10
3.829663279307794
 20
-3.460446401255978
 10
3.744621593641085
 20
-3.497221184246967
 10
3.6480877882897
 20
-3.533995967237984
 10
3.55385240687525
 20
-3.563875478418168
 10
3.464213873334699
 20
-3.586859717787547
 10
3.381470611604925
 20
-3.605247109283055
 10
3.303324197749049
 20
-3.614440805030795
 10
3.232073055703978
 20
-3.61673922896773
 10
3.163120337595842
 20
-3.614440805030795
 10
3.098764467361576
 20
-3.605247109283055
 10
3.041303868938143
 20
-3.591456565661417
 10
2.988440118388524
 20
-3.568472326292038
 10
2.940173215712889
 20
-3.543189662985724
 10
2.885011041226363
 20
-3.497221184246967
 10
2.84134098642454
 20
-3.439760585823535
 10
2.809163051307422
 20
-3.375404715589269
 10
2.793074083748848
 20
-3.299556725670328
 10
2.786178811938043
 20
-3.214515040003618
 10
2.790775659811913
 20
-3.161651289454312
 10
2.795372507685783
 20
-3.106489114967558
 10
2.804566203433552
 20
-3.051326940481033
 10
2.820655170992097
 20
-2.991567918120722
 10
2.839042562487605
 20
-2.927212047886428
 10
2.84593783429841
 20
-2.906526232453956
 10
2.855131530046179
 20
-2.88354199308452
 10
2.864325225793919
 20
-2.8559609058413
 10
2.875817345478623
 20
-2.826081394661144
 10
2.887309465163298
 20
-2.796201883480961
 10
2.885011041226363
 20
-2.789306611670156
 10
2.873518921541773
 20
-2.777814491985509
 10
2.864325225793919
 20
-2.770919220174647
 10
2.852833106109244
 20
-2.766322372300749
 10
2.84134098642454
 20
-2.759427100489943
 10
2.829848866739865
 20
-2.757128676553008
 10
2.818356747055162
 20
-2.752531828679138
 10
2.809163051307422
 20
-2.750233404742203
 10
2.802267779496617
 20
-2.750233404742203
 10
2.767791420442534
 20
-2.807694003165664
 10
2.733315061388481
 20
-2.869751449462995
 10
2.701137126271362
 20
-2.938704167571103
 10
2.673556039028085
 20
-3.016850581427007
 10
2.648273375721771
 20
-3.101892267093745
 10
2.625289136352392
 20
-3.184635528823463
 10
2.606901744856884
 20
-3.267378790553266
 10
2.593111201235274
 20
-3.33862993259828
 10
2.588514353361404
 20
-3.407582650706359
 10
2.583917505487534
 20
-3.467341673066783
 10
2.590812777298339
 20
-3.561577054481233
 10
2.604603320919949
 20
-3.644320316210979
 10
2.629885984226291
 20
-3.722466730066884
 10
2.664362343280345
 20
-3.79141944817502
 10
2.710330822019102
 20
-3.851178470535387
 10
2.774686692253339
 20
-3.910937492895754
 10
2.850534682172309
 20
-3.956905971634512
 10
2.937874791775925
 20
-3.989083906751659
 10
3.041303868938143
 20
-4.009769722184103
 10
3.151628217911138
 20
-4.016664993994908
 10
3.236669903577848
 20
-4.014366570057973
 10
3.326308437118427
 20
-4.005172874310233
 10
3.413648546722043
 20
-3.986785482814724
 10
3.503287080262623
 20
-3.96609966738228
 10
3.592925613803203
 20
-3.936220156202097
 10
3.664176755848274
 20
-3.908639068958848
 10
3.73312947395641
 20
-3.878759557778636
 10
3.802082192064489
 20
-3.846581622661517
 10
3.868736486235718
 20
-3.812105263607435
 10
3.935390780406919
 20
-3.773032056679511
 10
3.985956107019546
 20
-3.740854121562364
 10
4.029626161821397
 20
-3.71097461038218
 10
4.066400944812329
 20
-3.681095099201996
 10
4.098578879929533
 20
-3.653514011958748
 10
4.123861543235818
 20
-3.630529772589369
 10
4.135353662920522
 20
-3.596053413535287
 10
4.142248934731327
 20
-3.554681782670428
 10
4.153741054416002
 20
-3.504116456057772
 10
4.162934750163771
 20
-3.439760585823535
 10
4.174426869848446
 20
-3.368509443778464
 10
4.183620565596186
 20
-3.292661453859551
 10
4.188217413470084
 20
-3.21911188787746
 10
4.195112685280889
 20
-3.150159169769352
 10
4.197411109217824
 20
-3.081206451661245
 97
        0
 92
       22
 72
     0
 73
     1
 93
       35
 10
3.914704964974475
 20
-2.865154601589097
 10
3.884825453794292
 20
-2.869751449462967
 10
3.852647518677173
 20
-2.869751449462967
 10
3.820469583560026
 20
-2.867453025526032
 10
3.792888496316777
 20
-2.865154601589097
 10
3.760710561199658
 20
-2.858259329778263
 10
3.73312947395641
 20
-2.849065634030523
 10
3.705548386713132
 20
-2.839871938282783
 10
3.675668875532949
 20
-2.828379818598079
 10
3.65268463616357
 20
-2.814589274976469
 10
3.634297244668061
 20
-2.798500307417896
 10
3.615909853172581
 20
-2.782411339859322
 10
3.602119309550943
 20
-2.766322372300749
 10
3.606716157424813
 20
-2.741039708994435
 10
3.615909853172581
 20
-2.72035389356202
 10
3.625103548920321
 20
-2.699668078129576
 10
3.634297244668061
 20
-2.678982262697132
 10
3.641192516478895
 20
-2.660594871201624
 10
3.65268463616357
 20
-2.642207479706115
 10
3.666475179785209
 20
-2.623820088210607
 10
3.682564147343782
 20
-2.610029544588996
 10
3.696354690965392
 20
-2.598537424904293
 10
3.710145234587031
 20
-2.584746881282683
 10
3.74692001757802
 20
-2.591642153093488
 10
3.783694800569037
 20
-2.603134272778191
 10
3.818171159623091
 20
-2.619223240336737
 10
3.850349094740238
 20
-2.637610631832245
 10
3.877930181983487
 20
-2.660594871201624
 10
3.90780969316367
 20
-2.688175958444873
 10
3.928495508596114
 20
-2.718055469625113
 10
3.949181324028558
 20
-2.752531828679138
 10
3.969867139460973
 20
-2.789306611670156
 10
3.983657683082611
 20
-2.830678242535014
 10
3.962971867650168
 20
-2.846767210093588
 10
3.939987628280789
 20
-2.855960905841328
 97
        0
 92
        7
 72
     0
 73
     1
 93
        4
 10
3.944584476154659
 20
-1.630900947453511
 10
3.730831050019446
 20
-1.828565406030151
 10
3.933092356469984
 20
-2.042318832165364
 10
4.137652086857457
 20
-1.837759101777919
 97
        0
 92
        7
 72
     0
 73
     1
 93
        4
 10
3.629700396794191
 20
-1.867638612958103
 10
3.432035938217552
 20
-1.65848203469676
 10
3.222879359956209
 20
-1.856146493273399
 10
3.422842242469812
 20
-2.072198343345547
 97
        0
 92
        7
 72
     0
 73
     1
 93
      365
 10
1.894390324406174
 20
-2.957091559066611
 10
1.917374563775581
 20
-2.913421504264789
 10
1.938060379207996
 20
-2.865154601589068
 10
1.95874619464044
 20
-2.814589274976469
 10
1.9495524988927
 20
-2.697369654192613
 10
1.935761955271061
 20
-2.593940577030451
 10
1.915076139838618
 20
-2.504302043489872
 10
1.880599780784564
 20
-2.428454053570902
 10
1.834631302045806
 20
-2.368695031210535
 10
1.781767551496244
 20
-2.320428128534842
 10
1.715113257325043
 20
-2.283653345543825
 10
1.636966843469167
 20
-2.256072258300577
 10
1.545029885991652
 20
-2.239983290742003
 10
1.439302384892528
 20
-2.235386442868133
 10
1.411721297649251
 20
-2.26756437798528
 10
1.379543362532132
 20
-2.306637584913204
 10
1.349663851351863
 20
-2.352606063652189
 10
1.317485916234801
 20
-2.40317139026456
 10
1.285307981117625
 20
-2.460631988688106
 10
1.260025317811368
 20
-2.5043020434899
 10
1.234742654505026
 20
-2.550270522228686
 10
1.211758415135676
 20
-2.593940577030366
 10
1.186475751829334
 20
-2.637610631832274
 10
1.163491512459984
 20
-2.681280686634067
 10
1.138208849153812
 20
-2.718055469625028
 10
1.117523033721226
 20
-2.747934980805268
 10
1.096837218288783
 20
-2.768620796237712
 10
1.078449826793274
 20
-2.780112915922387
 10
1.060062435297766
 20
-2.782411339859322
 10
0.9359475427031327
 20
-2.782411339859322
 10
0.8899790639644038
 20
-2.782411339859322
 10
0.834816889477878
 20
-2.777814491985452
 10
0.7865499868021857
 20
-2.766322372300749
 10
0.7451783559372985
 20
-2.741039708994435
 10
0.7084035729463097
 20
-2.708861773877316
 10
0.6762256378291909
 20
-2.662893295138559
 10
0.6532413984597838
 20
-2.6215216642737
 10
0.6371524309012387
 20
-2.575553185535
 10
0.6210634633426651
 20
-2.524987858922287
 10
0.616466615468795
 20
-2.467527260498883
 10
0.61416819153186
 20
-2.407768238138487
 10
0.4969485707480317
 20
-2.407768238138487
 10
0.4946501468110967
 20
-2.462930412624984
 10
0.4854564510633282
 20
-2.513495739237612
 10
0.471665907441718
 20
-2.561762641913304
 10
0.4532785159462094
 20
-2.605432696715126
 10
0.4302942765768308
 20
-2.651401175453884
 10
0.398116341459712
 20
-2.699668078129576
 10
0.3567447105948247
 20
-2.736442861120565
 10
0.3107762318560674
 20
-2.761725524426879
 10
0.2625093291803751
 20
-2.777814491985452
 10
0.2096455786308127
 20
-2.782411339859322
 10
0.1062165014686229
 20
-2.782411339859322
 10
0.0855306860361793
 20
-2.780112915922387
 10
0.0648448706037357
 20
-2.780112915922387
 10
0.041860631234357
 20
-2.777814491985452
 10
0.0188763918649784
 20
-2.775516068048517
 10
-0.0064062714413353
 20
-2.768620796237712
 10
-0.033987358684584
 20
-2.761725524426879
 10
-0.0523747501800926
 20
-2.757128676553008
 10
-0.0730605656125363
 20
-2.750233404742203
 10
-0.0868511092341464
 20
-2.741039708994435
 10
-0.09834322891885
 20
-2.736442861120565
 10
-0.0454794783692876
 20
-2.676683838760197
 10
-0.0041078475044003
 20
-2.623820088210607
 10
0.0257716636757834
 20
-2.580150033408813
 10
0.0441590551712921
 20
-2.54107682648086
 10
0.0487559030451621
 20
-2.511197315300705
 10
0.0441590551712921
 20
-2.460631988688049
 10
0.0303685115496535
 20
-2.412365086012385
 10
0.0073842721802748
 20
-2.366396607273571
 10
-0.0224952389999089
 20
-2.318129704597907
 10
-0.0615684459278327
 20
-2.274459649796085
 10
-0.1121337725404885
 20
-2.228491171057328
 10
-0.1672959470269859
 20
-2.191716388066311
 10
-0.2247565454504183
 20
-2.16873214869696
 10
-0.2845155678108142
 20
-2.152643181138387
 10
-0.3465730141081167
 20
-2.148046333264517
 10
-0.3994367646577075
 20
-2.150344757201452
 10
-0.4523005152072699
 20
-2.159538452949192
 10
-0.5051642657568323
 20
-2.175627420507765
 10
-0.5580280163063947
 20
-2.196313235940209
 10
-0.6108917668559571
 20
-2.221595899246523
 10
-0.6545618216578362
 20
-2.2491769864898
 10
-0.6959334525226666
 20
-2.27675807373302
 10
-0.7396035073244605
 20
-2.313532856724009
 10
-0.7832735621263112
 20
-2.348009215778091
 10
-0.82464519299117
 20
-2.391679270579913
 10
-0.8568231281083171
 20
-2.421558781760097
 10
-0.8844042153515943
 20
-2.453736716877216
 10
-0.9142837265317496
 20
-2.485914651994363
 10
-0.9395663898380632
 20
-2.520391011048445
 10
-0.9671474770813119
 20
-2.554867370102499
 10
-0.9671474770813119
 20
-2.325024976408712
 10
-0.9671474770813119
 20
-2.090585734841056
 10
-0.9671474770813119
 20
-1.860743341147269
 10
-0.9671474770813119
 20
-1.626304099579641
 10
-0.8637183999191222
 20
-1.626304099579641
 10
-0.9648490531444053
 20
-1.412550673444428
 10
-1.06597970636966
 20
-1.198797247309215
 10
-1.318806339432796
 20
-1.433236488876872
 10
-1.288926828252613
 20
-1.509084478795813
 10
-1.265942588883234
 20
-1.591827740525587
 10
-1.242958349513855
 20
-1.686063121940009
 10
-1.224570958018375
 20
-1.787193775165349
 10
-1.206183566522838
 20
-1.897518124138287
 10
-1.192393022901228
 20
-2.014737744922058
 10
-1.180900903216496
 20
-2.13655421357987
 10
-1.171707207468784
 20
-2.25607225830052
 10
-1.169408783531849
 20
-2.382485574832145
 10
-1.167110359594914
 20
-2.506600467426864
 10
-1.167110359594914
 20
-2.782411339859322
 10
-1.440622808090495
 20
-2.782411339859322
 10
-1.479696015018447
 20
-2.782411339859322
 10
-1.509575526198631
 20
-2.780112915922387
 10
-1.537156613441879
 20
-2.780112915922387
 10
-1.564737700685157
 20
-2.777814491985452
 10
-1.59461721186534
 20
-2.775516068048517
 10
-1.622198299108561
 20
-2.768620796237712
 10
-1.647480962414903
 20
-2.761725524426879
 10
-1.668166777847346
 20
-2.752531828679138
 10
-1.684255745405891
 20
-2.747934980805268
 10
-1.702643136901428
 20
-2.7387412850575
 10
-1.714135256586104
 20
-2.731846013246695
 10
-1.69344944115366
 20
-2.701966502066511
 10
-1.672763625721216
 20
-2.672086990886327
 10
-1.654376234225708
 20
-2.633013783958375
 10
-1.635988842730228
 20
-2.593940577030423
 10
-1.619899875171654
 20
-2.550270522228601
 10
-1.603810907613109
 20
-2.495108347742132
 10
-1.587721940054507
 20
-2.444543021129476
 10
-1.580826668243787
 20
-2.393977694517161
 10
-1.573931396432897
 20
-2.345710791841156
 10
-1.571632972495962
 20
-2.299742313102399
 10
-1.573931396432897
 20
-2.244580138615901
 10
-1.5854235161176
 20
-2.187119540192497
 10
-1.59921405973921
 20
-2.131957365705943
 10
-1.622198299108589
 20
-2.081392039093316
 10
-1.652077810288773
 20
-2.033125136417623
 10
-1.677360473595086
 20
-1.998648777363541
 10
-1.707239984775299
 20
-1.966470842246422
 10
-1.739417919892417
 20
-1.936591331066239
 10
-1.773894278946499
 20
-1.911308667759925
 10
-1.810669061937488
 20
-1.886026004453611
 10
-1.842846997054607
 20
-1.867638612958103
 10
-1.868129660360921
 20
-1.856146493273399
 10
-1.893412323667234
 20
-1.844654373588724
 10
-1.914098139099678
 20
-1.842355949651789
 10
-1.930187106658252
 20
-1.837759101777919
 10
-1.943977650279862
 20
-1.842355949651789
 10
-1.964663465712305
 20
-1.851549645399529
 10
-1.985349281144749
 20
-1.865340189021168
 10
-2.010631944451063
 20
-1.886026004453611
 10
-2.03821303169434
 20
-1.913607091696889
 10
-2.072689390748365
 20
-1.95038187468782
 10
-2.100270477991273
 20
-1.984858233741618
 10
-2.130149989171826
 20
-2.02163301673292
 10
-2.155432652478197
 20
-2.060706223660901
 10
-2.180715315784482
 20
-2.102077854525759
 10
-2.205997979090795
 20
-2.157240029012228
 10
-2.226683794523211
 20
-2.207805355624884
 10
-2.240474338144849
 20
-2.258370682237512
 10
-2.249668033892589
 20
-2.308936008850167
 10
-2.251966457829553
 20
-2.357202911525803
 10
-2.249668033892589
 20
-2.403171390264844
 10
-2.247369609955654
 20
-2.444543021129476
 10
-2.238175914207914
 20
-2.485914651994335
 10
-2.224385370586304
 20
-2.529584706796129
 10
-2.210594826964666
 20
-2.570956337661073
 10
-2.194505859406092
 20
-2.598537424904293
 10
-2.180715315784482
 20
-2.628416936084505
 10
-2.164626348225908
 20
-2.653699599390819
 10
-2.1462389567304
 20
-2.678982262697132
 10
-2.127851565234891
 20
-2.706563349940381
 10
-2.111762597676317
 20
-2.72035389356202
 10
-2.100270477991671
 20
-2.736442861120593
 10
-2.093375206180837
 20
-2.745636556868333
 10
-2.082211432772851
 20
-2.749357814670986
 10
-2.104867325865512
 20
-2.759427100489943
 10
-2.123254717361021
 20
-2.766322372300749
 10
-2.143940532793465
 20
-2.770919220174647
 10
-2.164626348225908
 20
-2.775516068048517
 10
-2.183013739721388
 20
-2.777814491985452
 10
-2.203699555153832
 20
-2.780112915922387
 10
-2.228982218460146
 20
-2.780112915922387
 10
-2.261160153577293
 20
-2.782411339859322
 10
-2.295636512631347
 20
-2.782411339859322
 10
-2.334709719559299
 20
-2.782411339859322
 10
-2.468018307901672
 20
-2.782411339859322
 10
-2.486405699397181
 20
-2.782411339859322
 10
-2.532374178135938
 20
-2.775516068048517
 10
-2.573745809000826
 20
-2.750233404742203
 10
-2.608222168054879
 20
-2.711160197814251
 10
-2.635803255298128
 20
-2.658296447264689
 10
-2.658787494667564
 20
-2.589343729156496
 10
-2.667981190415275
 20
-2.554867370102499
 10
-2.677174886162987
 20
-2.499705195616002
 10
-2.690965429784654
 20
-2.414663509949349
 10
-2.704755973406292
 20
-2.306637584913232
 10
-2.725441788838764
 20
-2.175627420506941
 10
-2.741530756397281
 20
-2.072198343345519
 10
-2.762216571829753
 20
-1.982559809804968
 10
-2.785200811199104
 20
-1.90441339594912
 10
-2.808185050568482
 20
-1.842355949651789
 10
-2.835766137811731
 20
-1.787193775165263
 10
-3.001252661271252
 20
-2.049214103976169
 10
-2.996655813397381
 20
-2.063004647597807
 10
-2.987462117649613
 20
-2.079093615156381
 10
-2.980566845838808
 20
-2.099779430588796
 10
-2.973671574028003
 20
-2.12046524602124
 10
-2.966776302217169
 20
-2.148046333264517
 10
-2.964477878280234
 20
-2.157240029012257
 10
-2.962179454343299
 20
-2.166433724759997
 10
-2.957582606469429
 20
-2.1779258444447
 10
-2.955284182532494
 20
-2.191716388066367
 10
-2.952985758595559
 20
-2.207805355624884
 10
-2.957582606469429
 20
-2.207805355624884
 10
-2.969074726154133
 20
-2.214700627435689
 10
-2.987462117649613
 20
-2.219297475309588
 10
-3.012744780955927
 20
-2.230789594994263
 10
-3.040325868199204
 20
-2.244580138615901
 10
-3.081697499064063
 20
-2.260669106174447
 10
-3.118472282055051
 20
-2.279056497669927
 10
-3.157545488983004
 20
-2.299742313102399
 10
-3.194320271974021
 20
-2.320428128534871
 10
-3.23569190283888
 20
-2.343412367904221
 10
-3.283958805514515
 20
-2.373291879084376
 10
-3.329927284253386
 20
-2.403171390264589
 10
-3.371298915118245
 20
-2.433050901444801
 10
-3.405775274172299
 20
-2.462930412624984
 10
-3.440251633226353
 20
-2.492809923805168
 10
-3.451743752911028
 20
-2.522689434985352
 10
-3.463235872595731
 20
-2.554867370102442
 10
-3.474727992280435
 20
-2.591642153093516
 10
-3.483921688028175
 20
-2.63071536002144
 10
-3.493115383775943
 20
-2.669788566949392
 10
-3.502309079523655
 20
-2.697369654192641
 10
-3.511502775271424
 20
-2.727249165372853
 10
-3.520696471019164
 20
-2.759427100490341
 10
-3.532188590703896
 20
-2.798500307417924
 10
-3.543680710388571
 20
-2.844468786156653
 10
-3.504607503460619
 20
-2.888138840958475
 10
-3.46323587259576
 20
-2.924913623949464
 10
-3.412670545983104
 20
-2.961688406940481
 10
-3.355209947559671
 20
-2.986971070246795
 10
-3.288555653388471
 20
-3.012253733553109
 10
-3.23109505496501
 20
-3.023745853237812
 10
-3.171336032604642
 20
-3.035237972922487
 10
-3.106980162370376
 20
-3.044431668670227
 10
-3.035729020325305
 20
-3.046730092607162
 10
-2.962179454343299
 20
-3.051326940481033
 10
-2.930001519226181
 20
-2.99846318993147
 10
-2.902420431982932
 20
-2.945599439381936
 10
-2.879436192613553
 20
-2.888138840958418
 10
-2.856451953244175
 20
-2.826081394661116
 10
-2.835766137811731
 20
-2.759427100489943
 10
-2.819677170253157
 20
-2.826081394661173
 10
-2.801289778757592
 20
-2.888138840958646
 10
-2.785200811199104
 20
-2.943301015444973
 10
-2.76451499576666
 20
-2.991567918120665
 10
-2.741530756397281
 20
-3.032939548985552
 10
-2.704755973406292
 20
-3.085803299535115
 10
-2.663384342541405
 20
-3.131771778273872
 10
-2.612819015928778
 20
-3.161651289454056
 10
-2.56225368931615
 20
-3.180038680949564
 10
-2.50479309089269
 20
-3.184635528823434
 10
-2.394468741919695
 20
-3.184635528823434
 10
-2.343903415307039
 20
-3.184635528823434
 10
-2.284144392946672
 20
-3.182337104886499
 10
-2.228982218460174
 20
-3.175441833075694
 10
-2.176118467910583
 20
-3.168546561264861
 10
-2.130149989171826
 20
-3.154756017643251
 10
-2.084181510433097
 20
-3.138667050084677
 10
-2.056600423189763
 20
-3.122578082526075
 10
-2.022124064135766
 20
-3.101892267093688
 10
-1.980752433270879
 20
-3.074311179850411
 10
-1.937082378469057
 20
-3.042133244733264
 10
-1.881920203982559
 20
-3.005358461742275
 10
-1.845145420991656
 20
-3.035237972922431
 10
-1.81066906193746
 20
-3.062819060165736
 10
-1.778491126820256
 20
-3.085803299535143
 10
-1.748611615640157
 20
-3.106489114967558
 10
-1.718732104459945
 20
-3.122578082526104
 10
-1.670465201784281
 20
-3.145562321895482
 10
-1.619899875171654
 20
-3.161651289454056
 10
-1.569334548559027
 20
-3.175441833075694
 10
-1.514172374072529
 20
-3.182337104886499
 10
-1.456711775649068
 20
-3.184635528823434
 10
-1.362476394234619
 20
-3.184635528823434
 10
-1.157916663847174
 20
-3.184635528823434
 10
-1.059084434558826
 20
-3.182337104886499
 10
-0.9625506292074419
 20
-3.173143409138759
 10
-0.8683152477930207
 20
-3.159352865517121
 10
-0.7717814424416077
 20
-3.140965474021612
 10
-0.677546061027158
 20
-3.115682810715298
 10
-0.5925043753604769
 20
-3.090400147408985
 10
-0.5143579615045724
 20
-3.060520636228801
 10
-0.4408083955225948
 20
-3.026044277174719
 10
-0.3741541013513938
 20
-2.991567918120665
 10
-0.3120966550540629
 20
-2.952494711192713
 10
-0.2868139917477492
 20
-2.98467264630986
 10
-0.2546360566306305
 20
-3.016850581426979
 10
-0.2201596975765483
 20
-3.046730092607162
 10
-0.1810864906486245
 20
-3.074311179850411
 10
-0.1374164358468022
 20
-3.104190691030623
 10
-0.0845526852972398
 20
-3.134070202210807
 10
-0.0339873586845556
 20
-3.154756017643251
 10
0.0142795439911083
 20
-3.173143409138759
 10
0.0648448706037357
 20
-3.182337104886499
 10
0.1085149254055295
 20
-3.184635528823434
 10
0.2119440025677477
 20
-3.184635528823434
 10
0.2234361222524512
 20
-3.184635528823434
 10
0.2625093291803751
 20
-3.180038680949564
 10
0.3061793839821973
 20
-3.168546561264861
 10
0.3452525909101496
 20
-3.145562321895482
 10
0.3889226457119434
 20
-3.115682810715298
 10
0.4302942765768308
 20
-3.081206451661245
 10
0.471665907441718
 20
-3.037536396859422
 10
0.5015454186219018
 20
-2.996164765994535
 10
0.5245296579912804
 20
-2.952494711192741
 10
0.542917049486789
 20
-2.906526232453956
 10
0.5544091691714641
 20
-2.860557753715227
 10
0.5659012888561677
 20
-2.908824656390891
 10
0.5842886803516763
 20
-2.957091559066611
 10
0.6072729197210265
 20
-2.998463189931442
 10
0.6325555830273402
 20
-3.042133244733292
 10
0.6670319420814224
 20
-3.081206451661245
 10
0.7084035729463097
 20
-3.115682810715298
 10
0.7497752038111685
 20
-3.145562321895482
 10
0.7911468346760558
 20
-3.168546561264861
 10
0.8325184655409429
 20
-3.182337104886499
 10
0.8761885203427652
 20
-3.184635528823434
 10
0.9750207496310849
 20
-3.184635528823434
 10
1.023287652306777
 20
-3.184635528823434
 10
1.04857031561309
 20
-3.182337104886499
 10
1.076151402856339
 20
-3.175441833075694
 10
1.096837218288783
 20
-3.168546561264861
 10
1.119821457658161
 20
-3.152457593706316
 10
1.14280569702754
 20
-3.138667050084677
 10
1.165789936396919
 20
-3.115682810715298
 10
1.186475751829249
 20
-3.090400147409127
 10
1.209459991198741
 20
-3.062819060165736
 10
1.227847382694193
 20
-3.030641125048617
 10
1.248533198126665
 20
-2.9938663420576
 10
1.273815861432979
 20
-3.021447429300849
 10
1.29909852473915
 20
-3.044431668670085
 10
1.322082764108671
 20
-3.065117484102671
 10
1.34506700347805
 20
-3.08350487559818
 10
1.365752818910522
 20
-3.10189226709366
 10
1.39333390615377
 20
-3.124876506463067
 10
1.423213417333954
 20
-3.145562321895482
 10
1.453092928514109
 20
-3.161651289454056
 10
1.482972439694322
 20
-3.180038680949564
 10
1.512851950874505
 20
-3.191530800634239
 10
1.551925157802457
 20
-3.207619768192813
 10
1.59099836473041
 20
-3.214515040003618
 10
1.627773147721399
 20
-3.223708735751387
 10
1.666846354649351
 20
-3.230604007562192
 10
1.708217985514238
 20
-3.230604007562192
 10
1.733500648820552
 20
-3.207619768192813
 10
1.761081736063687
 20
-3.175441833075836
 10
1.790961247243984
 20
-3.140965474021612
 10
1.818542334487233
 20
-3.099593843156753
 10
1.84612342173051
 20
-3.051326940480976
 10
1.87370450897373
 20
-3.005358461742275
 97
        0
 92
       22
 72
     0
 73
     1
 93
       40
 10
1.363454394973558
 20
-2.711160197814251
 10
1.368051242847457
 20
-2.692772806318743
 10
1.374946514658233
 20
-2.672086990886299
 10
1.381841786469067
 20
-2.653699599390819
 10
1.39333390615377
 20
-2.633013783958375
 10
1.40252760190151
 20
-2.614626392462866
 10
1.416318145523121
 20
-2.598537424904264
 10
1.430108689144731
 20
-2.580150033408841
 10
1.441600808829434
 20
-2.564061065850239
 10
1.457689776388008
 20
-2.552568946165536
 10
1.471480320009646
 20
-2.54107682648086
 10
1.522045646622274
 20
-2.554867370102499
 10
1.565715701424096
 20
-2.570956337661044
 10
1.60478890835202
 20
-2.591642153093488
 10
1.641563691343037
 20
-2.614626392462866
 10
1.671443202523221
 20
-2.642207479706115
 10
1.69902428976647
 20
-2.678982262697132
 10
1.722008529135848
 20
-2.72035389356202
 10
1.738097496694422
 20
-2.768620796237712
 10
1.747291192442162
 20
-2.821484546787274
 10
1.749589616379125
 20
-2.87894514521065
 10
1.749589616379125
 20
-2.883541993084577
 10
1.749589616379125
 20
-2.888138840958475
 10
1.749589616379125
 20
-2.89503411276928
 10
1.749589616379125
 20
-2.89963096064315
 10
1.749589616379125
 20
-2.906526232453956
 10
1.749589616379125
 20
-2.913421504264789
 10
1.747291192442162
 20
-2.918018352138659
 10
1.747291192442162
 20
-2.924913623949464
 10
1.747291192442162
 20
-2.929510471823334
 10
1.747291192442162
 20
-2.936405743634168
 10
1.692129017955664
 20
-2.922615200012529
 10
1.641563691343066
 20
-2.904227808517021
 10
1.593296788667345
 20
-2.88584041702154
 10
1.551925157802457
 20
-2.865154601589097
 10
1.510553526937599
 20
-2.844468786156653
 10
1.473778743946581
 20
-2.819186122850311
 10
1.439302384892528
 20
-2.796201883480961
 10
1.409422873712316
 20
-2.768620796237712
 10
1.381841786469067
 20
-2.7387412850575
 97
        0
 92
       22
 72
     0
 73
     1
 93
       35
 10
-0.2638297523783706
 20
-2.633013783958375
 10
-0.3074998071802213
 20
-2.669788566949364
 10
-0.3511698619820152
 20
-2.699668078129576
 10
-0.406332036468541
 20
-2.722652317498955
 10
-0.4660910588289085
 20
-2.745636556868333
 10
-0.528148505126211
 20
-2.761725524426879
 10
-0.599399647171282
 20
-2.775516068048517
 10
-0.6821429089009996
 20
-2.782411339859322
 10
-0.7740798663785711
 20
-2.789306611670156
 10
-0.8752105196038257
 20
-2.796201883480961
 10
-0.990131716450719
 20
-2.796201883480961
 10
-0.9648490531444053
 20
-2.761725524426879
 10
-0.9395663898380348
 20
-2.731846013246638
 10
-0.9165821504686562
 20
-2.701966502066483
 10
-0.8912994871623709
 20
-2.672086990886356
 10
-0.8683152477930207
 20
-2.642207479706115
 10
-0.8338388887389101
 20
-2.605432696715098
 10
-0.7970641057479498
 20
-2.570956337661073
 10
-0.7625877466938676
 20
-2.54107682648086
 10
-0.7258129637028788
 20
-2.513495739237612
 10
-0.6913366046488534
 20
-2.490511499868262
 10
-0.6476665498469743
 20
-2.462930412624984
 10
-0.606294918982087
 20
-2.444543021129476
 10
-0.5649232881172282
 20
-2.428454053570902
 10
-0.528148505126211
 20
-2.421558781760097
 10
-0.4936721460721572
 20
-2.416961933886227
 10
-0.4545989391442049
 20
-2.421558781760097
 10
-0.4155257322162811
 20
-2.428454053570902
 10
-0.3810493731621989
 20
-2.444543021129476
 10
-0.3511698619820152
 20
-2.462930412624984
 10
-0.3235887747387665
 20
-2.485914651994363
 10
-0.3006045353693594
 20
-2.513495739237612
 10
-0.2868139917477776
 20
-2.541076826480832
 10
-0.2730234481261391
 20
-2.570956337661044
 10
-0.2661281763153056
 20
-2.600835848841256
 97
        0
 92
       22
 72
     0
 73
     1
 93
       40
 10
-1.77849112682037
 20
-2.495108347742103
 10
-1.78768482256811
 20
-2.520391011048417
 10
-1.801475366189691
 20
-2.543375250417767
 10
-1.815265909811358
 20
-2.570956337661044
 10
-1.833653301306753
 20
-2.593940577030366
 10
-1.849742268865469
 20
-2.614626392462895
 10
-1.865831236423986
 20
-2.633013783958375
 10
-1.881920203982559
 20
-2.64450590364305
 10
-1.895710747604198
 20
-2.653699599390819
 10
-1.920993410910512
 20
-2.642207479706115
 10
-1.943977650279862
 20
-2.628416936084505
 10
-1.964663465712305
 20
-2.614626392462866
 10
-1.985349281144749
 20
-2.600835848841256
 10
-2.001438248703323
 20
-2.584746881282683
 10
-2.024422488072701
 20
-2.561762641913304
 10
-2.045108303505145
 20
-2.53647997860699
 10
-2.05660042318982
 20
-2.513495739237612
 10
-2.063495695000653
 20
-2.490511499868233
 10
-2.068092542874524
 20
-2.465228836561919
 10
-2.063495695000653
 20
-2.442244597192484
 10
-2.058898847126755
 20
-2.414663509949292
 10
-2.049705151379015
 20
-2.391679270579885
 10
-2.035914607757376
 20
-2.364098183336665
 10
-2.022124064135766
 20
-2.336517096093416
 10
-2.003736672640258
 20
-2.313532856724009
 10
-1.985349281144721
 20
-2.295145465228529
 10
-1.966961889649269
 20
-2.279056497669955
 10
-1.950872922090695
 20
-2.274459649796085
 10
-1.932485530595187
 20
-2.269862801922215
 10
-1.914098139099678
 20
-2.274459649796085
 10
-1.893412323667234
 20
-2.27675807373302
 10
-1.872726508234791
 20
-2.28595176948076
 10
-1.854339116739311
 20
-2.299742313102427
 10
-1.833653301306867
 20
-2.315831280660972
 10
-1.810669061937488
 20
-2.338815520030351
 10
-1.79687851831585
 20
-2.3663966072736
 10
-1.78308797469424
 20
-2.393977694516848
 10
-1.776192702883406
 20
-2.421558781760097
 10
-1.773894278946471
 20
-2.451438292940281
 10
-1.776192702883406
 20
-2.472124108372753
 97
        0
 92
       22
 72
     0
 73
     1
 93
       31
 10
-2.847258257496434
 20
-2.701966502066511
 10
-2.856451953244175
 20
-2.706563349940381
 10
-2.86794407292885
 20
-2.708861773877316
 10
-2.877137768676618
 20
-2.708861773877316
 10
-2.886331464424358
 20
-2.708861773877316
 10
-2.895525160172098
 20
-2.708861773877316
 10
-2.907017279856802
 20
-2.708861773877316
 10
-2.920807823478412
 20
-2.711160197814251
 10
-2.936896791036986
 20
-2.711160197814251
 10
-2.952985758595559
 20
-2.711160197814251
 10
-2.969074726154133
 20
-2.711160197814251
 10
-3.012744780955927
 20
-2.708861773877316
 10
-3.051817987883879
 20
-2.706563349940381
 10
-3.088592770874811
 20
-2.701966502066511
 10
-3.12306912992895
 20
-2.697369654192641
 10
-3.157545488983032
 20
-2.690474382381808
 10
-3.198917119847891
 20
-2.678982262697132
 10
-3.235691902838908
 20
-2.662893295138559
 10
-3.263272990082157
 20
-2.64450590364305
 10
-3.288555653388471
 20
-2.623820088210607
 10
-3.309241468820914
 20
-2.603134272778191
 10
-3.277063533703596
 20
-2.575553185534801
 10
-3.242587174649713
 20
-2.545673674354731
 10
-3.205812391658554
 20
-2.520391011048388
 10
-3.164440760793866
 20
-2.492809923805197
 10
-3.11847228205508
 20
-2.465228836561919
 10
-3.072503803316294
 20
-2.442244597192512
 10
-3.026535324577565
 20
-2.416961933886227
 10
-2.98516369371265
 20
-2.403171390264589
 10
-2.948388910721689
 20
-2.387082422706043
 10
-2.909315703793737
 20
-2.377888726958275
 97
        0
 92
       23
 72
     0
 73
     1
 93
        4
 10
0.7382830841264934
 20
-1.803282742723837
 10
0.5245296579912804
 20
-1.575738772967014
 10
0.2946872642975222
 20
-1.794089046976097
 10
0.5176343861804753
 20
-2.023931440669855
 97
        0
 92
        7
 72
     0
 73
     1
 93
        8
 10
-1.755506887450962
 20
-1.182708279750642
 10
-1.932485530595187
 20
-1.373477466516476
 10
-2.130149989171826
 20
-1.189603551561447
 10
-2.32091917593766
 20
-1.39876012982279
 10
-2.116359445550216
 20
-1.587230892651689
 10
-1.939380802405992
 20
-1.39876012982279
 10
-1.744014767766287
 20
-1.578037196903949
 10
-1.550947157063518
 20
-1.373477466516476
 97
        0
 92
        7
 72
     0
 73
     1
 93
       34
 10
-4.417081806424903
 20
-1.704450513435517
 10
-4.417081806424903
 20
-1.63779621926443
 10
-4.419380230361838
 20
-1.575738772967014
 10
-4.423977078235736
 20
-1.518278174543524
 10
-4.426275502172671
 20
-1.463116000057055
 10
-4.430872350046541
 20
-1.412550673444428
 10
-4.437767621857346
 20
-1.364283770768707
 10
-4.442364469731217
 20
-1.32061371596697
 10
-4.449259741542078
 20
-1.276943661165063
 10
-4.45385658941592
 20
-1.242467302111037
 10
-4.782531212397998
 20
-1.541262413912932
 10
-4.759546973028648
 20
-1.630900947453483
 10
-4.736562733659269
 20
-1.729733176741802
 10
-4.71817534216376
 20
-1.846952797525631
 10
-4.702086374605187
 20
-1.973366114057256
 10
-4.688295830983605
 20
-2.113569974210321
 10
-4.676803711298873
 20
-2.237684866804954
 10
-4.667610015551133
 20
-2.359501335462709
 10
-4.665311591614198
 20
-2.481317804120521
 10
-4.658416319803393
 20
-2.598537424904293
 10
-4.658416319803393
 20
-2.713458621751186
 10
-4.658416319803393
 20
-2.991567918120608
 10
-4.656117895866429
 20
-3.267378790553209
 10
-4.515914035713251
 20
-3.042133244733292
 10
-4.497526644217799
 20
-2.89733253670667
 10
-4.479139252722262
 20
-2.757128676553236
 10
-4.463050285163689
 20
-2.621521664273757
 10
-4.451558165478985
 20
-2.490511499868233
 10
-4.44006604579431
 20
-2.359501335462795
 10
-4.430872350046541
 20
-2.235386442868076
 10
-4.426275502172671
 20
-2.113569974210577
 10
-4.419380230361838
 20
-1.99864877736357
 10
-4.417081806424903
 20
-1.883727580516676
 10
-4.417081806424903
 20
-1.775701655480588
 97
        0
 92
        7
 72
     0
 73
     1
 93
      151
 10
-5.010075182154849
 20
-2.067601495471677
 10
-5.056043660893607
 20
-2.049214103976169
 10
-5.102012139632364
 20
-2.037721984291493
 10
-5.143383770497251
 20
-2.023931440669855
 10
-5.187053825298988
 20
-2.02163301673292
 10
-5.228425456163932
 20
-2.019334592795985
 10
-5.322660837578382
 20
-2.028528288543725
 10
-5.407702523245092
 20
-2.060706223660872
 10
-5.490445784974838
 20
-2.108973126336564
 10
-5.570890622767677
 20
-2.180224268381635
 10
-5.642141764812748
 20
-2.274459649796114
 10
-5.690408667488441
 20
-2.354904487588925
 10
-5.736377146227169
 20
-2.444543021129476
 10
-5.777748777092085
 20
-2.541076826480832
 10
-5.816821984020009
 20
-2.649102751516977
 10
-5.848999919137156
 20
-2.766322372300635
 10
-5.869685734569571
 20
-2.844468786156653
 10
-5.883476278191125
 20
-2.913421504264476
 10
-5.894968397875885
 20
-2.968583678751286
 10
-5.90186366968669
 20
-3.016850581426979
 10
-5.904162093623654
 20
-3.055923788354931
 10
-5.881177854254275
 20
-3.085803299535115
 10
-5.855895190947961
 20
-3.113384386778363
 10
-5.823717255830814
 20
-3.138667050084677
 10
-5.789240896776732
 20
-3.154756017643251
 10
-5.750167689848808
 20
-3.170844985201824
 10
-5.706497635046986
 20
-3.182337104886471
 10
-5.665126004182098
 20
-3.193829224571175
 10
-5.621455949380305
 20
-3.207619768192813
 10
-5.580084318515417
 20
-3.214515040003618
 10
-5.536414263713595
 20
-3.223708735751387
 10
-5.478953665290163
 20
-3.242096127246895
 10
-5.428388338677621
 20
-3.262781942679282
 10
-5.380121436001843
 20
-3.283467758111754
 10
-5.334152957263114
 20
-3.311048845355003
 10
-5.292781326398198
 20
-3.33862993259828
 10
-5.354838772695501
 20
-3.375404715589269
 10
-5.428388338677535
 20
-3.409881074643351
 10
-5.513430024344216
 20
-3.444357433697405
 10
-5.6145606775695
 20
-3.476535368814523
 10
-5.724885026542494
 20
-3.506414879994736
 10
-5.830612527641619
 20
-3.529399119364086
 10
-5.927146332993032
 20
-3.547786510859594
 10
-6.019083290470518
 20
-3.563875478418168
 10
-6.101826552200293
 20
-3.568472326292038
 10
-6.177674542119234
 20
-3.573069174165908
 10
-6.25122410810124
 20
-3.568472326292038
 10
-6.320176826209376
 20
-3.563875478418168
 10
-6.377637424632837
 20
-3.547786510859594
 10
-6.430501175182399
 20
-3.533995967237984
 10
-6.476469653921157
 20
-3.508713303931671
 10
-6.527034980533784
 20
-3.469640097003718
 10
-6.568406611398643
 20
-3.423671618264961
 10
-6.59598769864192
 20
-3.366211019841529
 10
-6.6143750901374
 20
-3.297258301733393
 10
-6.618971938011299
 20
-3.21911188787746
 10
-6.618971938011299
 20
-3.180038680949593
 10
-6.6143750901374
 20
-3.138667050084677
 10
-6.607479818326595
 20
-3.092698571345948
 10
-6.595987698641863
 20
-3.046730092606992
 10
-6.584495578957245
 20
-2.998463189931527
 10
-6.570705035335606
 20
-2.947897863318786
 10
-6.556914491713968
 20
-2.904227808517021
 10
-6.543123948092329
 20
-2.860557753715227
 10
-6.524736556596877
 20
-2.821484546786365
 10
-6.508647589038275
 20
-2.787008187733192
 10
-6.513244436912145
 20
-2.777814491985452
 10
-6.522438132659885
 20
-2.768620796237712
 10
-6.538527100218459
 20
-2.752531828679138
 10
-6.550019219903163
 20
-2.747934980805268
 10
-6.561511339587838
 20
-2.741039708994435
 10
-6.573003459272541
 20
-2.7387412850575
 10
-6.586794002894151
 20
-2.736442861120565
 10
-6.598286122578855
 20
-2.731846013246695
 10
-6.60977824226353
 20
-2.731846013246695
 10
-6.644254601317669
 20
-2.796201883481074
 10
-6.676432536434759
 20
-2.860557753715255
 10
-6.70401362367798
 20
-2.929510471823306
 10
-6.729296286984208
 20
-2.99846318993147
 10
-6.756877374227542
 20
-3.074311179850411
 10
-6.784458461470819
 20
-3.163949713390934
 10
-6.805144276903263
 20
-3.248991399057729
 10
-6.821233244461808
 20
-3.327137812913576
 10
-6.830426940209576
 20
-3.398388954958704
 10
-6.832725364146483
 20
-3.467341673066755
 10
-6.823531668398743
 20
-3.566173902355103
 10
-6.805144276903263
 20
-3.653514011958748
 10
-6.772966341786116
 20
-3.731660425814624
 10
-6.726997863047358
 20
-3.80061314392276
 10
-6.669537264623897
 20
-3.858073742346192
 10
-6.60977824226353
 20
-3.899445373211079
 10
-6.543123948092329
 20
-3.929324884391263
 10
-6.464977534236453
 20
-3.954607547697577
 10
-6.379935848569743
 20
-3.96609966738228
 10
-6.287998891092257
 20
-3.97069651525615
 10
-6.202957205425548
 20
-3.968398091319215
 10
-6.120213943695802
 20
-3.96150281950841
 10
-6.035172258029092
 20
-3.950010699823707
 10
-5.947832148425447
 20
-3.936220156202097
 10
-5.860492038821831
 20
-3.917832764706588
 10
-5.79383774465063
 20
-3.899445373211079
 10
-5.722586602605588
 20
-3.876461133841701
 10
-5.651335460560488
 20
-3.851178470535387
 10
-5.580084318515389
 20
-3.821298959355203
 10
-5.506534752533411
 20
-3.79141944817502
 10
-5.44907415410995
 20
-3.763838360931742
 10
-5.393911979623453
 20
-3.738555697625429
 10
-5.343346653010797
 20
-3.71097461038218
 10
-5.292781326398198
 20
-3.681095099201996
 10
-5.242215999785571
 20
-3.651215588021813
 10
-5.226127032226997
 20
-3.600650261409299
 10
-5.210038064668424
 20
-3.545488086922915
 10
-5.193949097109907
 20
-3.488027488499511
 10
-5.177860129551277
 20
-3.425970042201839
 10
-5.164069585929667
 20
-3.359315748030695
 10
-5.150279042308056
 20
-3.297258301733393
 10
-5.141085346560316
 20
-3.239797703309733
 10
-5.131891650812548
 20
-3.189232376697304
 10
-5.127294802938678
 20
-3.145562321895482
 10
-5.127294802938678
 20
-3.111085962841428
 10
-5.131891650812548
 20
-3.074311179850411
 10
-5.150279042308056
 20
-3.044431668670227
 10
-5.177860129551305
 20
-3.014552157490044
 10
-5.221530184353127
 20
-2.986971070246795
 10
-5.272095510965755
 20
-2.961688406940481
 10
-5.285886054587393
 20
-2.957091559066611
 10
-5.320362413641447
 20
-2.945599439381908
 10
-5.373226164191578
 20
-2.92951047182322
 10
-5.449074154109979
 20
-2.906526232453956
 10
-5.545607959461335
 20
-2.878945145210707
 10
-5.598471710010926
 20
-2.858259329778263
 10
-5.642141764812748
 20
-2.839871938282783
 10
-5.674319699929867
 20
-2.821484546787274
 10
-5.692707091425376
 20
-2.800798731354831
 10
-5.701900787173116
 20
-2.780112915922387
 10
-5.674319699929867
 20
-2.713458621751158
 10
-5.642141764812748
 20
-2.653699599390847
 10
-5.607665405758666
 20
-2.600835848841256
 10
-5.573189046704612
 20
-2.554867370102499
 10
-5.53871268765053
 20
-2.515794163174547
 10
-5.499639480722606
 20
-2.483616228057428
 10
-5.460566273794654
 20
-2.460631988688049
 10
-5.416896218992832
 20
-2.442244597192541
 10
-5.370927740254074
 20
-2.428454053570902
 10
-5.324959261515317
 20
-2.426155629633967
 10
-5.297378174272068
 20
-2.426155629633967
 10
-5.26979708702882
 20
-2.433050901444801
 10
-5.237619151911701
 20
-2.435349325381736
 10
-5.210038064668481
 20
-2.444543021129476
 10
-5.177860129551305
 20
-2.456035140814151
 10
-5.095116867821559
 20
-2.26066910617439
 97
        0
 92
        7
 72
     0
 73
     1
 93
        8
 10
-7.428932293978334
 20
-1.700861898259319
 10
-7.631478766447372
 20
-1.509221774307832
 10
-7.810654492093078
 20
-1.700861898259319
 10
-8.005410715620996
 20
-1.518570073037182
 10
-8.198608889360713
 20
-1.725790694870909
 10
-7.992946317315215
 20
-1.914314719245936
 10
-7.813770591669509
 20
-1.725790694870909
 10
-7.620572417929821
 20
-1.904966420516586
 97
        0
 92
        7
 72
     0
 73
     1
 93
      232
 10
-7.76079689886987
 20
-3.012739819943419
 10
-7.745216400987686
 20
-2.990927122908317
 10
-7.731193952893704
 20
-2.964440276508611
 10
-7.714055405223206
 20
-2.928605131379384
 10
-7.700032957129195
 20
-2.886537787097353
 10
-7.686010509035213
 20
-2.838238243662516
 10
-7.668871961364743
 20
-2.786822600651021
 10
-7.654849513270733
 20
-2.736965007427897
 10
-7.643943164753153
 20
-2.688665463992947
 10
-7.634594866023832
 20
-2.637249820981452
 10
-7.626804617082711
 20
-2.588950277546672
 10
-7.628362666870941
 20
-2.540650734111864
 10
-7.631478766447372
 20
-2.493909240465058
 10
-7.640827065176722
 20
-2.445609697030135
 10
-7.654849513270733
 20
-2.397310153595185
 10
-7.668871961364743
 20
-2.349010610160291
 10
-7.689126608611559
 20
-2.300711066725369
 10
-7.709381255858545
 20
-2.253969573078649
 10
-7.731193952893676
 20
-2.208786129220158
 10
-7.75768079929341
 20
-2.16671878493824
 10
-7.785725695481488
 20
-2.124651440656094
 10
-7.999178516468106
 20
-2.433145298724355
 10
-7.978923869221262
 20
-2.46274824470052
 10
-7.960227271762562
 20
-2.487677041312167
 10
-7.944646773880236
 20
-2.511047788135471
 10
-7.930624325786425
 20
-2.532860485170715
 10
-7.91971797726876
 20
-2.5499990328411
 10
-7.891673081080767
 20
-2.59829857627605
 10
-7.86830233425735
 20
-2.637249820981594
 10
-7.854279886163368
 20
-2.673084966110678
 10
-7.84493158743399
 20
-2.701129862298756
 10
-7.84337353764576
 20
-2.721384509545657
 10
-7.84493158743399
 20
-2.741639156792587
 10
-7.857395985739771
 20
-2.760335754251258
 10
-7.87609258319847
 20
-2.775916252133498
 10
-7.902579429598375
 20
-2.786822600651134
 10
-7.933740425362714
 20
-2.799286998956858
 10
-7.964901421127194
 20
-2.805519198109749
 10
-8.002294616044565
 20
-2.811751397262639
 10
-8.044361960326625
 20
-2.81486749683907
 10
-8.092661503761519
 20
-2.81798359641553
 10
-8.1440771467729
 20
-2.81798359641553
 10
-8.287417727289437
 20
-2.81798359641553
 10
-8.318578723053917
 20
-2.81798359641553
 10
-8.352855818394829
 20
-2.821099695991961
 10
-8.3902490133122
 20
-2.82265774578019
 10
-8.426084158441341
 20
-2.83200604450954
 10
-8.466593452935171
 20
-2.844470442815321
 10
-8.507102747428916
 20
-2.860050940697561
 10
-8.552286191287436
 20
-2.880305587944462
 10
-8.591237435993207
 20
-2.903676334767936
 10
-8.63174673048681
 20
-2.928605131379384
 10
-8.669139925404209
 20
-2.958208077355635
 10
-8.703417020745092
 20
-2.990927122908317
 10
-8.731461916933113
 20
-3.023646168460999
 10
-8.759506813121163
 20
-3.062597413166599
 10
-8.785993659520926
 20
-3.104664757448603
 10
-8.810922456132487
 20
-3.152964300883525
 10
-8.834293202955876
 20
-3.204379943894934
 10
-8.854547850202777
 20
-3.255795586906288
 10
-8.868570298296788
 20
-3.304095130341181
 10
-8.882592746390798
 20
-3.350836623987959
 10
-8.893499094908349
 20
-3.399136167422881
 10
-8.902847393637699
 20
-3.444319611281343
 10
-8.937124488978611
 20
-3.425623013822672
 10
-8.971401584319522
 20
-3.402252266999312
 10
-9.005678679660434
 20
-3.378881520175951
 10
-9.036839675424914
 20
-3.347720524411499
 10
-9.068000671189338
 20
-3.315001478858789
 10
-9.099161666953847
 20
-3.279166333729676
 10
-9.12409046356538
 20
-3.243331188600478
 10
-9.147461210388769
 20
-3.210612143047825
 10
-9.16459975805921
 20
-3.174776997918741
 10
-9.178622206153249
 20
-3.142057952366002
 10
-9.141229011235935
 20
-3.129593554060249
 10
-9.1053938661056
 20
-3.117129155753929
 10
-9.064884571612907
 20
-3.103106707660401
 10
-9.027491376695593
 20
-3.087526209778189
 10
-8.988540131989992
 20
-3.06882961231949
 10
-8.944914737919759
 20
-3.045458865496186
 10
-8.90752154300236
 20
-3.023646168461027
 10
-8.876360547237965
 20
-3.000275421637667
 10
-8.848315651049887
 20
-2.976904674814278
 10
-8.823386854438297
 20
-2.951975878202745
 10
-8.828061003802957
 20
-2.779032351709901
 10
-8.842083451896968
 20
-2.621669323099354
 10
-8.865454198720328
 20
-2.484560941735708
 10
-8.89973129406124
 20
-2.361475008466044
 10
-8.941798638343271
 20
-2.25708567265508
 10
-8.985424032413533
 20
-2.180741233032136
 10
-9.033723575848455
 20
-2.118419241503204
 10
-9.089813368224497
 20
-2.067003598491822
 10
-9.153693409541659
 20
-2.02805235378625
 10
-9.223805650011712
 20
-1.998449407809999
 10
-9.258082745352652
 20
-2.024936254209791
 10
-9.292359840693563
 20
-2.063887498915391
 10
-9.323520836458015
 20
-2.112187042350342
 10
-9.353123782434266
 20
-2.172950984091016
 10
-9.381168678622287
 20
-2.244621274349299
 10
-9.406097475233849
 20
-2.325639863336903
 10
-9.423236022904319
 20
-2.403542352748047
 10
-9.43725847099833
 20
-2.487677041312196
 10
-9.446606769727679
 20
-2.571811729876202
 10
-9.44972286930411
 20
-2.655946418440208
 10
-9.44972286930411
 20
-2.688665463992947
 10
-9.446606769727679
 20
-2.721384509545657
 10
-9.443490670151192
 20
-2.754103555098566
 10
-9.440374570574789
 20
-2.78370650107459
 10
-9.4357004212101
 20
-2.81798359641553
 10
-9.708359134149219
 20
-2.81798359641553
 10
-9.71147523372565
 20
-2.81798359641553
 10
-9.773797225254583
 20
-2.811751397262639
 10
-9.834561166995314
 20
-2.796170899380399
 10
-9.887534859794897
 20
-2.772800152557039
 10
-9.945182701959168
 20
-2.736965007427897
 10
-9.99659834497055
 20
-2.691781563569435
 10
-10.01841104200588
 20
-2.666852766957759
 10
-10.04801398798196
 20
-2.634133721405106
 10
-10.08384913311107
 20
-2.592066377123074
 10
-10.13059062675774
 20
-2.540650734111807
 10
-10.18200626976912
 20
-2.481444842159277
 10
-10.27548925706244
 20
-2.676201065687138
 10
-10.36897224435594
 20
-2.874073388791572
 10
-10.32690490007397
 20
-2.909908533920685
 10
-10.28639560558011
 20
-2.945743679049854
 10
-10.25056046045097
 20
-2.981578824178996
 10
-10.21316726553357
 20
-3.018972019096338
 10
-10.18200626976917
 20
-3.057923263801939
 10
-10.15551942336927
 20
-3.093758408931137
 10
-10.13370672633408
 20
-3.126477454484188
 10
-10.11345207908729
 20
-3.156080400460012
 10
-10.09942963099331
 20
-3.185683346436235
 10
-10.0869652326875
 20
-3.216844342200715
 10
-10.1072198799344
 20
-3.262027786059263
 10
-10.13370672633419
 20
-3.308769279705899
 10
-10.16486772209865
 20
-3.353952723564361
 10
-10.20381896680425
 20
-3.40225226699934
 10
-10.25211851023917
 20
-3.453667910010693
 10
-10.30041805367423
 20
-3.498851353869213
 10
-10.35183369668547
 20
-3.544034797727647
 10
-10.40948153884977
 20
-3.584544092221449
 10
-10.46868743080225
 20
-3.62972753607994
 10
-10.53412552190764
 20
-3.671794880362028
 10
-10.59177336407188
 20
-3.707630025491084
 10
-10.64786315644795
 20
-3.745023220408455
 10
-10.70862709818871
 20
-3.780858365537596
 10
-10.77094908971759
 20
-3.813577411090307
 10
-10.83638718082298
 20
-3.843180357066529
 10
-10.79431983654095
 20
-3.875899402619239
 10
-10.74757834289423
 20
-3.907060398383663
 10
-10.6946046500947
 20
-3.936663344359914
 10
-10.63384070835391
 20
-3.966266290336193
 10
-10.57151871682498
 20
-3.992753136735984
 10
-10.51698697423717
 20
-4.014565833771115
 10
-10.46868743080222
 20
-4.028588281865125
 10
-10.42973618609664
 20
-4.041052680170906
 10
-10.39545909075573
 20
-4.047284879323797
 10
-10.36897224435594
 20
-4.050400978900256
 10
-10.30041805367412
 20
-3.981846788218433
 10
-10.24121216172159
 20
-3.911734547748352
 10
-10.18356431955737
 20
-3.836948157913724
 10
-10.13059062675776
 20
-3.762161768078897
 10
-10.08384913311101
 20
-3.681143179091236
 10
-10.03399153988789
 20
-3.582986042433191
 10
-9.9872500462412
 20
-3.480154756410456
 10
-9.951414901112059
 20
-3.372649321023118
 10
-9.918695855559349
 20
-3.262027786059178
 10
-9.896883158524246
 20
-3.143616002154232
 10
-9.879744610853776
 20
-3.159196500036443
 10
-9.862606063183335
 20
-3.171660898342253
 10
-9.842351415936434
 20
-3.182567246859804
 10
-9.825212868265964
 20
-3.188799446012694
 10
-9.808074320595522
 20
-3.198147744742044
 10
-9.787819673348593
 20
-3.207496043471394
 10
-9.769123075889922
 20
-3.213728242624284
 10
-9.748868428643021
 20
-3.216844342200715
 10
-9.72861378139612
 20
-3.219960441777175
 10
-9.70524303457276
 20
-3.219960441777175
 10
-9.622666395796926
 20
-3.219960441777175
 10
-9.594621499608905
 20
-3.219960441777175
 10
-9.577482951938435
 20
-3.216844342200715
 10
-9.560344404267993
 20
-3.213728242624284
 10
-9.543205856597523
 20
-3.213728242624284
 10
-9.518277059985962
 20
-3.213728242624284
 10
-9.487116064221481
 20
-3.207496043471394
 10
-9.45751311824523
 20
-3.204379943894934
 10
-9.432584321633669
 20
-3.198147744742044
 10
-9.412329674386796
 20
-3.195031645165585
 10
-9.395191126716298
 20
-3.191915545589154
 10
-9.360914031375386
 20
-3.315001478858789
 10
-9.318846687093383
 20
-3.425623013822644
 10
-9.264314944505542
 20
-3.531570399421866
 10
-9.201992952976581
 20
-3.62661143650348
 10
-9.127206563141868
 20
-3.716978324220434
 10
-9.041513824789575
 20
-3.797996913208066
 10
-8.944914737919759
 20
-3.87278330304278
 10
-8.837409302532307
 20
-3.942895543512833
 10
-8.717439468839103
 20
-4.002101435465334
 10
-8.586563286628347
 20
-4.056633178053147
 10
-8.525799344887985
 20
-3.849412556219419
 10
-8.463477353358683
 20
-3.639075834809261
 10
-8.491522249546619
 20
-3.625053386715279
 10
-8.518009095946439
 20
-3.612588988409498
 10
-8.541379842769828
 20
-3.600124590103661
 10
-8.560076440228556
 20
-3.590776291374339
 10
-8.577214987898997
 20
-3.579869942856788
 10
-8.623956481545747
 20
-3.544034797727647
 10
-8.66602382582775
 20
-3.506641602810276
 10
-8.700300921168661
 20
-3.467690358104704
 10
-8.728345817356682
 20
-3.428739113399103
 10
-8.751716564180014
 20
-3.383555669540641
 10
-8.728345817356682
 20
-3.35083662398793
 10
-8.697184821592202
 20
-3.321233678011708
 10
-8.656675527098371
 20
-3.294746831611888
 10
-8.608375983663478
 20
-3.269818035000326
 10
-8.552286191287464
 20
-3.252679487329857
 10
-8.503986647852485
 20
-3.240215089024076
 10
-8.455687104417563
 20
-3.230866790294726
 10
-8.407387560982641
 20
-3.224634591141835
 10
-8.355971917971288
 20
-3.219960441777175
 10
-8.304556274959907
 20
-3.219960441777175
 10
-8.232885984701624
 20
-3.219960441777175
 10
-8.198608889360713
 20
-3.219960441777175
 10
-8.142519096984671
 20
-3.216844342200715
 10
-8.087987354396858
 20
-3.207496043471394
 10
-8.036571711385391
 20
-3.195031645165585
 10
-7.985156068374095
 20
-3.181009197071574
 10
-7.936856524939202
 20
-3.159196500036443
 10
-7.893231130868912
 20
-3.135825753213111
 10
-7.857395985739458
 20
-3.107780857025261
 10
-7.820002790822456
 20
-3.07817791104884
 10
-7.788841795057948
 20
-3.048574965072589
 97
        0
 92
       22
 72
     0
 73
     1
 93
       35
 10
-8.993214281354653
 20
-2.733848907851466
 10
-9.016585028178099
 20
-2.747871355945505
 10
-9.038397725213144
 20
-2.760335754251258
 10
-9.064884571612935
 20
-2.772800152557039
 10
-9.092929467800956
 20
-2.783706501074618
 10
-9.124090463565408
 20
-2.79305479980394
 10
-9.155251459329889
 20
-2.802403098533289
 10
-9.187970504882457
 20
-2.805519198109749
 10
-9.219131500647051
 20
-2.80863529768618
 10
-9.250292496411532
 20
-2.811751397262639
 10
-9.278337392599553
 20
-2.811751397262639
 10
-9.281453492175984
 20
-2.79305479980394
 10
-9.281453492175984
 20
-2.779032351709929
 10
-9.284569591752443
 20
-2.760335754251258
 10
-9.284569591752443
 20
-2.741639156792587
 10
-9.284569591752443
 20
-2.724500609122117
 10
-9.284569591752443
 20
-2.685549364416516
 10
-9.281453492175984
 20
-2.646598119710944
 10
-9.275221293023093
 20
-2.610762974581774
 10
-9.270547143658433
 20
-2.574927829452661
 10
-9.264314944505542
 20
-2.54065073411175
 10
-9.254966645776192
 20
-2.504815588982609
 10
-9.244060297258613
 20
-2.475212643006358
 10
-9.230037849164631
 20
-2.445609697030135
 10
-9.212899301494189
 20
-2.420680900418574
 10
-9.195760753823691
 20
-2.397310153595185
 10
-9.155251459329889
 20
-2.423796999995005
 10
-9.119416314200748
 20
-2.459632145124118
 10
-9.085139218859836
 20
-2.501699489406149
 10
-9.058652372460045
 20
-2.546882933264612
 10
-9.033723575848426
 20
-2.601414675852538
 10
-9.024375277119133
 20
-2.621669323099354
 10
-9.016585028178042
 20
-2.646598119710915
 10
-9.007236729448663
 20
-2.673084966110735
 10
-9.002562580084003
 20
-2.702687912086986
 97
        0
 92
        7
 72
     0
 73
     1
 93
       34
 10
-11.06697854948004
 20
-1.73669704338846
 10
-11.06697854948004
 20
-1.671258952283096
 10
-11.07009464905653
 20
-1.608936960754107
 10
-11.0732107486329
 20
-1.551289118589636
 10
-11.07632684820939
 20
-1.496757376002221
 10
-11.08100099757402
 20
-1.446899782778984
 10
-11.08723319672686
 20
-1.398600239343892
 10
-11.09346539587983
 20
-1.353416795485543
 10
-11.09813954524446
 20
-1.311349451203454
 10
-11.10437174439741
 20
-1.275514306074342
 10
-11.43156219992431
 20
-1.574659865413224
 10
-11.40974950288921
 20
-1.665026753130092
 10
-11.38637875606585
 20
-1.764741939576452
 10
-11.36924020839538
 20
-1.881595673693141
 10
-11.35210166072491
 20
-2.007797706539321
 10
-11.33807921263093
 20
-2.148022187479
 10
-11.32717286411335
 20
-2.271108120749403
 10
-11.317824565384
 20
-2.394194054018782
 10
-11.31470846580757
 20
-2.514163887712015
 10
-11.31003431644288
 20
-2.631017621828675
 10
-11.31003431644288
 20
-2.747871355945477
 10
-11.31003431644288
 20
-3.023646168461084
 10
-11.30691821686645
 20
-3.300979030764779
 10
-11.16669373592634
 20
-3.07506181147238
 10
-11.14643908867944
 20
-2.931721230955787
 10
-11.12930054100903
 20
-2.789938700227878
 10
-11.11372004312673
 20
-2.655946418440322
 10
-11.10125564482095
 20
-2.523512186441706
 10
-11.09034929630343
 20
-2.394194054018981
 10
-11.08100099757405
 20
-2.267992021172801
 10
-11.07632684820939
 20
-2.148022187479512
 10
-11.07009464905647
 20
-2.031168453362482
 10
-11.06697854948004
 20
-1.917430818822396
 10
-11.06697854948004
 20
-1.809925383434972
 97
        0
 92
        7
 72
     0
 73
     1
 93
      108
 10
-11.77433315333346
 20
-2.698013762722354
 10
-11.8101682984626
 20
-2.624785422675785
 10
-11.84756149337997
 20
-2.55934733157045
 10
-11.88807078787371
 20
-2.500141439618005
 10
-11.92702203257937
 20
-2.445609697030135
 10
-12.00492452199052
 20
-2.64659811971066
 10
-12.07815286203703
 20
-2.84758654239178
 10
-12.036085517755
 20
-2.8927699862503
 10
-11.99869232283768
 20
-2.937953430108706
 10
-11.96441522749671
 20
-2.984694923755455
 10
-11.93637033130872
 20
-3.029878367613946
 10
-11.91299958448542
 20
-3.078177911048754
 10
-11.89118688745023
 20
-3.129593554060249
 10
-11.87093224020333
 20
-3.185683346436263
 10
-11.85379369253289
 20
-3.246447288176938
 10
-11.83665514486239
 20
-3.311885379282443
 10
-11.82263269676841
 20
-3.383555669540641
 10
-11.85379369253286
 20
-3.424064964034442
 10
-11.89586103681492
 20
-3.463016208740015
 10
-11.95039277940273
 20
-3.498851353869156
 10
-12.01583087050807
 20
-3.534686498998297
 10
-12.09061726034281
 20
-3.567405544550979
 10
-12.18098414805976
 20
-3.600124590103689
 10
-12.27446713535323
 20
-3.62661143650348
 10
-12.36950817243482
 20
-3.64530803396218
 10
-12.46610725930466
 20
-3.657772432267961
 10
-12.56270634617453
 20
-3.660888531844392
 10
-12.63437663643279
 20
-3.657772432267961
 10
-12.70293082711464
 20
-3.648424133538611
 10
-12.76213671906708
 20
-3.62972753607994
 10
-12.81666846165495
 20
-3.60947288883301
 10
-12.8649680050899
 20
-3.579869942856788
 10
-12.9132675485248
 20
-3.537802598574756
 10
-12.95066074344217
 20
-3.492619154716265
 10
-12.97870563963019
 20
-3.438087412128425
 10
-12.9927280877242
 20
-3.37888152017598
 10
-12.99896028687709
 20
-3.311885379282358
 10
-12.99896028687709
 20
-3.276050234153245
 10
-12.99272808772417
 20
-3.237098989447417
 10
-12.98493783878311
 20
-3.198147744742072
 10
-12.97247344047727
 20
-3.152964300883411
 10
-12.95845099238329
 20
-3.107780857025119
 10
-12.94442854428925
 20
-3.071945711895949
 10
-12.93040609619521
 20
-3.036110566766723
 10
-12.91638364810123
 20
-3.003391521214098
 10
-12.90236120000725
 20
-2.970672475661444
 10
-12.88522265233675
 20
-2.937953430108677
 10
-12.87120020424277
 20
-2.909908533920713
 10
-12.85873580593699
 20
-2.892769986250243
 10
-12.85094555699586
 20
-2.877189488368003
 10
-12.84584648496167
 20
-2.861892272265492
 10
-12.84782945741941
 20
-2.856934841121102
 10
-12.85873580593699
 20
-2.835122144085971
 10
-12.87943561026617
 20
-2.821322274533173
 10
-12.898310270558
 20
-2.814244276923744
 10
-12.90703534937191
 20
-2.811751397262639
 10
-12.91949974767769
 20
-2.80863529768618
 10
-12.94442854428925
 20
-2.80863529768618
 10
-12.99272808772426
 20
-2.886537787097438
 10
-13.03946958137112
 20
-2.96444027650881
 10
-13.0815369256529
 20
-3.03611056676678
 10
-13.11581402099372
 20
-3.107780857024778
 10
-13.15009111633472
 20
-3.177893097495086
 10
-13.1812521120992
 20
-3.258911686482662
 10
-13.20618090871079
 20
-3.333698076317489
 10
-13.22643555595769
 20
-3.405368366575743
 10
-13.23734190447527
 20
-3.470806457681163
 10
-13.2404580040517
 20
-3.534686498998269
 10
-13.23734190447527
 20
-3.579869942856561
 10
-13.23266775511061
 20
-3.621937287138933
 10
-13.22643555595769
 20
-3.660888531844392
 10
-13.21552920744014
 20
-3.699839776549993
 10
-13.20462285892259
 20
-3.738791021255565
 10
-13.17813601252274
 20
-3.791764714055148
 10
-13.15009111633478
 20
-3.840064257490098
 10
-13.11581402099384
 20
-3.88213160177213
 10
-13.07530472650003
 20
-3.92108284647773
 10
-13.033237382218
 20
-3.953801892030412
 10
-12.96779929111264
 20
-3.989637037159553
 10
-12.89301290127787
 20
-4.020798032924005
 10
-12.81355236207849
 20
-4.041052680170906
 10
-12.72474352414977
 20
-4.053517078476716
 10
-12.6281444372799
 20
-4.056633178053147
 10
-12.50817460358669
 20
-4.050400978900256
 10
-12.39443696904638
 20
-4.031704381441585
 10
-12.28381543408253
 20
-4.005217535041765
 10
-12.17319389911867
 20
-3.969382389912652
 10
-12.06724651351948
 20
-3.921082846477702
 10
-11.9877859743201
 20
-3.875899402619239
 10
-11.91299958448539
 20
-3.827599859184317
 10
-11.84756149338
 20
-3.777742265961165
 10
-11.79147170100393
 20
-3.723210523373325
 10
-11.74005605799254
 20
-3.665562681209081
 10
-11.72603360989848
 20
-3.625053386715251
 10
-11.71356921159275
 20
-3.584544092221477
 10
-11.70577896265163
 20
-3.548708947092308
 10
-11.69643066392231
 20
-3.519106001116057
 10
-11.69175651455768
 20
-3.492619154716265
 10
-11.67773406646361
 20
-3.417832764881637
 10
-11.66215356858137
 20
-3.344604424834983
 10
-11.65436331964028
 20
-3.282282433306164
 10
-11.65124722006385
 20
-3.223076541353606
 10
-11.64813112048736
 20
-3.171660898342253
 10
-11.65124722006382
 20
-3.09999060808397
 10
-11.66215356858137
 20
-3.026762268037401
 10
-11.6824082158283
 20
-2.945743679049883
 10
-11.70889506222809
 20
-2.861608990485876
 10
-11.74005605799249
 20
-2.775916252133526
 97
        0
 92
        7
 72
     0
 73
     1
 93
        4
 10
-12.38353062052883
 20
-2.034284552939141
 10
-12.61100588960946
 20
-2.253969573078649
 10
-12.39132086946995
 20
-2.484560941735708
 10
-12.16696169996578
 20
-2.261759822019769
 97
        0
 75
     1
 76
     1
 47
0.0601462440190543
 98
       28
 10
12.90784801633214
 20
-2.998294360957004
 10
13.0347586021324
 20
-1.630064747955827
 10
12.65718776233945
 20
-1.611654147347337
 10
12.85978704110067
 20
-1.307885211634186
 10
9.618198580921273
 20
-1.657679795393221
 10
8.172375911863412
 20
-1.860192419202064
 10
7.7211322965789
 20
-1.878602450827031
 10
5.92188368997364
 20
-3.675432575704292
 10
5.212786214309346
 20
-2.985048423998534
 10
3.951145483980042
 20
-3.049484103669385
 10
3.951145483980042
 20
-3.049484103669385
 10
3.914309096234376
 20
-1.82520334500424
 10
3.426229093204199
 20
-1.871228993050124
 10
0.9816700208769475
 20
-2.984954541713307
 10
0.9816700208769475
 20
-2.984954541713307
 10
0.9816700208769475
 20
-2.984954541713307
 10
0.9816700208769475
 20
-2.984954541713307
 10
0.9816700208769475
 20
-2.984954541713307
 10
0.5304255517521029
 20
-1.861929525968946
 10
-1.670538796891662
 20
-1.355647966447065
 10
-4.576422779531583
 20
-1.719649500374373
 10
-5.268425514130115
 20
-2.249467633273695
 10
-7.977542802606023
 20
-1.719649500374373
 10
-8.198394630179166
 20
-3.014760175804156
 10
-8.198394630179166
 20
-3.014760175804156
 10
-11.24615189990476
 20
-1.807952901846704
 10
-11.86453735864557
 20
-2.749851109354551
 10
-12.42402831362784
 20
-2.220033545438752
450
        0
451
        0
460
0.0
461
0.0
452
        0
462
0.0
453
        0
470

1001
GradientColor1ACI
1070
     5
1001
GradientColor2ACI
1070
     2
1001
ACAD
1010
0.0
1020
0.0
1030
0.0
  0
ENDBLK
  5
505574F
330
5055743
100
AcDbEntity
  8
0
 62
     1
100
AcDbBlockEnd
  0
ENDSEC
  0
SECTION
  2
ENTITIES
  0
TEXT
  5
5056187
330
1F
100
AcDbEntity
  8
0
 48
0.05
100
AcDbText
 10
2056.47407551035
 20
1192.691499581881
 30
0.0
 40
1.444999999999999
  1

  7
ROMANS
100
AcDbText
  0
TEXT
  5
5056188
330
1F
100
AcDbEntity
  8
0
 62
     0
100
AcDbText
 10
1833.311846525991
 20
1361.918871404998
 30
0.0
 40
1.5
  1

  7
ROMAND
100
AcDbText
  0
TEXT
  5
5056189
330
1F
100
AcDbEntity
  8
0
 62
     0
100
AcDbText
 10
2059.050547075282
 20
1253.240848749803
 30
0.0
 40
1.5
  1

  7
ROMAND
100
AcDbText
  0
TEXT
  5
505618A
330
1F
100
AcDbEntity
  8
0
 62
     0
100
AcDbText
 10
1794.067862198909
 20
1253.860870235405
 30
0.0
 40
1.5
  1

  7
ROMAND
100
AcDbText
  0
TEXT
  5
505618B
330
1F
100
AcDbEntity
  8
0
 62
     7
100
AcDbText
 10
1874.986482241569
 20
1795.276938804779
 30
0.0
 40
4.846838159471586
  1

  7
ROMANS
100
AcDbText
  0
TEXT
  5
505618C
330
1F
100
AcDbEntity
  8
TEXT
100
AcDbText
 10
3024.54957956897
 20
2157.556217248725
 30
0.0
 40
2.26688
  1

 41
0.95
  7
ROMAND
 11
3024.54957956897
 21
2158.689657248725
 31
0.0
100
AcDbText
 73
     2
  0
TEXT
  5
505618D
330
1F
100
AcDbEntity
  8
0
 62
     7
100
AcDbText
 10
1643.741333316451
 20
1642.753890811405
 30
0.0
 40
8.300088904277803
  1

  7
1
100
AcDbText
  0
TEXT
  5
505618E
330
1F
100
AcDbEntity
  8
0
 62
     0
100
AcDbText
 10
3581.685743883037
 20
1947.09401570792
 30
0.0
 40
2.366068476249873
  1

  7
ROMANC
 72
     1
 11
3581.685743883037
 21
1947.09401570792
 31
0.0
100
AcDbText
  0
TEXT
  5
505618F
330
1F
100
AcDbEntity
  8
TEXT
100
AcDbText
 10
3437.8770450764
 20
2069.616249871867
 30
0.0
 40
1.62497398659255
  1

  7
ROMANS
100
AcDbText
  0
TEXT
  5
5056190
330
1F
100
AcDbEntity
  8
TEXT
100
AcDbText
 10
3437.8770450764
 20
2066.636640588702
 30
0.0
 40
1.62497398659255
  1

  7
ROMANS
100
AcDbText
  0
TEXT
  5
5056191
330
1F
100
AcDbEntity
  8
TEXT
100
AcDbText
 10
3441.571855748808
 20
2032.009681307937
 30
0.0
 40
1.62497398659255
  1

  7
ROMANS
100
AcDbText
  0
TEXT
  5
5056192
330
1F
100
AcDbEntity
  8
0
 62
     0
100
AcDbText
 10
3320.815919439193
 20
1965.361195294459
 30
0.0
 40
2.0
  1

 41
0.9
  7
ROMAND
100
AcDbText
  0
TEXT
  5
5056193
330
1F
100
AcDbEntity
  8
TEXT
100
AcDbText
 10
3516.015787455105
 20
2066.89257961556
 30
0.0
 40
1.623959913684851
  1

  7
ROMAND
 72
     4
 11
3516.015787455105
 21
2066.89257961556
 31
0.0
100
AcDbText
  0
TEXT
  5
5056194
330
1F
100
AcDbEntity
  8
TEXT
100
AcDbText
 10
3999.333587579212
 20
2070.352032925848
 30
0.0
 40
1.623959913684851
  1

  7
ROMAND
 72
     4
 11
3999.333587579212
 21
2070.352032925848
 31
0.0
100
AcDbText
  0
TEXT
  5
5056195
330
1F
100
AcDbEntity
  8
TEXT
100
AcDbText
 10
3944.748790015082
 20
2097.646104829516
 30
0.0
 40
1.623959913684851
  1

  7
ROMAND
 72
     4
 11
3944.748790015082
 21
2097.646104829516
 31
0.0
100
AcDbText
  0
TEXT
  5
5056196
330
1F
100
AcDbEntity
  8
TEXT
100
AcDbText
 10
4687.15200702255
 20
2187.525350980595
 30
0.0
 40
2.299999999999999
  1

  7
ITALICC
 72
     1
 11
4687.15200702255
 21
2187.525350980595
 31
0.0
100
AcDbText
  0
TEXT
  5
5056197
330
1F
100
AcDbEntity
  8
TEXT
100
AcDbText
 10
4362.081838816022
 20
2111.060404445863
 30
0.0
 40
1.5
  1

  7
ROMANS
100
AcDbText
  0
TEXT
  5
5056198
330
1F
100
AcDbEntity
  8
TEXT
100
AcDbText
 10
4933.12530547114
 20
2118.715935691611
 30
0.0
 40
1.8
  1

  7
ROMAND
 72
     1
 11
4933.12530547114
 21
2118.715935691611
 31
0.0
100
AcDbText
  0
INSERT
  5
505619A
330
1F
100
AcDbEntity
  8
TITLE TEXT
370
    13
100
AcDbBlockReference
  2
Frame_Detail
 10
15.03074856812259
 20
4.957722052832878
 30
0.0
  0
INSERT
  5
505619B
330
1F
100
AcDbEntity
  8
0
100
AcDbBlockReference
  2
A3-FRAME_NUMBERING
 10
0.0307485681189519
 20
-0.0422779471691115
 30
0.0
  0
INSERT
  5
505619C
330
1F
100
AcDbEntity
  8
0
100
AcDbBlockReference
  2
PSP_LOGO
 10
133.7130427115466
 20
19.21881523094202
 30
0.0
 41
1.399999999999999
 42
1.399999999999999
 43
1.399999999999999
  0
VIEWPORT
  5
28A1C
330
55
100
AcDbEntity
 67
     1
  8
0
100
AcDbViewport
 10
133.3499908447265
 20
101.5999970436096
 30
0.0
 40
431.6009640789186
 41
228.4221935424805
 68
     1
 69
     1
 12
133.3499908447265
 22
101.5999970436096
 13
0.0
 23
0.0
 14
0.5
 24
0.5
 15
0.5
 25
0.5
 16
0.0
 26
0.0
 36
1.0
 17
0.0
 27
0.0
 37
0.0
 42
50.0
 43
0.0
 44
0.0
 45
228.4221935424805
 50
0.0
 51
0.0
 72
  1000
 90
    32800
  1

281
     0
 71
     1
 74
     0
110
0.0
120
0.0
130
0.0
111
1.0
121
0.0
131
0.0
112
0.0
122
1.0
132
0.0
 79
     0
146
0.0
170
     0
 61
     5
348
2C410
292
     1
282
     1
141
0.0
142
0.0
 63
   250
421
  3355443
  0
VIEWPORT
  5
28A1E
330
55
100
AcDbEntity
 67
     1
  8
0
100
AcDbViewport
 10
133.3499908447265
 20
101.5999970436096
 30
0.0
 40
431.6009640789186
 41
228.4221935424805
 68
     2
 69
     2
 12
3258.723257864755
 22
2004.698495936474
 13
0.0
 23
0.0
 14
10.0
 24
10.0
 15
10.0
 25
10.0
 16
0.0
 26
0.0
 36
1.0
 17
0.0
 27
0.0
 37
0.0
 42
50.0
 43
0.0
 44
0.0
 45
1786.891275410154
 50
0.0
 51
0.0
 72
  1000
 90
    32864
  1

281
     0
 71
     1
 74
     0
110
0.0
120
0.0
130
0.0
111
1.0
121
0.0
131
0.0
112
0.0
122
1.0
132
0.0
 79
     0
146
0.0
170
     0
 61
     5
348
2C410
292
     1
282
     1
141
0.0
142
0.0
 63
   250
421
  3355443
  0
ENDSEC
  0
SECTION
  2
OBJECTS
  0
DICTIONARY
  5
C
330
0
100
AcDbDictionary
281
     1
  3
ACAD_ASSOCNETWORK
350
50557B4
  3
ACAD_BACKGROUND
350
50555CE
  3
ACAD_CIP_PREVIOUS_PRODUCT_INFO
350
5204E
  3
ACAD_COLOR
350
6B
  3
ACAD_DETAILVIEWSTYLE
350
5052CC4
  3
ACAD_FIELDLIST
350
50557B1
  3
ACAD_GROUP
350
D
  3
ACAD_LAYOUT
350
1A
  3
ACAD_MATERIAL
350
6A
  3
ACAD_MLEADERSTYLE
350
3920F
  3
ACAD_MLINESTYLE
350
17
  3
ACAD_PLOTSETTINGS
350
19
  3
ACAD_PLOTSTYLENAME
350
E
  3
ACAD_RENDER_ACTIVE_RAPIDRT_SETTINGS
350
5054926
  3
ACAD_RENDER_ACTIVE_SETTINGS
350
5054A0B
  3
ACAD_SCALELIST
350
391ED
  3
ACAD_SECTIONVIEWSTYLE
350
5052CC2
  3
ACAD_TABLESTYLE
350
C292
  3
ACAD_VISUALSTYLE
350
2C40A
  3
ACDB_RECOMPOSE_DATA
350
505640F
  3
AcDbVariableDictionary
350
5E
  3
AEC_PROPERTY_SET_DEFS
350
3EB40
  3
BNS_VARIABLES
350
52B11
  0
DICTIONARY
  5
392D6
330
8
100
AcDbDictionary
280
     1
281
     1
  0
DICTIONARY
  5
C4E2
330
2
100
AcDbDictionary
280
     1
281
     1
  3
ACAD_LAYERFILTERS
360
3E599
  3
ACAD_LAYERSTATES
360
C4E3
  3
ACLYDICTIONARY
360
3E598
  0
DICTIONARY
  5
392C7
330
10
100
AcDbDictionary
280
     1
281
     1
  3
ADSK_XREC_LAYER_RECONCILED
360
392C8
  0
DICTIONARY
  5
2C55C
330
2C55B
100
AcDbDictionary
280
     1
281
     1
  3
ADSK_XREC_LAYER_RECONCILED
360
2C55D
  0
DICTIONARY
  5
392D1
330
2DB33
100
AcDbDictionary
280
     1
281
     1
  3
ADSK_XREC_LAYER_RECONCILED
360
392D2
  0
DICTIONARY
  5
5054D04
330
5054D03
100
AcDbDictionary
280
     1
281
     1
  0
DICTIONARY
  5
5055752
330
5055751
100
AcDbDictionary
280
     1
281
     1
  0
DICTIONARY
  5
5055754
330
5055753
100
AcDbDictionary
280
     1
281
     1
  0
DICTIONARY
  5
5055756
330
5055755
100
AcDbDictionary
280
     1
281
     1
  0
DICTIONARY
  5
5055758
330
5055757
100
AcDbDictionary
280
     1
281
     1
  0
DICTIONARY
  5
505575A
330
5055759
100
AcDbDictionary
280
     1
281
     1
  0
DICTIONARY
  5
505575F
330
505575E
100
AcDbDictionary
280
     1
281
     1
  0
DICTIONARY
  5
5056127
330
5056126
100
AcDbDictionary
280
     1
281
     1
  0
DICTIONARY
  5
2A268
330
1F
100
AcDbDictionary
280
     1
281
     1
  3
ACAD_SORTENTS
360
2D5D4
  0
DICTIONARY
  5
5054CD1
330
5054CCD
100
AcDbDictionary
280
     1
281
     1
  3
ACAD_SORTENTS
360
5054CD2
  0
DICTIONARY
  5
5055456
330
5055455
100
AcDbDictionary
280
     1
281
     1
  0
DICTIONARY
  5
50555ED
330
50555EC
100
AcDbDictionary
280
     1
281
     1
  0
DICTIONARY
  5
5055614
330
5055613
100
AcDbDictionary
280
     1
281
     1
  0
DICTIONARY
  5
505563F
330
505563E
100
AcDbDictionary
280
     1
281
     1
  3
ACAD_SORTENTS
360
50557A8
  0
DICTIONARY
  5
5055686
330
5055685
100
AcDbDictionary
280
     1
281
     1
  3
ACAD_ASSOCNETWORK
360
5055687
  3
ACAD_ENHANCEDBLOCK
360
5055699
  3
ACAD_SORTENTS
360
50557A9
  3
AcDbDynamicBlockRoundTripPurgePreventer
360
505569C
  0
DICTIONARY
  5
50556E4
330
50556E3
100
AcDbDictionary
280
     1
281
     1
  0
DICTIONARY
  5
5055732
330
5055731
100
AcDbDictionary
280
     1
281
     1
  0
DICTIONARY
  5
505573D
330
505573C
100
AcDbDictionary
280
     1
281
     1
  0
DICTIONARY
  5
5055744
330
5055743
100
AcDbDictionary
280
     1
281
     1
  3
ACAD_SORTENTS
360
50557AA
  0
DICTIONARY
  5
5055700
330
50556FF
100
AcDbDictionary
280
     1
281
     1
  3
ACAD_FIELD
360
5055701
  0
DICTIONARY
  5
5055705
330
5055704
100
AcDbDictionary
280
     1
281
     1
  3
ACAD_FIELD
360
5055706
  0
DICTIONARY
  5
505570A
330
5055709
100
AcDbDictionary
280
     1
281
     1
  3
ACAD_FIELD
360
505570B
  0
DICTIONARY
  5
5055710
330
505570F
100
AcDbDictionary
280
     1
281
     1
  3
ACAD_FIELD
360
5055711
  0
DICTIONARY
  5
5055716
330
5055715
100
AcDbDictionary
280
     1
281
     1
  3
ACAD_FIELD
360
5055717
  0
DICTIONARY
  5
505571B
330
505571A
100
AcDbDictionary
280
     1
281
     1
  3
ACAD_FIELD
360
505571C
  0
DICTIONARY
  5
50557B4
102
{ACAD_REACTORS
330
C
102
}
330
C
100
AcDbDictionary
281
     1
  3
ACAD_ASSOCNETWORK
350
50557B5
  0
DICTIONARY
  5
50555CE
102
{ACAD_REACTORS
330
C
102
}
330
C
100
AcDbDictionary
281
     1
  0
XRECORD
  5
5204E
102
{ACAD_REACTORS
330
C
102
}
330
C
100
AcDbXrecord
280
     1
300
ACD
300
2022
300

  0
DICTIONARY
  5
6B
102
{ACAD_REACTORS
330
C
102
}
330
C
100
AcDbDictionary
281
     1
  0
DICTIONARY
  5
5052CC4
102
{ACAD_REACTORS
330
C
102
}
330
C
100
AcDbDictionary
281
     1
  3
Imperial24
350
5052E0A
  3
Metric50
350
5052CC5
  0
FIELDLIST
  5
50557B1
102
{ACAD_REACTORS
330
C
102
}
330
C
100
AcDbIdSet
 90
       13
330
5055718
330
5055719
330
505571D
330
505571E
330
505571F
330
5055702
330
5055703
330
5055707
330
5055708
330
505570C
330
505570D
330
5055712
330
5055713
100
AcDbFieldList
  0
DICTIONARY
  5
D
102
{ACAD_REACTORS
330
C
102
}
330
C
100
AcDbDictionary
281
     1
  0
DICTIONARY
  5
1A
102
{ACAD_REACTORS
330
C
102
}
330
C
100
AcDbDictionary
281
     1
  3
Layout1
350
51
  3
Layout2
350
56
  3
Model
350
22
  0
DICTIONARY
  5
6A
102
{ACAD_REACTORS
330
C
102
}
330
C
100
AcDbDictionary
281
     1
  3
ByBlock
350
2C408
  3
ByLayer
350
2C407
  3
Global
350
2C409
  0
DICTIONARY
  5
3920F
102
{ACAD_REACTORS
330
C
102
}
330
C
100
AcDbDictionary
281
     1
  3
Standard
350
39210
  0
DICTIONARY
  5
17
102
{ACAD_REACTORS
330
C
102
}
330
C
100
AcDbDictionary
281
     1
  3
Standard
350
18
  0
DICTIONARY
  5
19
102
{ACAD_REACTORS
330
C
102
}
330
C
100
AcDbDictionary
281
     1
  0
ACDBDICTIONARYWDFLT
  5
E
102
{ACAD_REACTORS
330
C
102
}
330
C
100
AcDbDictionary
281
     1
  3
Normal
350
F
100
AcDbDictionaryWithDefault
340
F
  0
RAPIDRTRENDERSETTINGS
  5
5054926
102
{ACAD_REACTORS
330
C
102
}
330
C
100
AcDbRenderSettings
 90
        2
  1
Medium
290
     1
290
     0
290
     1
290
     1
  1

  1
Applies 5 rendering levels
 90
        0
100
AcDbRapidRTRenderSettings
 90
        3
 70
     0
 90
        5
 90
        1
 70
     1
 70
     2
 40
3.0
 40
3.0
290
     1
  0
MENTALRAYRENDERSETTINGS
  5
5054A0B
102
{ACAD_XDICTIONARY
360
5054A0C
102
}
102
{ACAD_REACTORS
330
C
102
}
330
C
100
AcDbRenderSettings
 90
        2
  1
Medium
290
     1
290
     1
290
     1
290
     1
  1

  1

 90
        0
100
AcDbMentalRayRenderSettings
 90
        2
 90
        0
 90
        1
 70
     2
 40
3.0
 40
3.0
 40
0.0500000007450581
 40
0.0500000007450581
 40
0.0500000007450581
 40
0.0500000007450581
 70
     0
290
     0
290
     1
 90
        5
 90
        5
 90
        5
290
     0
 90
      500
290
     0
 40
1.0
 90
    10000
 90
        5
 90
        5
 90
        5
290
     0
 90
      200
290
     0
290
     0
290
     0
 40
1.0
 40
1.0
 40
1500.0
 70
     0
 70
     0
 40
10.0
 70
     0
 70
     0
290
     0
  1

 90
       32
 70
     0
 90
     1048
290
     0
 40
1.0
  0
DICTIONARY
  5
391ED
102
{ACAD_REACTORS
330
C
102
}
330
C
100
AcDbDictionary
281
     1
  3
A0
350
391EE
  3
A1
350
391EF
  3
A2
350
391F0
  3
A3
350
391F1
  3
A4
350
391F2
  3
A5
350
391F3
  3
A6
350
391F4
  3
A7
350
391F5
  3
A8
350
391F6
  3
A9
350
391F7
  3
B0
350
391F8
  3
B1
350
391F9
  3
B2
350
391FA
  3
B3
350
391FB
  3
B4
350
391FC
  3
B5
350
391FD
  3
B6
350
391FE
  3
B7
350
391FF
  3
B8
350
39200
  3
B9
350
39201
  3
C0
350
39202
  3
C1
350
39203
  3
C2
350
39204
  3
C3
350
39205
  3
C4
350
39206
  3
C5
350
39207
  3
C6
350
39208
  3
C7
350
39209
  3
C8
350
3920A
  3
C9
350
3920B
  3
D0
350
3920C
  3
D1
350
3920D
  3
D2
350
3920E
  0
DICTIONARY
  5
5052CC2
102
{ACAD_REACTORS
330
C
102
}
330
C
100
AcDbDictionary
281
     1
  3
Imperial24
350
5052E09
  3
Metric50
350
5052CC3
  0
DICTIONARY
  5
C292
102
{ACAD_REACTORS
330
C
102
}
330
C
100
AcDbDictionary
281
     1
  3
Standard
350
C293
  0
DICTIONARY
  5
2C40A
102
{ACAD_REACTORS
330
C
102
}
330
C
100
AcDbDictionary
281
     1
  3
2dWireframe
350
2C410
  3
3D Hidden
350
2C412
  3
3dWireframe
350
2C411
  3
Basic
350
2C40F
  3
Brighten
350
2C416
  3
ColorChange
350
2C41A
  3
Conceptual
350
2C413
  3
Dim
350
2C415
  3
EdgeColorOff
350
504A5
  3
Facepattern
350
2C419
  3
Flat
350
2C40B
  3
FlatWithEdges
350
2C40C
  3
Gouraud
350
2C40D
  3
GouraudWithEdges
350
2C40E
  3
Hidden
350
52037
  3
JitterOff
350
504A3
  3
Linepattern
350
2C418
  3
OverhangOff
350
504A4
  3
Realistic
350
2C414
  3
Shaded
350
5203C
  3
Shaded with edges
350
5203B
  3
Shades of Gray
350
52038
  3
Sketchy
350
52039
  3
Thicken
350
2C417
  3
Wireframe
350
52036
  3
X-Ray
350
5203A
  0
XRECORD
  5
505640F
102
{ACAD_REACTORS
330
C
102
}
330
C
100
AcDbXrecord
280
     1
 90
        1
330
C293
  0
DICTIONARY
  5
5E
102
{ACAD_REACTORS
330
C
102
}
330
C
100
AcDbDictionary
281
     1
  3
CANNOSCALE
350
392ED
  3
CMLEADERSTYLE
350
392EC
  3
CTABLESTYLE
350
C2A5
  3
CVIEWDETAILSTYLE
350
5052F16
  3
CVIEWSECTIONSTYLE
350
5052F17
  3
DIMASSOC
350
5F
  3
HIDETEXT
350
63
  3
INDEXCTL
350
50551FC
  3
LAYEREVAL
350
504BC
  3
LAYERNOTIFY
350
504BD
  3
LIGHTINGUNITS
350
41C6E
  3
MSLTSCALE
350
41C6D
  3
PROJECTNAME
350
C31D
  3
SORTENTS
350
50551FB
  0
DICTIONARY
  5
3EB40
102
{ACAD_REACTORS
330
C
102
}
330
C
100
AcDbDictionary
281
     1
  0
DICTIONARY
  5
52B11
102
{ACAD_REACTORS
330
C
102
}
330
C
100
AcDbDictionary
281
     1
  3
ACET-TCASE-MODE
350
5054971
  0
DICTIONARY
  5
3E599
102
{ACAD_REACTORS
330
C4E2
102
}
330
C4E2
100
AcDbDictionary
281
     1
  0
DICTIONARY
  5
C4E3
102
{ACAD_REACTORS
330
C4E2
102
}
330
C4E2
100
AcDbDictionary
281
     1
  0
DICTIONARY
  5
3E598
102
{ACAD_REACTORS
330
C4E2
102
}
330
C4E2
100
AcDbDictionary
281
     1
1001
ACAD
1000
<All
  0
XRECORD
  5
392C8
102
{ACAD_REACTORS
330
392C7
102
}
330
392C7
100
AcDbXrecord
280
     1
290
     1
  0
XRECORD
  5
2C55D
102
{ACAD_REACTORS
330
2C55C
102
}
330
2C55C
100
AcDbXrecord
280
     1
290
     1
  0
XRECORD
  5
392D2
102
{ACAD_REACTORS
330
392D1
102
}
330
392D1
100
AcDbXrecord
280
     1
290
     1
  0
SORTENTSTABLE
  5
2D5D4
102
{ACAD_REACTORS
330
2A268
102
}
330
2A268
100
AcDbSortentsTable
330
1F
  0
SORTENTSTABLE
  5
5054CD2
102
{ACAD_REACTORS
330
5054CD1
102
}
330
5054CD1
100
AcDbSortentsTable
330
5054CCD
  0
SORTENTSTABLE
  5
50557A8
102
{ACAD_REACTORS
330
505563F
102
}
330
505563F
100
AcDbSortentsTable
330
505563E
331
5055642
  5
5055648
331
5055643
  5
5055649
331
5055644
  5
505564A
331
5055645
  5
505564B
331
5055646
  5
505564C
331
5055647
  5
505564D
331
5055648
  5
505564E
331
5055649
  5
505564F
331
505564A
  5
5055650
331
505564B
  5
5055651
331
505564C
  5
5055652
331
505564D
  5
5055653
331
505564E
  5
5055654
331
505564F
  5
5055655
331
5055650
  5
5055656
331
5055651
  5
5055657
331
5055652
  5
5055658
331
5055653
  5
5055659
331
5055654
  5
505565A
331
5055655
  5
505565D
331
5055656
  5
5055661
331
5055657
  5
5055662
331
5055658
  5
5055663
331
5055659
  5
5055664
331
505565A
  5
5055665
331
505565B
  5
5055666
331
505565C
  5
5055667
331
505565D
  5
5055668
331
505565E
  5
5055669
331
505565F
  5
505566A
331
5055660
  5
505566B
331
5055661
  5
505566C
331
5055662
  5
505566D
331
5055663
  5
5055670
331
5055664
  5
5055673
331
5055665
  5
5055674
331
5055666
  5
5055677
331
5055667
  5
5055678
331
5055668
  5
5055679
331
5055669
  5
505567A
331
505566A
  5
505567B
331
505566B
  5
505567C
331
505566C
  5
505567D
331
505566D
  5
5055680
331
505566E
  5
5055681
331
505566F
  5
5055642
331
5055670
  5
5055643
331
5055671
  5
5055644
331
5055672
  5
5055645
331
5055673
  5
505565B
331
5055674
  5
505565C
331
5055675
  5
505565F
331
5055676
  5
5055660
331
5055677
  5
5055671
331
5055678
  5
5055672
331
5055679
  5
505567E
331
505567A
  5
505567F
331
505567B
  5
505565E
331
505567C
  5
505566E
331
505567D
  5
505566F
331
505567E
  5
5055646
331
505567F
  5
5055647
331
5055680
  5
5055675
331
5055681
  5
5055676
  0
DICTIONARY
  5
5055687
102
{ACAD_REACTORS
330
5055686
102
}
330
5055686
100
AcDbDictionary
281
     1
  3
ACAD_ASSOCNETWORK
350
5055688
  0
ACAD_EVALUATION_GRAPH
  5
5055699
102
{ACAD_REACTORS
330
5055686
102
}
330
5055686
100
AcDbEvalGraph
 96
        1
 97
        1
 91
        0
 93
       32
 95
        1
360
505569A
 92
       -1
 92
       -1
 92
       -1
 92
       -1
  0
SORTENTSTABLE
  5
50557A9
102
{ACAD_REACTORS
330
5055686
102
}
330
5055686
100
AcDbSortentsTable
330
5055685
  0
ACDB_DYNAMICBLOCKPURGEPREVENTER_VERSION
  5
505569C
102
{ACAD_REACTORS
330
5055686
102
}
330
5055686
100
AcDbDynamicBlockPurgePreventer
 70
     1
  0
SORTENTSTABLE
  5
50557AA
102
{ACAD_REACTORS
330
5055744
102
}
330
5055744
100
AcDbSortentsTable
330
5055743
  0
DICTIONARY
  5
5055701
102
{ACAD_REACTORS
330
5055700
102
}
330
5055700
100
AcDbDictionary
280
     1
281
     1
  3
TEXT
360
5055702
  0
DICTIONARY
  5
5055706
102
{ACAD_REACTORS
330
5055705
102
}
330
5055705
100
AcDbDictionary
280
     1
281
     1
  3
TEXT
360
5055707
  0
DICTIONARY
  5
505570B
102
{ACAD_REACTORS
330
505570A
102
}
330
505570A
100
AcDbDictionary
280
     1
281
     1
  3
TEXT
360
505570C
  0
DICTIONARY
  5
5055711
102
{ACAD_REACTORS
330
5055710
102
}
330
5055710
100
AcDbDictionary
280
     1
281
     1
  3
TEXT
360
5055712
  0
DICTIONARY
  5
5055717
102
{ACAD_REACTORS
330
5055716
102
}
330
5055716
100
AcDbDictionary
280
     1
281
     1
  3
TEXT
360
5055718
  0
DICTIONARY
  5
505571C
102
{ACAD_REACTORS
330
505571B
102
}
330
505571B
100
AcDbDictionary
280
     1
281
     1
  3
TEXT
360
505571D
  0
ACDBASSOCNETWORK
  5
50557B5
102
{ACAD_REACTORS
330
50557B4
102
}
330
50557B4
100
AcDbAssocAction
 90
        2
 90
        0
330
0
360
0
 90
        0
 90
        0
 90
        0
 90
        0
 90
        0
 90
        0
 90
        0
100
AcDbAssocNetwork
 90
        0
 90
        3
 90
        1
330
5055688
 90
        0
  0
ACDBDETAILVIEWSTYLE
  5
5052E0A
102
{ACAD_REACTORS
330
5052CC4
102
}
330
5052CC4
100
AcDbModelDocViewStyle
 70
     0
  3
Imperial24
290
     0
300
Imperial24
 90
        0
100
AcDbDetailViewStyle
 70
     0
 71
     0
 90
        3
 71
     1
340
11
 62
   256
 40
0.24
340
0
 62
   256
 40
0.24
300

 40
0.36
280
     3
 71
     2
340
16
 90
       25
 62
   256
 71
     3
340
11
 62
   256
 40
0.24
 90
        1
 40
0.75
 90
        1
300
%<\AcVar ViewType \f "%tc1">% %<\AcVar ViewDetailId>%\PSCALE %<\AcVar ViewScale \f "%sn">%
 71
     4
340
16
 90
       25
 62
   256
340
16
 90
       25
 62
   256
280
     0
  0
ACDBDETAILVIEWSTYLE
  5
5052CC5
102
{ACAD_REACTORS
330
5052CC4
102
}
330
5052CC4
100
AcDbModelDocViewStyle
 70
     0
  3
Metric50
290
     0
300
Metric50
 90
        0
100
AcDbDetailViewStyle
 70
     0
 71
     0
 90
        3
 71
     1
340
11
 62
   256
 40
5.0
340
0
 62
   256
 40
5.0
300

 40
0.0
280
     1
 71
     2
340
16
 90
       25
 62
   256
 71
     3
340
11
 62
   256
 40
5.0
 90
        0
 40
15.0
 90
        1
300
%<\AcVar ViewDetailId>% (%<\AcVar ViewScale \f "%sn">%)
 71
     4
340
16
 90
       25
 62
   256
340
16
 90
       25
 62
   256
280
     0
  0
LAYOUT
  5
51
102
{ACAD_REACTORS
330
1A
102
}
330
1A
100
AcDbPlotSettings
  1

  2
None
  4

  6

 40
0.0
 41
0.0
 42
0.0
 43
0.0
 44
0.0
 45
0.0
 46
0.0
 47
0.0
 48
0.0
 49
0.0
140
0.0
141
0.0
142
1.0
143
1.0
 70
   688
 72
     0
 73
     0
 74
     5
  7

 75
    16
147
1.0
 76
     0
 77
     2
 78
   300
148
0.0
149
0.0
100
AcDbLayout
  1
Layout1
 70
     1
 71
     1
 10
0.0
 20
0.0
 11
12.0
 21
9.0
 12
0.0
 22
0.0
 32
0.0
 14
0.0
 24
0.0
 34
0.0
 15
0.0
 25
0.0
 35
0.0
146
0.0
 13
0.0
 23
0.0
 33
0.0
 16
1.0
 26
0.0
 36
0.0
 17
0.0
 27
1.0
 37
0.0
 76
     0
330
50
  0
LAYOUT
  5
56
102
{ACAD_REACTORS
330
1A
102
}
330
1A
100
AcDbPlotSettings
  1

  2
none_device
  4
Letter_(8.50_x_11.00_Inches)
  6

 40
6.349999904632568
 41
6.349999904632568
 42
6.350006103515625
 43
6.350006103515625
 44
215.8999938964844
 45
279.3999938964844
 46
0.0
 47
0.0
 48
0.0
 49
0.0
140
0.0
141
0.0
142
1.0
143
1.0
 70
   688
 72
     1
 73
     1
 74
     5
  7

 75
    16
147
1.0
 76
     0
 77
     2
 78
   300
148
0.0
149
0.0
100
AcDbLayout
  1
Layout2
 70
     1
 71
     2
 10
0.0
 20
0.0
 11
12.0
 21
9.0
 12
0.0
 22
0.0
 32
0.0
 14
-82.45049119473277
 24
-12.61109972763063
 34
0.0
 15
349.1504728841859
 25
215.8110938148499
 35
0.0
146
0.0
 13
0.0
 23
0.0
 33
0.0
 16
1.0
 26
0.0
 36
0.0
 17
0.0
 27
1.0
 37
0.0
 76
     0
330
55
331
28A1C
  0
LAYOUT
  5
22
102
{ACAD_XDICTIONARY
360
504BA
102
}
102
{ACAD_REACTORS
330
1A
102
}
330
1A
100
AcDbPlotSettings
  1

  2
\\PC2\HP DeskJet 1220C
  4
A3
  6

 40
5.873749732971191
 41
12.64708042144775
 42
5.789093017578125
 43
3.84173583984375
 44
296.9259948730469
 45
419.9466552734374
 46
0.0
 47
0.01
 48
3306.342838945002
 49
1933.49814589553
140
3702.298879520287
141
2213.467063474016
142
1.0
143
0.9814408748391782
 70
 11956
 72
     1
 73
     1
 74
     4
  7
monochrome.ctb
 75
     0
147
1.018910079696714
 76
     1
 77
     2
 78
   300
148
-3306.342838945002
149
-1933.49814589553
100
AcDbLayout
  1
Model
 70
     1
 71
     0
 10
0.0
 20
0.0
 11
12.0
 21
9.0
 12
0.0
 22
0.0
 32
0.0
 14
0.0
 24
0.0
 34
0.0
 15
0.0
 25
0.0
 35
0.0
146
0.0
 13
0.0
 23
0.0
 33
0.0
 16
1.0
 26
0.0
 36
0.0
 17
0.0
 27
1.0
 37
0.0
 76
     0
330
1F
331
2C405
  0
MATERIAL
  5
2C408
102
{ACAD_REACTORS
330
6A
102
}
330
6A
100
AcDbMaterial
  1
ByBlock
 73
     1
 78
     1
172
     1
176
     1
270
     1
274
     1
 94
       63
  0
MATERIAL
  5
2C407
102
{ACAD_REACTORS
330
6A
102
}
330
6A
100
AcDbMaterial
  1
ByLayer
 73
     1
 78
     1
172
     1
176
     1
270
     1
274
     1
 94
       63
  0
MATERIAL
  5
2C409
102
{ACAD_REACTORS
330
6A
102
}
330
6A
100
AcDbMaterial
  1
Global
 73
     1
 78
     1
172
     1
176
     1
270
     1
274
     1
 94
       63
  0
MLEADERSTYLE
  5
39210
102
{ACAD_REACTORS
330
3920F
102
}
330
3920F
100
AcDbMLeaderStyle
179
     2
170
     2
171
     1
172
     0
 90
        2
 40
0.0
 41
0.0
173
     1
 91
-1056964608
340
14
 92
       -2
290
     1
 42
2.0
291
     1
 43
0.36
  3
Standard
 44
4.0
300

342
11
174
     1
178
     6
175
     1
176
     0
 93
-1056964608
 45
4.0
292
     0
297
     0
 46
4.0
 94
-1056964608
 47
1.0
 49
1.0
140
1.0
293
     1
141
0.0
294
     1
177
     0
142
1.0
295
     0
296
     0
143
0.125
271
     0
272
     9
273
     9
298
     0
  0
MLINESTYLE
  5
18
102
{ACAD_REACTORS
330
17
102
}
330
17
100
AcDbMlineStyle
  2
STANDARD
 70
     0
  3

 62
   256
 51
90.0
 52
90.0
 71
     2
 49
0.5
 62
   256
  6
BYLAYER
 49
-0.5
 62
   256
  6
BYLAYER
  0
ACDBPLACEHOLDER
  5
F
102
{ACAD_REACTORS
330
E
102
}
330
E
  0
DICTIONARY
  5
5054A0C
330
5054A0B
100
AcDbDictionary
280
     1
281
     1
  3
ACAD_XREC_ROUNDTRIP
360
50553F6
  3
ADSK_XREC_MENTALRAYSETTINGSINFO
360
5054A0D
  0
SCALE
  5
391EE
102
{ACAD_REACTORS
330
391ED
102
}
330
391ED
100
AcDbScale
 70
     0
300
1:1
140
1.0
141
1.0
290
     1
  0
SCALE
  5
391EF
102
{ACAD_REACTORS
330
391ED
102
}
330
391ED
100
AcDbScale
 70
     0
300
1:2
140
1.0
141
2.0
290
     0
  0
SCALE
  5
391F0
102
{ACAD_REACTORS
330
391ED
102
}
330
391ED
100
AcDbScale
 70
     0
300
1:4
140
1.0
141
4.0
290
     0
  0
SCALE
  5
391F1
102
{ACAD_REACTORS
330
391ED
102
}
330
391ED
100
AcDbScale
 70
     0
300
1:5
140
1.0
141
5.0
290
     0
  0
SCALE
  5
391F2
102
{ACAD_REACTORS
330
391ED
102
}
330
391ED
100
AcDbScale
 70
     0
300
1:8
140
1.0
141
8.0
290
     0
  0
SCALE
  5
391F3
102
{ACAD_REACTORS
330
391ED
102
}
330
391ED
100
AcDbScale
 70
     0
300
1:10
140
1.0
141
10.0
290
     0
  0
SCALE
  5
391F4
102
{ACAD_REACTORS
330
391ED
102
}
330
391ED
100
AcDbScale
 70
     0
300
1:16
140
1.0
141
16.0
290
     0
  0
SCALE
  5
391F5
102
{ACAD_REACTORS
330
391ED
102
}
330
391ED
100
AcDbScale
 70
     0
300
1:20
140
1.0
141
20.0
290
     0
  0
SCALE
  5
391F6
102
{ACAD_REACTORS
330
391ED
102
}
330
391ED
100
AcDbScale
 70
     0
300
1:30
140
1.0
141
30.0
290
     0
  0
SCALE
  5
391F7
102
{ACAD_REACTORS
330
391ED
102
}
330
391ED
100
AcDbScale
 70
     0
300
1:40
140
1.0
141
40.0
290
     0
  0
SCALE
  5
391F8
102
{ACAD_REACTORS
330
391ED
102
}
330
391ED
100
AcDbScale
 70
     0
300
1:50
140
1.0
141
50.0
290
     0
  0
SCALE
  5
391F9
102
{ACAD_REACTORS
330
391ED
102
}
330
391ED
100
AcDbScale
 70
     0
300
1:100
140
1.0
141
100.0
290
     0
  0
SCALE
  5
391FA
102
{ACAD_REACTORS
330
391ED
102
}
330
391ED
100
AcDbScale
 70
     0
300
2:1
140
2.0
141
1.0
290
     0
  0
SCALE
  5
391FB
102
{ACAD_REACTORS
330
391ED
102
}
330
391ED
100
AcDbScale
 70
     0
300
4:1
140
4.0
141
1.0
290
     0
  0
SCALE
  5
391FC
102
{ACAD_REACTORS
330
391ED
102
}
330
391ED
100
AcDbScale
 70
     0
300
8:1
140
8.0
141
1.0
290
     0
  0
SCALE
  5
391FD
102
{ACAD_REACTORS
330
391ED
102
}
330
391ED
100
AcDbScale
 70
     0
300
10:1
140
10.0
141
1.0
290
     0
  0
SCALE
  5
391FE
102
{ACAD_REACTORS
330
391ED
102
}
330
391ED
100
AcDbScale
 70
     0
300
100:1
140
100.0
141
1.0
290
     0
  0
SCALE
  5
391FF
102
{ACAD_REACTORS
330
391ED
102
}
330
391ED
100
AcDbScale
 70
     0
300
1/128" = 1'-0"
140
0.0078125
141
12.0
290
     0
  0
SCALE
  5
39200
102
{ACAD_REACTORS
330
391ED
102
}
330
391ED
100
AcDbScale
 70
     0
300
1/64" = 1'-0"
140
0.015625
141
12.0
290
     0
  0
SCALE
  5
39201
102
{ACAD_REACTORS
330
391ED
102
}
330
391ED
100
AcDbScale
 70
     0
300
1/32" = 1'-0"
140
0.03125
141
12.0
290
     0
  0
SCALE
  5
39202
102
{ACAD_REACTORS
330
391ED
102
}
330
391ED
100
AcDbScale
 70
     0
300
1/16" = 1'-0"
140
0.0625
141
12.0
290
     0
  0
SCALE
  5
39203
102
{ACAD_REACTORS
330
391ED
102
}
330
391ED
100
AcDbScale
 70
     0
300
3/32" = 1'-0"
140
0.09375
141
12.0
290
     0
  0
SCALE
  5
39204
102
{ACAD_REACTORS
330
391ED
102
}
330
391ED
100
AcDbScale
 70
     0
300
1/8" = 1'-0"
140
0.125
141
12.0
290
     0
  0
SCALE
  5
39205
102
{ACAD_REACTORS
330
391ED
102
}
330
391ED
100
AcDbScale
 70
     0
300
3/16" = 1'-0"
140
0.1875
141
12.0
290
     0
  0
SCALE
  5
39206
102
{ACAD_REACTORS
330
391ED
102
}
330
391ED
100
AcDbScale
 70
     0
300
1/4" = 1'-0"
140
0.25
141
12.0
290
     0
  0
SCALE
  5
39207
102
{ACAD_REACTORS
330
391ED
102
}
330
391ED
100
AcDbScale
 70
     0
300
3/8" = 1'-0"
140
0.375
141
12.0
290
     0
  0
SCALE
  5
39208
102
{ACAD_REACTORS
330
391ED
102
}
330
391ED
100
AcDbScale
 70
     0
300
1/2" = 1'-0"
140
0.5
141
12.0
290
     0
  0
SCALE
  5
39209
102
{ACAD_REACTORS
330
391ED
102
}
330
391ED
100
AcDbScale
 70
     0
300
3/4" = 1'-0"
140
0.75
141
12.0
290
     0
  0
SCALE
  5
3920A
102
{ACAD_REACTORS
330
391ED
102
}
330
391ED
100
AcDbScale
 70
     0
300
1" = 1'-0"
140
1.0
141
12.0
290
     0
  0
SCALE
  5
3920B
102
{ACAD_REACTORS
330
391ED
102
}
330
391ED
100
AcDbScale
 70
     0
300
1-1/2" = 1'-0"
140
1.5
141
12.0
290
     0
  0
SCALE
  5
3920C
102
{ACAD_REACTORS
330
391ED
102
}
330
391ED
100
AcDbScale
 70
     0
300
3" = 1'-0"
140
3.0
141
12.0
290
     0
  0
SCALE
  5
3920D
102
{ACAD_REACTORS
330
391ED
102
}
330
391ED
100
AcDbScale
 70
     0
300
6" = 1'-0"
140
6.0
141
12.0
290
     0
  0
SCALE
  5
3920E
102
{ACAD_REACTORS
330
391ED
102
}
330
391ED
100
AcDbScale
 70
     0
300
1'-0" = 1'-0"
140
12.0
141
12.0
290
     0
  0
ACDBSECTIONVIEWSTYLE
  5
5052E09
102
{ACAD_REACTORS
330
5052CC2
102
}
330
5052CC2
100
AcDbModelDocViewStyle
 70
     0
  3
Imperial24
290
     0
300
Imperial24
 90
        0
100
AcDbSectionViewStyle
 70
     0
 71
     0
 90
       78
 71
     1
340
11
 62
   256
 40
0.24
340
0
340
0
 62
   256
 40
0.24
300
I, O, Q, S, X, Z
 40
0.48
 90
        3
 40
0.18
 90
        1
 71
     2
340
16
 90
       25
 62
   256
340
16
 90
       50
 62
   256
 40
0.24
 40
0.0
 40
0.24
 71
     3
340
11
 62
   256
 40
0.24
 90
        1
 40
0.75
 90
        1
300
%<\AcVar ViewType \f "%tc1">% %<\AcVar ViewSectionStartId>%-%<\AcVar ViewSectionEndId>%\PSCALE %<\AcVar ViewScale \f "%sn">%
 71
     4
 62
   256
 62
   257
300
ANSI31
 40
1.0
 90
        0
290
     0
290
     0
 90
        6
 40
0.0
 40
1.570796326794896
 40
0.2617993877991494
 40
1.308996938995747
 40
-0.2617993877991494
 40
1.832595714594046
  0
ACDBSECTIONVIEWSTYLE
  5
5052CC3
102
{ACAD_REACTORS
330
5052CC2
102
}
330
5052CC2
100
AcDbModelDocViewStyle
 70
     0
  3
Metric50
290
     0
300
Metric50
 90
        0
100
AcDbSectionViewStyle
 70
     0
 71
     0
 90
      102
 71
     1
340
11
 62
   256
 40
5.0
340
0
340
0
 62
   256
 40
5.0
300
I, O, Q, S, X, Z
 40
10.0
 90
        0
 40
2.5
 90
        0
 71
     2
340
16
 90
       25
 62
   256
340
16
 90
       50
 62
   256
 40
5.0
 40
2.5
 40
5.0
 71
     3
340
11
 62
   256
 40
5.0
 90
        0
 40
15.0
 90
        1
300
%<\AcVar ViewSectionStartId>%-%<\AcVar ViewSectionEndId>% (%<\AcVar ViewScale \f "%sn">%)
 71
     4
 62
   256
 62
   257
300
ANSI31
 40
1.0
 90
        0
290
     0
290
     0
 90
        6
 40
0.0
 40
1.570796326794896
 40
0.2617993877991494
 40
1.308996938995747
 40
-0.2617993877991494
 40
1.832595714594046
  0
TABLESTYLE
  5
C293
102
{ACAD_XDICTIONARY
360
392D3
102
}
102
{ACAD_REACTORS
330
C292
102
}
330
C292
100
AcDbTableStyle
280
     0
  3
Standard
 70
     0
 71
     0
 40
1.5
 41
1.5
280
     0
281
     0
  7
Standard
140
4.5
170
     2
 62
     0
 63
     7
283
     0
 90
        4
 91
        0
  1

274
    -2
284
     1
 64
     0
275
    -2
285
     1
 65
     0
276
    -2
286
     1
 66
     0
277
    -2
287
     1
 67
     0
278
    -2
288
     1
 68
     0
279
    -2
289
     1
 69
     0
  7
Standard
140
6.0
170
     5
 62
     0
 63
     7
283
     0
 90
        4
 91
        0
  1

274
    -2
284
     1
 64
     0
275
    -2
285
     1
 65
     0
276
    -2
286
     1
 66
     0
277
    -2
287
     1
 67
     0
278
    -2
288
     1
 68
     0
279
    -2
289
     1
 69
     0
  7
Standard
140
4.5
170
     5
 62
     0
 63
     7
283
     0
 90
        4
 91
        0
  1

274
    -2
284
     1
 64
     0
275
    -2
285
     1
 65
     0
276
    -2
286
     1
 66
     0
277
    -2
287
     1
 67
     0
278
    -2
288
     1
 68
     0
279
    -2
289
     1
 69
     0
1001
ACAD
1000
AcRTDxfName
1000
TABLESTYLE
  0
VISUALSTYLE
  5
2C410
102
{ACAD_REACTORS
330
2C40A
102
}
330
2C40A
100
AcDbVisualStyle
  2
2dWireframe
 70
     4
177
     3
291
     0
 70
    58
 90
        0
176
     1
 90
        2
176
     1
 90
        0
176
     1
 90
        0
176
     1
 40
0.6
176
     1
 40
30.0
176
     1
 62
     7
176
     1
 90
        1
176
     1
 90
        4
176
     1
 62
     7
176
     1
 62
   257
176
     1
 90
        1
176
     1
 90
        1
176
     1
 40
1.0
176
     1
 90
        0
176
     1
 62
   257
176
     1
 40
1.0
176
     1
 90
        1
176
     1
 90
        6
176
     1
 90
        2
176
     1
 62
     7
176
     1
 90
        5
176
     1
 90
        0
176
     1
 90
        0
176
     1
290
     0
176
     1
 90
        1
176
     1
 40
0.0
176
     1
 90
        0
176
     1
290
     1
176
     1
290
     1
176
     1
290
     0
176
     1
290
     0
176
     1
290
     0
176
     1
290
     0
176
     1
290
     0
176
     1
290
     0
176
     1
290
     0
176
     1
 90
       50
176
     1
 40
0.0
176
     1
 40
1.0
176
     1
 90
        0
176
     1
 62
    18
420
        0
176
     1
 90
       50
176
     1
 90
        3
176
     1
 62
     5
420
      255
176
     1
290
     0
176
     1
 90
       50
176
     1
 90
       50
176
     1
 90
       50
176
     1
290
     0
176
     1
 90
       50
176
     1
 62
   256
176
     0
 40
1.0
176
     0
 90
        2
176
     1
  1
strokes_ogs.tif
176
     1
290
     0
176
     1
 40
1.0
176
     1
 40
1.0
176
     1
  0
VISUALSTYLE
  5
2C412
102
{ACAD_REACTORS
330
2C40A
102
}
330
2C40A
100
AcDbVisualStyle
  2
3D Hidden
 70
     6
177
     3
291
     0
 70
    58
 90
        1
176
     1
 90
        2
176
     1
 90
        2
176
     1
 90
        0
176
     1
 40
0.6
176
     1
 40
30.0
176
     1
 62
     7
176
     1
 90
        2
176
     1
 90
        2
176
     1
 62
     7
176
     1
 62
   257
176
     1
 90
        2
176
     1
 90
        1
176
     1
 40
40.0
176
     1
 90
        0
176
     1
 62
   257
176
     1
 40
1.0
176
     1
 90
        1
176
     1
 90
        6
176
     1
 90
        2
176
     1
 62
     7
176
     1
 90
        3
176
     1
 90
        0
176
     1
 90
        0
176
     1
290
     0
176
     1
 90
        1
176
     1
 40
0.0
176
     1
 90
        0
176
     1
290
     0
176
     1
290
     1
176
     1
290
     1
176
     1
290
     0
176
     1
290
     0
176
     1
290
     0
176
     1
290
     0
176
     1
290
     0
176
     1
290
     0
176
     1
 90
       50
176
     1
 40
0.0
176
     1
 40
1.0
176
     1
 90
        0
176
     1
 62
    18
420
        0
176
     1
 90
       50
176
     1
 90
        3
176
     1
 62
     5
420
      255
176
     1
290
     0
176
     1
 90
       50
176
     1
 90
       50
176
     1
 90
       50
176
     1
290
     0
176
     1
 90
       50
176
     1
 62
   256
176
     0
 40
1.0
176
     0
 90
        2
176
     1
  1
strokes_ogs.tif
176
     1
290
     0
176
     1
 40
1.0
176
     1
 40
1.0
176
     1
  0
VISUALSTYLE
  5
2C411
102
{ACAD_REACTORS
330
2C40A
102
}
330
2C40A
100
AcDbVisualStyle
  2
3dWireframe
 70
     5
177
     3
291
     0
 70
    58
 90
        0
176
     1
 90
        2
176
     1
 90
        0
176
     1
 90
        0
176
     1
 40
0.6
176
     1
 40
30.0
176
     1
 62
     7
176
     1
 90
        1
176
     1
 90
        4
176
     1
 62
     7
176
     1
 62
   257
176
     1
 90
        1
176
     1
 90
        1
176
     1
 40
1.0
176
     1
 90
        0
176
     1
 62
   257
176
     1
 40
1.0
176
     1
 90
        1
176
     1
 90
        6
176
     1
 90
        2
176
     1
 62
     7
176
     1
 90
        5
176
     1
 90
        0
176
     1
 90
        0
176
     1
290
     0
176
     1
 90
        1
176
     1
 40
0.0
176
     1
 90
        0
176
     1
290
     0
176
     1
290
     1
176
     1
290
     1
176
     1
290
     0
176
     1
290
     0
176
     1
290
     0
176
     1
290
     0
176
     1
290
     0
176
     1
290
     0
176
     1
 90
       50
176
     1
 40
0.0
176
     1
 40
1.0
176
     1
 90
        0
176
     1
 62
    18
420
        0
176
     1
 90
       50
176
     1
 90
        3
176
     1
 62
     5
420
      255
176
     1
290
     0
176
     1
 90
       50
176
     1
 90
       50
176
     1
 90
       50
176
     1
290
     0
176
     1
 90
       50
176
     1
 62
   256
176
     0
 40
1.0
176
     0
 90
        2
176
     1
  1
strokes_ogs.tif
176
     1
290
     0
176
     1
 40
1.0
176
     1
 40
1.0
176
     1
  0
VISUALSTYLE
  5
2C40F
102
{ACAD_REACTORS
330
2C40A
102
}
330
2C40A
100
AcDbVisualStyle
  2
Basic
 70
     7
177
     3
291
     1
 70
    58
 90
        1
176
     1
 90
        0
176
     1
 90
        1
176
     1
 90
        0
176
     1
 40
0.6
176
     1
 40
30.0
176
     1
 62
     7
176
     1
 90
        0
176
     1
 90
        4
176
     1
 62
     7
176
     1
 62
   257
176
     1
 90
        1
176
     1
 90
        1
176
     1
 40
1.0
176
     1
 90
        8
176
     1
 62
     7
176
     1
 40
1.0
176
     1
 90
        1
176
     1
 90
        6
176
     1
 90
        2
176
     1
 62
     7
176
     1
 90
        5
176
     1
 90
        0
176
     1
 90
        0
176
     1
290
     0
176
     1
 90
        1
176
     1
 40
0.0
176
     1
 90
        0
176
     1
290
     0
176
     1
290
     1
176
     1
290
     1
176
     1
290
     0
176
     1
290
     0
176
     1
290
     0
176
     1
290
     0
176
     1
290
     0
176
     1
290
     0
176
     1
 90
       50
176
     1
 40
0.0
176
     1
 40
1.0
176
     1
 90
        0
176
     1
 62
    18
420
        0
176
     1
 90
       50
176
     1
 90
        3
176
     1
 62
     5
420
      255
176
     1
290
     0
176
     1
 90
       50
176
     1
 90
       50
176
     1
 90
       50
176
     1
290
     0
176
     1
 90
       50
176
     1
 62
   256
176
     0
 40
1.0
176
     0
 90
        2
176
     1
  1
strokes_ogs.tif
176
     1
290
     0
176
     1
 40
1.0
176
     1
 40
1.0
176
     1
  0
VISUALSTYLE
  5
2C416
102
{ACAD_REACTORS
330
2C40A
102
}
330
2C40A
100
AcDbVisualStyle
  2
Brighten
 70
    12
177
     3
291
     1
 70
    58
 90
        2
176
     1
 90
        2
176
     1
 90
        0
176
     1
 90
        0
176
     1
 40
0.6
176
     1
 40
30.0
176
     1
 62
     7
176
     1
 90
        1
176
     1
 90
        4
176
     1
 62
     7
176
     1
 62
   257
176
     1
 90
        1
176
     1
 90
        1
176
     1
 40
1.0
176
     1
 90
        8
176
     1
 62
     7
176
     1
 40
1.0
176
     1
 90
        1
176
     1
 90
        6
176
     1
 90
        2
176
     1
 62
     7
176
     1
 90
        5
176
     1
 90
        0
176
     1
 90
        0
176
     1
290
     0
176
     1
 90
        1
176
     1
 40
50.0
176
     1
 90
        0
176
     1
290
     0
176
     1
290
     1
176
     1
290
     1
176
     1
290
     0
176
     1
290
     0
176
     1
290
     0
176
     1
290
     0
176
     1
290
     0
176
     1
290
     0
176
     1
 90
       50
176
     1
 40
0.0
176
     1
 40
1.0
176
     1
 90
        0
176
     1
 62
    18
420
        0
176
     1
 90
       50
176
     1
 90
        3
176
     1
 62
     5
420
      255
176
     1
290
     0
176
     1
 90
       50
176
     1
 90
       50
176
     1
 90
       50
176
     1
290
     0
176
     1
 90
       50
176
     1
 62
   256
176
     0
 40
1.0
176
     0
 90
        2
176
     1
  1
strokes_ogs.tif
176
     1
290
     0
176
     1
 40
1.0
176
     1
 40
1.0
176
     1
  0
VISUALSTYLE
  5
2C41A
102
{ACAD_REACTORS
330
2C40A
102
}
330
2C40A
100
AcDbVisualStyle
  2
ColorChange
 70
    16
177
     3
291
     1
 70
    58
 90
        2
176
     1
 90
        2
176
     1
 90
        3
176
     1
 90
        0
176
     1
 40
0.6
176
     1
 40
30.0
176
     1
 62
     8
176
     1
 90
        1
176
     1
 90
        4
176
     1
 62
     7
176
     1
 62
   257
176
     1
 90
        1
176
     1
 90
        1
176
     1
 40
1.0
176
     1
 90
        8
176
     1
 62
     8
176
     1
 40
1.0
176
     1
 90
        1
176
     1
 90
        6
176
     1
 90
        2
176
     1
 62
     7
176
     1
 90
        5
176
     1
 90
        0
176
     1
 90
        0
176
     1
290
     0
176
     1
 90
        1
176
     1
 40
0.0
176
     1
 90
        0
176
     1
290
     0
176
     1
290
     1
176
     1
290
     1
176
     1
290
     0
176
     1
290
     0
176
     1
290
     0
176
     1
290
     0
176
     1
290
     0
176
     1
290
     0
176
     1
 90
       50
176
     1
 40
0.0
176
     1
 40
1.0
176
     1
 90
        0
176
     1
 62
    18
420
        0
176
     1
 90
       50
176
     1
 90
        3
176
     1
 62
     5
420
      255
176
     1
290
     0
176
     1
 90
       50
176
     1
 90
       50
176
     1
 90
       50
176
     1
290
     0
176
     1
 90
       50
176
     1
 62
   256
176
     0
 40
1.0
176
     0
 90
        2
176
     1
  1
strokes_ogs.tif
176
     1
290
     0
176
     1
 40
1.0
176
     1
 40
1.0
176
     1
  0
VISUALSTYLE
  5
2C413
102
{ACAD_REACTORS
330
2C40A
102
}
330
2C40A
100
AcDbVisualStyle
  2
Conceptual
 70
     9
177
     3
291
     0
 70
    58
 90
        3
176
     1
 90
        2
176
     1
 90
        0
176
     1
 90
        0
176
     1
 40
0.6
176
     1
 40
30.0
176
     1
 62
     7
176
     1
 90
        2
176
     1
 90
        2
176
     1
 62
     7
176
     1
 62
   257
176
     1
 90
        1
176
     1
 90
        1
176
     1
 40
40.0
176
     1
 90
        8
176
     1
 62
     7
176
     1
 40
1.0
176
     1
 90
        1
176
     1
 90
        6
176
     1
 90
        2
176
     1
 62
     7
176
     1
 90
        3
176
     1
 90
        0
176
     1
 90
        0
176
     1
290
     0
176
     1
 90
        1
176
     1
 40
0.0
176
     1
 90
        0
176
     1
290
     0
176
     1
290
     1
176
     1
290
     1
176
     1
290
     0
176
     1
290
     0
176
     1
290
     0
176
     1
290
     0
176
     1
290
     0
176
     1
290
     0
176
     1
 90
       50
176
     1
 40
0.0
176
     1
 40
1.0
176
     1
 90
        0
176
     1
 62
    18
420
        0
176
     1
 90
       50
176
     1
 90
        3
176
     1
 62
     5
420
      255
176
     1
290
     0
176
     1
 90
       50
176
     1
 90
       50
176
     1
 90
       50
176
     1
290
     0
176
     1
 90
       50
176
     1
 62
   256
176
     0
 40
1.0
176
     0
 90
        2
176
     1
  1
strokes_ogs.tif
176
     1
290
     0
176
     1
 40
1.0
176
     1
 40
1.0
176
     1
  0
VISUALSTYLE
  5
2C415
102
{ACAD_REACTORS
330
2C40A
102
}
330
2C40A
100
AcDbVisualStyle
  2
Dim
 70
    11
177
     3
291
     1
 70
    58
 90
        2
176
     1
 90
        2
176
     1
 90
        0
176
     1
 90
        0
176
     1
 40
0.6
176
     1
 40
30.0
176
     1
 62
     7
176
     1
 90
        1
176
     1
 90
        4
176
     1
 62
     7
176
     1
 62
   257
176
     1
 90
        1
176
     1
 90
        1
176
     1
 40
1.0
176
     1
 90
        8
176
     1
 62
     7
176
     1
 40
1.0
176
     1
 90
        1
176
     1
 90
        6
176
     1
 90
        2
176
     1
 62
     7
176
     1
 90
        5
176
     1
 90
        0
176
     1
 90
        0
176
     1
290
     0
176
     1
 90
        1
176
     1
 40
-50.0
176
     1
 90
        0
176
     1
290
     0
176
     1
290
     1
176
     1
290
     1
176
     1
290
     0
176
     1
290
     0
176
     1
290
     0
176
     1
290
     0
176
     1
290
     0
176
     1
290
     0
176
     1
 90
       50
176
     1
 40
0.0
176
     1
 40
1.0
176
     1
 90
        0
176
     1
 62
    18
420
        0
176
     1
 90
       50
176
     1
 90
        3
176
     1
 62
     5
420
      255
176
     1
290
     0
176
     1
 90
       50
176
     1
 90
       50
176
     1
 90
       50
176
     1
290
     0
176
     1
 90
       50
176
     1
 62
   256
176
     0
 40
1.0
176
     0
 90
        2
176
     1
  1
strokes_ogs.tif
176
     1
290
     0
176
     1
 40
1.0
176
     1
 40
1.0
176
     1
  0
VISUALSTYLE
  5
504A5
102
{ACAD_REACTORS
330
2C40A
102
}
330
2C40A
100
AcDbVisualStyle
  2
EdgeColorOff
 70
    22
177
     3
291
     1
 70
    58
 90
        2
176
     0
 90
        2
176
     0
 90
        0
176
     0
 90
        0
176
     0
 40
0.6
176
     0
 40
30.0
176
     0
 62
     7
176
     0
 90
        1
176
     0
 90
        4
176
     0
 62
     7
176
     0
 62
   257
176
     0
 90
        1
176
     0
 90
        1
176
     0
 40
1.0
176
     0
 90
        8
176
     2
 62
     7
176
     0
 40
1.0
176
     0
 90
        1
176
     0
 90
        6
176
     0
 90
        2
176
     0
 62
     7
176
     0
 90
        5
176
     0
 90
        0
176
     0
 90
        0
176
     0
290
     0
176
     0
 90
        1
176
     0
 40
0.0
176
     0
 90
        0
176
     0
290
     0
176
     1
290
     1
176
     1
290
     1
176
     1
290
     0
176
     1
290
     0
176
     1
290
     0
176
     1
290
     0
176
     1
290
     0
176
     1
290
     0
176
     1
 90
       50
176
     1
 40
0.0
176
     1
 40
1.0
176
     1
 90
        0
176
     1
 62
    18
420
        0
176
     1
 90
       50
176
     1
 90
        3
176
     1
 62
     5
420
      255
176
     1
290
     0
176
     1
 90
       50
176
     1
 90
       50
176
     1
 90
       50
176
     1
290
     0
176
     1
 90
       50
176
     1
 62
   256
176
     0
 40
1.0
176
     0
 90
        2
176
     1
  1
strokes_ogs.tif
176
     1
290
     0
176
     1
 40
1.0
176
     1
 40
1.0
176
     1
  0
VISUALSTYLE
  5
2C419
102
{ACAD_REACTORS
330
2C40A
102
}
330
2C40A
100
AcDbVisualStyle
  2
Facepattern
 70
    15
177
     3
291
     1
 70
    58
 90
        2
176
     1
 90
        2
176
     1
 90
        0
176
     1
 90
        0
176
     1
 40
0.6
176
     1
 40
30.0
176
     1
 62
     7
176
     1
 90
        1
176
     1
 90
        4
176
     1
 62
     7
176
     1
 62
   257
176
     1
 90
        1
176
     1
 90
        1
176
     1
 40
1.0
176
     1
 90
        8
176
     1
 62
     7
176
     1
 40
1.0
176
     1
 90
        1
176
     1
 90
        6
176
     1
 90
        2
176
     1
 62
     7
176
     1
 90
        5
176
     1
 90
        0
176
     1
 90
        0
176
     1
290
     0
176
     1
 90
        1
176
     1
 40
0.0
176
     1
 90
        0
176
     1
290
     0
176
     1
290
     1
176
     1
290
     1
176
     1
290
     0
176
     1
290
     0
176
     1
290
     0
176
     1
290
     0
176
     1
290
     0
176
     1
290
     0
176
     1
 90
       50
176
     1
 40
0.0
176
     1
 40
1.0
176
     1
 90
        0
176
     1
 62
    18
420
        0
176
     1
 90
       50
176
     1
 90
        3
176
     1
 62
     5
420
      255
176
     1
290
     0
176
     1
 90
       50
176
     1
 90
       50
176
     1
 90
       50
176
     1
290
     0
176
     1
 90
       50
176
     1
 62
   256
176
     0
 40
1.0
176
     0
 90
        2
176
     1
  1
strokes_ogs.tif
176
     1
290
     0
176
     1
 40
1.0
176
     1
 40
1.0
176
     1
  0
VISUALSTYLE
  5
2C40B
102
{ACAD_REACTORS
330
2C40A
102
}
330
2C40A
100
AcDbVisualStyle
  2
Flat
 70
     0
177
     3
291
     1
 70
    58
 90
        2
176
     1
 90
        1
176
     1
 90
        1
176
     1
 90
        2
176
     1
 40
0.6
176
     1
 40
30.0
176
     1
 62
     7
176
     1
 90
        0
176
     1
 90
        4
176
     1
 62
     7
176
     1
 62
   257
176
     1
 90
        1
176
     1
 90
        1
176
     1
 40
1.0
176
     1
 90
        8
176
     1
 62
     7
176
     1
 40
1.0
176
     1
 90
        1
176
     1
 90
        6
176
     1
 90
        2
176
     1
 62
     7
176
     1
 90
        5
176
     1
 90
        0
176
     1
 90
        0
176
     1
290
     0
176
     1
 90
       13
176
     1
 40
0.0
176
     1
 90
        0
176
     1
290
     0
176
     1
290
     1
176
     1
290
     1
176
     1
290
     0
176
     1
290
     0
176
     1
290
     0
176
     1
290
     0
176
     1
290
     0
176
     1
290
     0
176
     1
 90
       50
176
     1
 40
0.0
176
     1
 40
1.0
176
     1
 90
        0
176
     1
 62
    18
420
        0
176
     1
 90
       50
176
     1
 90
        3
176
     1
 62
     5
420
      255
176
     1
290
     0
176
     1
 90
       50
176
     1
 90
       50
176
     1
 90
       50
176
     1
290
     0
176
     1
 90
       50
176
     1
 62
   256
176
     0
 40
1.0
176
     0
 90
        2
176
     1
  1
strokes_ogs.tif
176
     1
290
     0
176
     1
 40
1.0
176
     1
 40
1.0
176
     1
  0
VISUALSTYLE
  5
2C40C
102
{ACAD_REACTORS
330
2C40A
102
}
330
2C40A
100
AcDbVisualStyle
  2
FlatWithEdges
 70
     1
177
     3
291
     1
 70
    58
 90
        2
176
     1
 90
        1
176
     1
 90
        1
176
     1
 90
        2
176
     1
 40
0.6
176
     1
 40
30.0
176
     1
 62
     7
176
     1
 90
        1
176
     1
 90
        4
176
     1
 62
     7
176
     1
 62
   257
176
     1
 90
        1
176
     1
 90
        1
176
     1
 40
1.0
176
     1
 90
        0
176
     1
 62
   257
176
     1
 40
1.0
176
     1
 90
        1
176
     1
 90
        6
176
     1
 90
        2
176
     1
 62
     7
176
     1
 90
        5
176
     1
 90
        0
176
     1
 90
        0
176
     1
290
     0
176
     1
 90
       13
176
     1
 40
0.0
176
     1
 90
        0
176
     1
290
     0
176
     1
290
     1
176
     1
290
     1
176
     1
290
     0
176
     1
290
     0
176
     1
290
     0
176
     1
290
     0
176
     1
290
     0
176
     1
290
     0
176
     1
 90
       50
176
     1
 40
0.0
176
     1
 40
1.0
176
     1
 90
        0
176
     1
 62
    18
420
        0
176
     1
 90
       50
176
     1
 90
        3
176
     1
 62
     5
420
      255
176
     1
290
     0
176
     1
 90
       50
176
     1
 90
       50
176
     1
 90
       50
176
     1
290
     0
176
     1
 90
       50
176
     1
 62
   256
176
     0
 40
1.0
176
     0
 90
        2
176
     1
  1
strokes_ogs.tif
176
     1
290
     0
176
     1
 40
1.0
176
     1
 40
1.0
176
     1
  0
VISUALSTYLE
  5
2C40D
102
{ACAD_REACTORS
330
2C40A
102
}
330
2C40A
100
AcDbVisualStyle
  2
Gouraud
 70
     2
177
     3
291
     1
 70
    58
 90
        2
176
     1
 90
        2
176
     1
 90
        1
176
     1
 90
        2
176
     1
 40
0.6
176
     1
 40
30.0
176
     1
 62
     7
176
     1
 90
        0
176
     1
 90
        4
176
     1
 62
     7
176
     1
 62
   257
176
     1
 90
        1
176
     1
 90
        1
176
     1
 40
1.0
176
     1
 90
        0
176
     1
 62
     7
176
     1
 40
1.0
176
     1
 90
        1
176
     1
 90
        6
176
     1
 90
        2
176
     1
 62
     7
176
     1
 90
        5
176
     1
 90
        0
176
     1
 90
        0
176
     1
290
     0
176
     1
 90
       13
176
     1
 40
0.0
176
     1
 90
        0
176
     1
290
     0
176
     1
290
     1
176
     1
290
     1
176
     1
290
     0
176
     1
290
     0
176
     1
290
     0
176
     1
290
     0
176
     1
290
     0
176
     1
290
     0
176
     1
 90
       50
176
     1
 40
0.0
176
     1
 40
1.0
176
     1
 90
        0
176
     1
 62
    18
420
        0
176
     1
 90
       50
176
     1
 90
        3
176
     1
 62
     5
420
      255
176
     1
290
     0
176
     1
 90
       50
176
     1
 90
       50
176
     1
 90
       50
176
     1
290
     0
176
     1
 90
       50
176
     1
 62
   256
176
     0
 40
1.0
176
     0
 90
        2
176
     1
  1
strokes_ogs.tif
176
     1
290
     0
176
     1
 40
1.0
176
     1
 40
1.0
176
     1
  0
VISUALSTYLE
  5
2C40E
102
{ACAD_REACTORS
330
2C40A
102
}
330
2C40A
100
AcDbVisualStyle
  2
GouraudWithEdges
 70
     3
177
     3
291
     1
 70
    58
 90
        2
176
     1
 90
        2
176
     1
 90
        1
176
     1
 90
        2
176
     1
 40
0.6
176
     1
 40
30.0
176
     1
 62
     7
176
     1
 90
        1
176
     1
 90
        4
176
     1
 62
     7
176
     1
 62
   257
176
     1
 90
        1
176
     1
 90
        1
176
     1
 40
1.0
176
     1
 90
        0
176
     1
 62
   257
176
     1
 40
1.0
176
     1
 90
        1
176
     1
 90
        6
176
     1
 90
        2
176
     1
 62
     7
176
     1
 90
        5
176
     1
 90
        0
176
     1
 90
        0
176
     1
290
     0
176
     1
 90
       13
176
     1
 40
0.0
176
     1
 90
        0
176
     1
290
     0
176
     1
290
     1
176
     1
290
     1
176
     1
290
     0
176
     1
290
     0
176
     1
290
     0
176
     1
290
     0
176
     1
290
     0
176
     1
290
     0
176
     1
 90
       50
176
     1
 40
0.0
176
     1
 40
1.0
176
     1
 90
        0
176
     1
 62
    18
420
        0
176
     1
 90
       50
176
     1
 90
        3
176
     1
 62
     5
420
      255
176
     1
290
     0
176
     1
 90
       50
176
     1
 90
       50
176
     1
 90
       50
176
     1
290
     0
176
     1
 90
       50
176
     1
 62
   256
176
     0
 40
1.0
176
     0
 90
        2
176
     1
  1
strokes_ogs.tif
176
     1
290
     0
176
     1
 40
1.0
176
     1
 40
1.0
176
     1
  0
VISUALSTYLE
  5
52037
102
{ACAD_REACTORS
330
2C40A
102
}
330
2C40A
100
AcDbVisualStyle
  2
Hidden
 70
     6
177
     3
291
     0
 70
    58
 90
        1
176
     1
 90
        2
176
     1
 90
        2
176
     1
 90
        0
176
     1
 40
0.6
176
     1
 40
30.0
176
     1
 62
     7
176
     1
 90
        2
176
     1
 90
        2
176
     1
 62
     7
176
     1
 62
   257
176
     1
 90
        2
176
     1
 90
        1
176
     1
 40
40.0
176
     1
 90
        0
176
     1
 62
   257
176
     1
 40
1.0
176
     1
 90
        1
176
     1
 90
        6
176
     1
 90
        2
176
     1
 62
     7
176
     1
 90
        3
176
     1
 90
        0
176
     1
 90
        0
176
     1
290
     0
176
     1
 90
        1
176
     1
 40
0.0
176
     1
 90
        0
176
     1
290
     0
176
     1
290
     1
176
     1
290
     1
176
     1
290
     0
176
     1
290
     0
176
     1
290
     0
176
     1
290
     0
176
     1
290
     0
176
     1
290
     0
176
     1
 90
       50
176
     1
 40
0.0
176
     1
 40
1.0
176
     1
 90
        0
176
     1
 62
    18
420
        0
176
     1
 90
       50
176
     1
 90
        3
176
     1
 62
     5
420
      255
176
     1
290
     0
176
     1
 90
       50
176
     1
 90
       50
176
     1
 90
       50
176
     1
290
     0
176
     1
 90
       50
176
     1
 62
   256
176
     0
 40
1.0
176
     0
 90
        2
176
     1
  1
strokes_ogs.tif
176
     1
290
     0
176
     1
 40
1.0
176
     1
 40
1.0
176
     1
  0
VISUALSTYLE
  5
504A3
102
{ACAD_REACTORS
330
2C40A
102
}
330
2C40A
100
AcDbVisualStyle
  2
JitterOff
 70
    20
177
     3
291
     1
 70
    58
 90
        2
176
     0
 90
        2
176
     0
 90
        0
176
     0
 90
        0
176
     0
 40
0.6
176
     0
 40
30.0
176
     0
 62
     7
176
     0
 90
        1
176
     0
 90
        4
176
     0
 62
     7
176
     0
 62
   257
176
     0
 90
        1
176
     0
 90
        1
176
     0
 40
1.0
176
     0
 90
       10
176
     2
 62
     7
176
     0
 40
1.0
176
     0
 90
        1
176
     0
 90
        6
176
     0
 90
        2
176
     0
 62
     7
176
     0
 90
        5
176
     0
 90
        0
176
     0
 90
        0
176
     0
290
     0
176
     0
 90
        1
176
     0
 40
0.0
176
     0
 90
        0
176
     0
290
     0
176
     1
290
     1
176
     1
290
     1
176
     1
290
     0
176
     1
290
     0
176
     1
290
     0
176
     1
290
     0
176
     1
290
     0
176
     1
290
     0
176
     1
 90
       50
176
     1
 40
0.0
176
     1
 40
1.0
176
     1
 90
        0
176
     1
 62
    18
420
        0
176
     1
 90
       50
176
     1
 90
        3
176
     1
 62
     5
420
      255
176
     1
290
     0
176
     1
 90
       50
176
     1
 90
       50
176
     1
 90
       50
176
     1
290
     0
176
     1
 90
       50
176
     1
 62
   256
176
     0
 40
1.0
176
     0
 90
        2
176
     1
  1
strokes_ogs.tif
176
     1
290
     0
176
     1
 40
1.0
176
     1
 40
1.0
176
     1
  0
VISUALSTYLE
  5
2C418
102
{ACAD_REACTORS
330
2C40A
102
}
330
2C40A
100
AcDbVisualStyle
  2
Linepattern
 70
    14
177
     3
291
     1
 70
    58
 90
        2
176
     1
 90
        2
176
     1
 90
        0
176
     1
 90
        0
176
     1
 40
0.6
176
     1
 40
30.0
176
     1
 62
     7
176
     1
 90
        1
176
     1
 90
        4
176
     1
 62
     7
176
     1
 62
   257
176
     1
 90
        7
176
     1
 90
        7
176
     1
 40
1.0
176
     1
 90
        8
176
     1
 62
     7
176
     1
 40
1.0
176
     1
 90
        1
176
     1
 90
        6
176
     1
 90
        2
176
     1
 62
     7
176
     1
 90
        5
176
     1
 90
        0
176
     1
 90
        0
176
     1
290
     0
176
     1
 90
        1
176
     1
 40
0.0
176
     1
 90
        0
176
     1
290
     0
176
     1
290
     1
176
     1
290
     1
176
     1
290
     0
176
     1
290
     0
176
     1
290
     0
176
     1
290
     0
176
     1
290
     0
176
     1
290
     0
176
     1
 90
       50
176
     1
 40
0.0
176
     1
 40
1.0
176
     1
 90
        0
176
     1
 62
    18
420
        0
176
     1
 90
       50
176
     1
 90
        3
176
     1
 62
     5
420
      255
176
     1
290
     0
176
     1
 90
       50
176
     1
 90
       50
176
     1
 90
       50
176
     1
290
     0
176
     1
 90
       50
176
     1
 62
   256
176
     0
 40
1.0
176
     0
 90
        2
176
     1
  1
strokes_ogs.tif
176
     1
290
     0
176
     1
 40
1.0
176
     1
 40
1.0
176
     1
  0
VISUALSTYLE
  5
504A4
102
{ACAD_REACTORS
330
2C40A
102
}
330
2C40A
100
AcDbVisualStyle
  2
OverhangOff
 70
    21
177
     3
291
     1
 70
    58
 90
        2
176
     0
 90
        2
176
     0
 90
        0
176
     0
 90
        0
176
     0
 40
0.6
176
     0
 40
30.0
176
     0
 62
     7
176
     0
 90
        1
176
     0
 90
        4
176
     0
 62
     7
176
     0
 62
   257
176
     0
 90
        1
176
     0
 90
        1
176
     0
 40
1.0
176
     0
 90
        9
176
     2
 62
     7
176
     0
 40
1.0
176
     0
 90
        1
176
     0
 90
        6
176
     0
 90
        2
176
     0
 62
     7
176
     0
 90
        5
176
     0
 90
        0
176
     0
 90
        0
176
     0
290
     0
176
     0
 90
        1
176
     0
 40
0.0
176
     0
 90
        0
176
     0
290
     0
176
     1
290
     1
176
     1
290
     1
176
     1
290
     0
176
     1
290
     0
176
     1
290
     0
176
     1
290
     0
176
     1
290
     0
176
     1
290
     0
176
     1
 90
       50
176
     1
 40
0.0
176
     1
 40
1.0
176
     1
 90
        0
176
     1
 62
    18
420
        0
176
     1
 90
       50
176
     1
 90
        3
176
     1
 62
     5
420
      255
176
     1
290
     0
176
     1
 90
       50
176
     1
 90
       50
176
     1
 90
       50
176
     1
290
     0
176
     1
 90
       50
176
     1
 62
   256
176
     0
 40
1.0
176
     0
 90
        2
176
     1
  1
strokes_ogs.tif
176
     1
290
     0
176
     1
 40
1.0
176
     1
 40
1.0
176
     1
  0
VISUALSTYLE
  5
2C414
102
{ACAD_REACTORS
330
2C40A
102
}
330
2C40A
100
AcDbVisualStyle
  2
Realistic
 70
     8
177
     3
291
     0
 70
    58
 90
        2
176
     1
 90
        2
176
     1
 90
        0
176
     1
 90
        0
176
     1
 40
0.6
176
     1
 40
30.0
176
     1
 62
     7
176
     1
 90
        1
176
     1
 90
        0
176
     1
 62
     7
176
     1
 62
   257
176
     1
 90
        1
176
     1
 90
        1
176
     1
 40
1.0
176
     1
 90
        8
176
     1
 62
     8
176
     1
 40
1.0
176
     1
 90
        1
176
     1
 90
        6
176
     1
 90
        2
176
     1
 62
     7
176
     1
 90
        5
176
     1
 90
        0
176
     1
 90
        0
176
     1
290
     0
176
     1
 90
       13
176
     1
 40
0.0
176
     1
 90
        0
176
     1
290
     0
176
     1
290
     1
176
     1
290
     1
176
     1
290
     0
176
     1
290
     0
176
     1
290
     0
176
     1
290
     0
176
     1
290
     0
176
     1
290
     0
176
     1
 90
       50
176
     1
 40
0.0
176
     1
 40
1.0
176
     1
 90
        0
176
     1
 62
    18
420
        0
176
     1
 90
       50
176
     1
 90
        3
176
     1
 62
     5
420
      255
176
     1
290
     0
176
     1
 90
       50
176
     1
 90
       50
176
     1
 90
       50
176
     1
290
     0
176
     1
 90
       50
176
     1
 62
   256
176
     0
 40
1.0
176
     0
 90
        2
176
     1
  1
strokes_ogs.tif
176
     1
290
     0
176
     1
 40
1.0
176
     1
 40
1.0
176
     1
  0
VISUALSTYLE
  5
5203C
102
{ACAD_REACTORS
330
2C40A
102
}
330
2C40A
100
AcDbVisualStyle
  2
Shaded
 70
    27
177
     3
291
     0
 70
    58
 90
        2
176
     1
 90
        2
176
     1
 90
        1
176
     1
 90
        2
176
     1
 40
0.6
176
     1
 40
30.0
176
     1
 62
     7
176
     1
 90
        0
176
     1
 90
        4
176
     1
 62
     7
176
     1
 62
   257
176
     1
 90
        1
176
     1
 90
        1
176
     1
 40
1.0
176
     1
 90
        8
176
     1
 62
   257
176
     1
 40
1.0
176
     1
 90
        1
176
     1
 90
        6
176
     1
 90
        2
176
     1
 62
     8
176
     1
 90
        3
176
     1
 90
        0
176
     1
 90
        0
176
     1
290
     0
176
     1
 90
        5
176
     1
 40
0.0
176
     1
 90
        0
176
     1
290
     0
176
     1
290
     1
176
     1
290
     1
176
     1
290
     0
176
     1
290
     0
176
     1
290
     0
176
     1
290
     0
176
     1
290
     0
176
     1
290
     0
176
     1
 90
       50
176
     1
 40
0.0
176
     1
 40
1.0
176
     1
 90
        0
176
     1
 62
    18
420
        0
176
     1
 90
       50
176
     1
 90
        3
176
     1
 62
     5
420
      255
176
     1
290
     0
176
     1
 90
       50
176
     1
 90
       50
176
     1
 90
       50
176
     1
290
     0
176
     1
 90
       50
176
     1
 62
   256
176
     0
 40
1.0
176
     0
 90
        2
176
     1
  1
strokes_ogs.tif
176
     1
290
     0
176
     1
 40
1.0
176
     1
 40
1.0
176
     1
  0
VISUALSTYLE
  5
5203B
102
{ACAD_REACTORS
330
2C40A
102
}
330
2C40A
100
AcDbVisualStyle
  2
Shaded with edges
 70
    26
177
     3
291
     0
 70
    58
 90
        2
176
     1
 90
        2
176
     1
 90
        1
176
     1
 90
        2
176
     1
 40
0.6
176
     1
 40
30.0
176
     1
 62
     7
176
     1
 90
        1
176
     1
 90
        2
176
     1
 62
     7
176
     1
 62
   257
176
     1
 90
        2
176
     1
 90
        1
176
     1
 40
1.0
176
     1
 90
        8
176
     1
 62
   257
176
     1
 40
1.0
176
     1
 90
        1
176
     1
 90
        6
176
     1
 90
        2
176
     1
 62
     7
176
     1
 90
        3
176
     1
 90
        0
176
     1
 90
        0
176
     1
290
     0
176
     1
 90
        5
176
     1
 40
0.0
176
     1
 90
        0
176
     1
290
     0
176
     1
290
     1
176
     1
290
     1
176
     1
290
     0
176
     1
290
     0
176
     1
290
     0
176
     1
290
     0
176
     1
290
     0
176
     1
290
     0
176
     1
 90
       50
176
     1
 40
0.0
176
     1
 40
1.0
176
     1
 90
        0
176
     1
 62
    18
420
        0
176
     1
 90
       50
176
     1
 90
        3
176
     1
 62
     5
420
      255
176
     1
290
     0
176
     1
 90
       50
176
     1
 90
       50
176
     1
 90
       50
176
     1
290
     0
176
     1
 90
       50
176
     1
 62
   256
176
     0
 40
1.0
176
     0
 90
        2
176
     1
  1
strokes_ogs.tif
176
     1
290
     0
176
     1
 40
1.0
176
     1
 40
1.0
176
     1
  0
VISUALSTYLE
  5
52038
102
{ACAD_REACTORS
330
2C40A
102
}
330
2C40A
100
AcDbVisualStyle
  2
Shades of Gray
 70
    23
177
     3
291
     0
 70
    58
 90
        2
176
     1
 90
        2
176
     1
 90
        3
176
     1
 90
        0
176
     1
 40
0.6
176
     1
 40
30.0
176
     1
 62
     7
176
     1
 90
        2
176
     1
 90
        2
176
     1
 62
     7
176
     1
 62
     7
176
     1
 90
        1
176
     1
 90
        1
176
     1
 40
40.0
176
     1
 90
        8
176
     1
 62
     7
176
     1
 40
1.0
176
     1
 90
        1
176
     1
 90
        6
176
     1
 90
        2
176
     1
 62
     7
176
     1
 90
        3
176
     1
 90
        0
176
     1
 90
        0
176
     1
290
     0
176
     1
 90
        1
176
     1
 40
0.0
176
     1
 90
        0
176
     1
290
     0
176
     1
290
     1
176
     1
290
     1
176
     1
290
     0
176
     1
290
     0
176
     1
290
     0
176
     1
290
     0
176
     1
290
     0
176
     1
290
     0
176
     1
 90
       50
176
     1
 40
0.0
176
     1
 40
1.0
176
     1
 90
        0
176
     1
 62
    18
420
        0
176
     1
 90
       50
176
     1
 90
        3
176
     1
 62
     5
420
      255
176
     1
290
     0
176
     1
 90
       50
176
     1
 90
       50
176
     1
 90
       50
176
     1
290
     0
176
     1
 90
       50
176
     1
 62
   256
176
     0
 40
1.0
176
     0
 90
        2
176
     1
  1
strokes_ogs.tif
176
     1
290
     0
176
     1
 40
1.0
176
     1
 40
1.0
176
     1
  0
VISUALSTYLE
  5
52039
102
{ACAD_REACTORS
330
2C40A
102
}
330
2C40A
100
AcDbVisualStyle
  2
Sketchy
 70
    24
177
     3
291
     0
 70
    58
 90
        1
176
     1
 90
        2
176
     1
 90
        2
176
     1
 90
        0
176
     1
 40
0.6
176
     1
 40
30.0
176
     1
 62
     7
176
     1
 90
        2
176
     1
 90
        2
176
     1
 62
     7
176
     1
 62
     7
176
     1
 90
        1
176
     1
 90
        1
176
     1
 40
40.0
176
     1
 90
       11
176
     1
 62
     7
176
     1
 40
1.0
176
     1
 90
        1
176
     1
 90
        6
176
     1
 90
        2
176
     1
 62
     7
176
     1
 90
        6
176
     1
 90
        0
176
     1
 90
        0
176
     1
290
     0
176
     1
 90
        1
176
     1
 40
0.0
176
     1
 90
        0
176
     1
290
     0
176
     1
290
     1
176
     1
290
     1
176
     1
290
     0
176
     1
290
     0
176
     1
290
     0
176
     1
290
     0
176
     1
290
     0
176
     1
290
     0
176
     1
 90
       50
176
     1
 40
0.0
176
     1
 40
1.0
176
     1
 90
        0
176
     1
 62
    18
420
        0
176
     1
 90
       50
176
     1
 90
        3
176
     1
 62
     5
420
      255
176
     1
290
     0
176
     1
 90
       50
176
     1
 90
       50
176
     1
 90
       50
176
     1
290
     0
176
     1
 90
       50
176
     1
 62
   256
176
     0
 40
1.0
176
     0
 90
        2
176
     1
  1
strokes_ogs.tif
176
     1
290
     0
176
     1
 40
1.0
176
     1
 40
1.0
176
     1
  0
VISUALSTYLE
  5
2C417
102
{ACAD_REACTORS
330
2C40A
102
}
330
2C40A
100
AcDbVisualStyle
  2
Thicken
 70
    13
177
     3
291
     1
 70
    58
 90
        2
176
     1
 90
        2
176
     1
 90
        0
176
     1
 90
        0
176
     1
 40
0.6
176
     1
 40
30.0
176
     1
 62
     7
176
     1
 90
        1
176
     1
 90
        4
176
     1
 62
     7
176
     1
 62
   257
176
     1
 90
        1
176
     1
 90
        1
176
     1
 40
1.0
176
     1
 90
       12
176
     1
 62
     7
176
     1
 40
1.0
176
     1
 90
        1
176
     1
 90
        6
176
     1
 90
        2
176
     1
 62
     7
176
     1
 90
        5
176
     1
 90
        0
176
     1
 90
        0
176
     1
290
     0
176
     1
 90
        1
176
     1
 40
0.0
176
     1
 90
        0
176
     1
290
     0
176
     1
290
     1
176
     1
290
     1
176
     1
290
     0
176
     1
290
     0
176
     1
290
     0
176
     1
290
     0
176
     1
290
     0
176
     1
290
     0
176
     1
 90
       50
176
     1
 40
0.0
176
     1
 40
1.0
176
     1
 90
        0
176
     1
 62
    18
420
        0
176
     1
 90
       50
176
     1
 90
        3
176
     1
 62
     5
420
      255
176
     1
290
     0
176
     1
 90
       50
176
     1
 90
       50
176
     1
 90
       50
176
     1
290
     0
176
     1
 90
       50
176
     1
 62
   256
176
     0
 40
1.0
176
     0
 90
        2
176
     1
  1
strokes_ogs.tif
176
     1
290
     0
176
     1
 40
1.0
176
     1
 40
1.0
176
     1
  0
VISUALSTYLE
  5
52036
102
{ACAD_REACTORS
330
2C40A
102
}
330
2C40A
100
AcDbVisualStyle
  2
Wireframe
 70
     5
177
     3
291
     0
 70
    58
 90
        0
176
     1
 90
        2
176
     1
 90
        0
176
     1
 90
        0
176
     1
 40
0.6
176
     1
 40
30.0
176
     1
 62
     7
176
     1
 90
        1
176
     1
 90
        4
176
     1
 62
     7
176
     1
 62
   257
176
     1
 90
        1
176
     1
 90
        1
176
     1
 40
1.0
176
     1
 90
        0
176
     1
 62
   257
176
     1
 40
1.0
176
     1
 90
        1
176
     1
 90
        6
176
     1
 90
        2
176
     1
 62
     7
176
     1
 90
        3
176
     1
 90
        0
176
     1
 90
        0
176
     1
290
     0
176
     1
 90
        1
176
     1
 40
0.0
176
     1
 90
        0
176
     1
290
     0
176
     1
290
     1
176
     1
290
     1
176
     1
290
     0
176
     1
290
     0
176
     1
290
     0
176
     1
290
     0
176
     1
290
     0
176
     1
290
     0
176
     1
 90
       50
176
     1
 40
0.0
176
     1
 40
1.0
176
     1
 90
        0
176
     1
 62
    18
420
        0
176
     1
 90
       50
176
     1
 90
        3
176
     1
 62
     5
420
      255
176
     1
290
     0
176
     1
 90
       50
176
     1
 90
       50
176
     1
 90
       50
176
     1
290
     0
176
     1
 90
       50
176
     1
 62
   256
176
     0
 40
1.0
176
     0
 90
        2
176
     1
  1
strokes_ogs.tif
176
     1
290
     0
176
     1
 40
1.0
176
     1
 40
1.0
176
     1
  0
VISUALSTYLE
  5
5203A
102
{ACAD_REACTORS
330
2C40A
102
}
330
2C40A
100
AcDbVisualStyle
  2
X-Ray
 70
    25
177
     3
291
     0
 70
    58
 90
        2
176
     1
 90
        2
176
     1
 90
        1
176
     1
 90
        1
176
     1
 40
0.5
176
     1
 40
30.0
176
     1
 62
     7
176
     1
 90
        1
176
     1
 90
        0
176
     1
 62
     7
176
     1
 62
   257
176
     1
 90
        1
176
     1
 90
        1
176
     1
 40
1.0
176
     1
 90
        8
176
     1
 62
     7
176
     1
 40
1.0
176
     1
 90
        1
176
     1
 90
        6
176
     1
 90
        2
176
     1
 62
     7
176
     1
 90
        3
176
     1
 90
        0
176
     1
 90
        0
176
     1
290
     0
176
     1
 90
       13
176
     1
 40
0.0
176
     1
 90
        0
176
     1
290
     0
176
     1
290
     1
176
     1
290
     1
176
     1
290
     0
176
     1
290
     0
176
     1
290
     0
176
     1
290
     0
176
     1
290
     0
176
     1
290
     0
176
     1
 90
       50
176
     1
 40
0.0
176
     1
 40
1.0
176
     1
 90
        0
176
     1
 62
    18
420
        0
176
     1
 90
       50
176
     1
 90
        3
176
     1
 62
     5
420
      255
176
     1
290
     0
176
     1
 90
       50
176
     1
 90
       50
176
     1
 90
       50
176
     1
290
     0
176
     1
 90
       50
176
     1
 62
   256
176
     0
 40
1.0
176
     0
 90
        2
176
     1
  1
strokes_ogs.tif
176
     1
290
     0
176
     1
 40
1.0
176
     1
 40
1.0
176
     1
  0
DICTIONARYVAR
  5
392ED
102
{ACAD_REACTORS
330
5E
102
}
330
5E
100
DictionaryVariables
280
     0
  1
1:1
  0
DICTIONARYVAR
  5
392EC
102
{ACAD_REACTORS
330
5E
102
}
330
5E
100
DictionaryVariables
280
     0
  1
STANDARD
  0
DICTIONARYVAR
  5
C2A5
102
{ACAD_REACTORS
330
5E
102
}
330
5E
100
DictionaryVariables
280
     0
  1
STANDARD
  0
DICTIONARYVAR
  5
5052F16
102
{ACAD_REACTORS
330
5E
102
}
330
5E
100
DictionaryVariables
280
     0
  1
Metric50
  0
DICTIONARYVAR
  5
5052F17
102
{ACAD_REACTORS
330
5E
102
}
330
5E
100
DictionaryVariables
280
     0
  1
Metric50
  0
DICTIONARYVAR
  5
5F
102
{ACAD_REACTORS
330
5E
102
}
330
5E
100
DictionaryVariables
280
     0
  1
2
  0
DICTIONARYVAR
  5
63
102
{ACAD_REACTORS
330
5E
102
}
330
5E
100
DictionaryVariables
280
     0
  1
1
  0
DICTIONARYVAR
  5
50551FC
102
{ACAD_REACTORS
330
5E
102
}
330
5E
100
DictionaryVariables
280
     0
  1
0
  0
DICTIONARYVAR
  5
504BC
102
{ACAD_REACTORS
330
5E
102
}
330
5E
100
DictionaryVariables
280
     0
  1
1
  0
DICTIONARYVAR
  5
504BD
102
{ACAD_REACTORS
330
5E
102
}
330
5E
100
DictionaryVariables
280
     0
  1
15
  0
DICTIONARYVAR
  5
41C6E
102
{ACAD_REACTORS
330
5E
102
}
330
5E
100
DictionaryVariables
280
     0
  1
0
  0
DICTIONARYVAR
  5
41C6D
102
{ACAD_REACTORS
330
5E
102
}
330
5E
100
DictionaryVariables
280
     0
  1
0
  0
DICTIONARYVAR
  5
C31D
102
{ACAD_REACTORS
330
5E
102
}
330
5E
100
DictionaryVariables
280
     0
  1

  0
DICTIONARYVAR
  5
50551FB
102
{ACAD_REACTORS
330
5E
102
}
330
5E
100
DictionaryVariables
280
     0
  1
127
  0
XRECORD
  5
5054971
102
{ACAD_REACTORS
330
52B11
102
}
330
52B11
100
AcDbXrecord
280
     1
  1
UPPER
  0
ACDBASSOCNETWORK
  5
5055688
102
{ACAD_REACTORS
330
5055687
102
}
330
5055687
100
AcDbAssocAction
 90
        2
 90
        0
330
50557B5
360
0
 90
        3
 90
        0
 90
        0
 90
        0
 90
        0
 90
        0
 90
        0
100
AcDbAssocNetwork
 90
        0
 90
        3
 90
        2
360
5055689
360
5055691
 90
        0
  0
ACDB_DYNAMICBLOCKPROXYNODE
  5
505569A
330
5055699
100
AcDbEvalExpr
 90
        1
 98
       33
 99
      197
  0
FIELD
  5
5055702
102
{ACAD_REACTORS
330
5055701
102
}
330
5055701
100
AcDbField
  1
_text
  2
%<\_FldIdx 0>%
 90
        1
360
5055703
 97
        0
 91
       63
 92
        0
 94
        9
 95
        2
 96
        0
300

 93
        2
  6
ACFD_FIELDTEXT_ATTDEF
 93
        0
 90
        1
 91
        1
 94
        0
300

302

304
ACVALUE_END
  6
ACFD_FIELDTEXT_CHECKSUM
 93
        2
 90
        2
140
350.0
 94
        0
300

302

304
ACVALUE_END
  7
ACFD_FIELD_VALUE
 93
        3
 90
        0
 94
        0
300

302

304
ACVALUE_END
301

 98
        0
  0
FIELD
  5
5055707
102
{ACAD_REACTORS
330
5055706
102
}
330
5055706
100
AcDbField
  1
_text
  2
%<\_FldIdx 0>%
 90
        1
360
5055708
 97
        0
 91
       63
 92
        0
 94
        9
 95
        2
 96
        0
300

 93
        2
  6
ACFD_FIELDTEXT_ATTDEF
 93
        0
 90
        1
 91
        1
 94
        0
300

302

304
ACVALUE_END
  6
ACFD_FIELDTEXT_CHECKSUM
 93
        2
 90
        2
140
350.0
 94
        0
300

302

304
ACVALUE_END
  7
ACFD_FIELD_VALUE
 93
        3
 90
        0
 94
        0
300

302

304
ACVALUE_END
301

 98
        0
  0
FIELD
  5
505570C
102
{ACAD_REACTORS
330
505570B
102
}
330
505570B
100
AcDbField
  1
_text
  2
%<\_FldIdx 0>%
 90
        1
360
505570D
 97
        0
 91
       63
 92
        0
 94
        9
 95
        2
 96
        0
300

 93
        2
  6
ACFD_FIELDTEXT_ATTDEF
 93
        0
 90
        1
 91
        1
 94
        0
300

302

304
ACVALUE_END
  6
ACFD_FIELDTEXT_CHECKSUM
 93
        2
 90
        2
140
450.0
 94
        0
300

302

304
ACVALUE_END
  7
ACFD_FIELD_VALUE
 93
        3
 90
        0
 94
        0
300

302

304
ACVALUE_END
301

 98
        0
  0
FIELD
  5
5055712
102
{ACAD_REACTORS
330
5055711
102
}
330
5055711
100
AcDbField
  1
_text
  2
%<\_FldIdx 0>%
 90
        1
360
5055713
 97
        0
 91
       63
 92
        0
 94
        9
 95
        2
 96
        0
300

 93
        2
  6
ACFD_FIELDTEXT_ATTDEF
 93
        0
 90
        1
 91
        1
 94
        0
300

302

304
ACVALUE_END
  6
ACFD_FIELDTEXT_CHECKSUM
 93
        2
 90
        2
140
350.0
 94
        0
300

302

304
ACVALUE_END
  7
ACFD_FIELD_VALUE
 93
        3
 90
        0
 94
        0
300

302

304
ACVALUE_END
301

 98
        0
  0
FIELD
  5
5055718
102
{ACAD_REACTORS
330
5055717
102
}
330
5055717
100
AcDbField
  1
_text
  2
%<\_FldIdx 0>%
 90
        1
360
5055719
 97
        0
 91
       63
 92
        0
 94
        9
 95
        2
 96
        0
300

 93
        2
  6
ACFD_FIELDTEXT_ATTDEF
 93
        0
 90
        1
 91
        1
 94
        0
300

302

304
ACVALUE_END
  6
ACFD_FIELDTEXT_CHECKSUM
 93
        2
 90
        2
140
350.0
 94
        0
300

302

304
ACVALUE_END
  7
ACFD_FIELD_VALUE
 93
        3
 90
        0
 94
        0
300

302

304
ACVALUE_END
301

 98
        0
  0
FIELD
  5
505571D
102
{ACAD_REACTORS
330
505571C
102
}
330
505571C
100
AcDbField
  1
_text
  2
=%<\_FldIdx 0>%+%<\_FldIdx 1>%
 90
        2
360
505571E
360
505571F
 97
        0
 91
       63
 92
        0
 94
        9
 95
        2
 96
        0
300

 93
        2
  6
ACFD_FIELDTEXT_ATTDEF
 93
        0
 90
        1
 91
        1
 94
        0
300

302

304
ACVALUE_END
  6
ACFD_FIELDTEXT_CHECKSUM
 93
        2
 90
        2
140
1999.0
 94
        0
300

302

304
ACVALUE_END
  7
ACFD_FIELD_VALUE
 93
        3
 90
        0
 94
        0
300

302

304
ACVALUE_END
301

 98
        0
  0
DICTIONARY
  5
504BA
330
22
100
AcDbDictionary
280
     1
281
     1
  0
XRECORD
  5
50553F6
102
{ACAD_REACTORS
330
5054A0C
102
}
330
5054A0C
100
AcDbXrecord
280
     1
102
ACAD_MENTALRAY_SETTING_RT
330
5054926
 70
     1
  0
XRECORD
  5
5054A0D
102
{ACAD_REACTORS
330
5054A0C
102
}
330
5054A0C
100
AcDbXrecord
280
     1
 70
     2
 71
     3
 72
     0
  0
DICTIONARY
  5
392D3
330
C293
100
AcDbDictionary
280
     1
281
     1
  3
ACAD_ROUNDTRIP_2008_TABLESTYLE_CELLSTYLEMAP
360
505640E
  0
ACDBASSOCACTION
  5
5055689
330
5055688
100
AcDbAssocAction
 90
        2
 90
        0
330
5055688
360
505568A
 90
        1
 90
        3
 90
        3
360
505568B
360
505568C
360
505568D
 90
        0
 90
        3
360
505568E
360
505568F
360
5055690
 90
        0
 90
        9
 90
        0
  1
AlignItems
 90
        0
 90
        1
 90
        0
330
0
330
0
 90
        0
  1
AxesAngle
 90
        2
 90
        1
 40
1.570796326794896
330
0
330
0
 90
        0
  1
ItemSpacing
 90
        1
 90
        1
 40
-105.0
330
0
330
0
 90
        0
  1
Items
 90
        0
 90
        1
 90
        3
330
0
330
0
 90
        0
  1
LevelSpacing
 90
        1
 90
        1
 40
1.0
330
0
330
0
 90
        0
  1
Levels
 90
        0
 90
        1
 90
        1
330
0
330
0
 90
        0
  1
RowElevation
 90
        1
 90
        1
 40
0.0
330
0
330
0
 90
        0
  1
RowSpacing
 90
        1
 90
        1
 40
6.000000000001364
330
0
330
0
 90
        0
  1
Rows
 90
        0
 90
        1
 90
        1
330
0
330
0
  0
ACDBASSOCACTION
  5
5055691
330
5055688
100
AcDbAssocAction
 90
        2
 90
        0
330
5055688
360
5055692
 90
        3
 90
        3
 90
        3
360
5055693
360
5055694
360
5055695
 90
        0
 90
        3
360
5055696
360
5055697
360
5055698
 90
        0
 90
        9
 90
        0
  1
AlignItems
 90
        0
 90
        1
 90
        0
330
0
330
0
 90
        0
  1
AxesAngle
 90
        2
 90
        1
 40
1.570796326794896
330
0
330
0
 90
        0
  1
ItemSpacing
 90
        1
 90
        1
 40
-105.0
330
0
330
0
 90
        0
  1
Items
 90
        0
 90
        1
 90
        3
330
0
330
0
 90
        0
  1
LevelSpacing
 90
        1
 90
        1
 40
1.0
330
0
330
0
 90
        0
  1
Levels
 90
        0
 90
        1
 90
        1
330
0
330
0
 90
        0
  1
RowElevation
 90
        1
 90
        1
 40
0.0
330
0
330
0
 90
        0
  1
RowSpacing
 90
        1
 90
        1
 40
6.000000000001364
330
0
330
0
 90
        0
  1
Rows
 90
        0
 90
        1
 90
        1
330
0
330
0
  0
FIELD
  5
5055703
330
5055702
100
AcDbField
  1
AcVar
  2
\AcVar CustomDP.Drawing Description 2
 90
        0
 97
        0
 91
       63
 92
        0
 94
       11
 95
       64
 96
       22
300

 93
        1
  6
Variable
 93
        0
 90
        4
  1
CustomDP.Drawing Description 2
 94
        0
300

302

304
ACVALUE_END
  7
ACFD_FIELD_VALUE
 93
        1
 90
        4
 94
        0
300

302

304
ACVALUE_END
301

 98
        4
  0
FIELD
  5
5055708
330
5055707
100
AcDbField
  1
AcVar
  2
\AcVar CustomDP.Drawing Description 1
 90
        0
 97
        0
 91
       63
 92
        0
 94
       11
 95
       64
 96
       22
300

 93
        1
  6
Variable
 93
        0
 90
        4
  1
CustomDP.Drawing Description 1
 94
        0
300

302

304
ACVALUE_END
  7
ACFD_FIELD_VALUE
 93
        1
 90
        4
 94
        0
300

302

304
ACVALUE_END
301

 98
        4
  0
FIELD
  5
505570D
330
505570C
100
AcDbField
  1
AcVar
  2
\AcVar Title
 90
        0
 97
        0
 91
       63
 92
        0
 94
       59
 95
        2
 96
        0
300

 93
        1
  6
Variable
 93
        0
 90
        4
  1
Title
 94
        0
300

302

304
ACVALUE_END
  7
ACFD_FIELD_VALUE
 93
        4
 90
        4
  1

 94
        0
300

302

304
ACVALUE_END
301
----
 98
        4
  0
FIELD
  5
5055713
330
5055712
100
AcDbField
  1
AcSm
  2
\AcSm Sheet.Number
 90
        0
 97
        0
 91
       63
 92
        0
 94
       43
 95
       32
 96
      335
300

 93
        2
  6
SheetSetCompName
 93
        0
 90
        4
  1
Sheet
 94
        0
300

302

304
ACVALUE_END
  6
SheetSetPropertyName
 93
        0
 90
        4
  1
Number
 94
        0
300

302

304
ACVALUE_END
  7
ACFD_FIELD_VALUE
 93
        0
 90
        0
 91
        0
 94
        0
300

302

304
ACVALUE_END
301
####
 98
        4
  0
FIELD
  5
5055719
330
5055718
100
AcDbField
  1
AcVar
  2
\AcVar CustomDP.Sheet
 90
        0
 97
        0
 91
       63
 92
        0
 94
       11
 95
       64
 96
       22
300

 93
        1
  6
Variable
 93
        0
 90
        4
  1
CustomDP.Sheet
 94
        0
300

302

304
ACVALUE_END
  7
ACFD_FIELD_VALUE
 93
        1
 90
        4
 94
        0
300

302

304
ACVALUE_END
301

 98
        4
  0
FIELD
  5
505571E
330
505571D
100
AcDbField
  1
AcVar
  2
\AcVar CustomDP.Installation Code
 90
        0
 97
        0
 91
       63
 92
        0
 94
       11
 95
       64
 96
       22
300

 93
        1
  6
Variable
 93
        0
 90
        4
  1
CustomDP.Installation Code
 94
        0
300

302

304
ACVALUE_END
  7
ACFD_FIELD_VALUE
 93
        1
 90
        4
 94
        0
300

302

304
ACVALUE_END
301

 98
        4
  0
FIELD
  5
505571F
330
505571D
100
AcDbField
  1
AcVar
  2
\AcVar CustomDP.Location Code
 90
        0
 97
        0
 91
       63
 92
        0
 94
       11
 95
       64
 96
       22
300

 93
        1
  6
Variable
 93
        0
 90
        4
  1
CustomDP.Location Code
 94
        0
300

302

304
ACVALUE_END
  7
ACFD_FIELD_VALUE
 93
        1
 90
        4
 94
        0
300

302

304
ACVALUE_END
301

 98
        4
  0
CELLSTYLEMAP
  5
505640E
102
{ACAD_REACTORS
330
392D3
102
}
330
392D3
100
AcDbCellStyleMap
 90
        3
300
CELLSTYLE
  1
TABLEFORMAT_BEGIN
 90
        5
170
     1
 91
        0
 92
    32768
 62
   257
 93
        1
300
CONTENTFORMAT
  1
CONTENTFORMAT_BEGIN
 90
        0
 91
        0
 92
        4
 93
        0
300

 40
0.0
140
1.0
 94
        5
 62
     0
340
11
144
6.0
309
CONTENTFORMAT_END
171
     1
301
MARGIN
  1
CELLMARGIN_BEGIN
 40
1.5
 40
1.5
 40
1.5
 40
1.5
 40
0.18
 40
0.18
309
CELLMARGIN_END
 94
        6
 95
        1
302
GRIDFORMAT
  1
GRIDFORMAT_BEGIN
 90
        0
 91
        1
 62
     0
 92
       -2
340
0
 93
        0
 40
0.045
309
GRIDFORMAT_END
 95
        2
302
GRIDFORMAT
  1
GRIDFORMAT_BEGIN
 90
        0
 91
        1
 62
     0
 92
       -2
340
0
 93
        0
 40
0.045
309
GRIDFORMAT_END
 95
        4
302
GRIDFORMAT
  1
GRIDFORMAT_BEGIN
 90
        0
 91
        1
 62
     0
 92
       -2
340
0
 93
        0
 40
0.045
309
GRIDFORMAT_END
 95
        8
302
GRIDFORMAT
  1
GRIDFORMAT_BEGIN
 90
        0
 91
        1
 62
     0
 92
       -2
340
0
 93
        0
 40
0.045
309
GRIDFORMAT_END
 95
       16
302
GRIDFORMAT
  1
GRIDFORMAT_BEGIN
 90
        0
 91
        1
 62
     0
 92
       -2
340
0
 93
        0
 40
0.045
309
GRIDFORMAT_END
 95
       32
302
GRIDFORMAT
  1
GRIDFORMAT_BEGIN
 90
        0
 91
        1
 62
     0
 92
       -2
340
0
 93
        0
 40
0.045
309
GRIDFORMAT_END
309
TABLEFORMAT_END
  1
CELLSTYLE_BEGIN
 90
        1
 91
        1
300
_TITLE
309
CELLSTYLE_END
300
CELLSTYLE
  1
TABLEFORMAT_BEGIN
 90
        5
170
     1
 91
        0
 92
        0
 62
   257
 93
        1
300
CONTENTFORMAT
  1
CONTENTFORMAT_BEGIN
 90
        0
 91
        0
 92
        4
 93
        0
300

 40
0.0
140
1.0
 94
        5
 62
     0
340
11
144
4.5
309
CONTENTFORMAT_END
171
     1
301
MARGIN
  1
CELLMARGIN_BEGIN
 40
1.5
 40
1.5
 40
1.5
 40
1.5
 40
0.18
 40
0.18
309
CELLMARGIN_END
 94
        6
 95
        1
302
GRIDFORMAT
  1
GRIDFORMAT_BEGIN
 90
        0
 91
        1
 62
     0
 92
       -2
340
0
 93
        0
 40
0.045
309
GRIDFORMAT_END
 95
        2
302
GRIDFORMAT
  1
GRIDFORMAT_BEGIN
 90
        0
 91
        1
 62
     0
 92
       -2
340
0
 93
        0
 40
0.045
309
GRIDFORMAT_END
 95
        4
302
GRIDFORMAT
  1
GRIDFORMAT_BEGIN
 90
        0
 91
        1
 62
     0
 92
       -2
340
0
 93
        0
 40
0.045
309
GRIDFORMAT_END
 95
        8
302
GRIDFORMAT
  1
GRIDFORMAT_BEGIN
 90
        0
 91
        1
 62
     0
 92
       -2
340
0
 93
        0
 40
0.045
309
GRIDFORMAT_END
 95
       16
302
GRIDFORMAT
  1
GRIDFORMAT_BEGIN
 90
        0
 91
        1
 62
     0
 92
       -2
340
0
 93
        0
 40
0.045
309
GRIDFORMAT_END
 95
       32
302
GRIDFORMAT
  1
GRIDFORMAT_BEGIN
 90
        0
 91
        1
 62
     0
 92
       -2
340
0
 93
        0
 40
0.045
309
GRIDFORMAT_END
309
TABLEFORMAT_END
  1
CELLSTYLE_BEGIN
 90
        2
 91
        1
300
_HEADER
309
CELLSTYLE_END
300
CELLSTYLE
  1
TABLEFORMAT_BEGIN
 90
        5
170
     1
 91
        0
 92
        0
 62
   257
 93
        1
300
CONTENTFORMAT
  1
CONTENTFORMAT_BEGIN
 90
        0
 91
        0
 92
        4
 93
        0
300

 40
0.0
140
1.0
 94
        2
 62
     0
340
11
144
4.5
309
CONTENTFORMAT_END
171
     1
301
MARGIN
  1
CELLMARGIN_BEGIN
 40
1.5
 40
1.5
 40
1.5
 40
1.5
 40
0.18
 40
0.18
309
CELLMARGIN_END
 94
        6
 95
        1
302
GRIDFORMAT
  1
GRIDFORMAT_BEGIN
 90
        0
 91
        1
 62
     0
 92
       -2
340
0
 93
        0
 40
0.045
309
GRIDFORMAT_END
 95
        2
302
GRIDFORMAT
  1
GRIDFORMAT_BEGIN
 90
        0
 91
        1
 62
     0
 92
       -2
340
0
 93
        0
 40
0.045
309
GRIDFORMAT_END
 95
        4
302
GRIDFORMAT
  1
GRIDFORMAT_BEGIN
 90
        0
 91
        1
 62
     0
 92
       -2
340
0
 93
        0
 40
0.045
309
GRIDFORMAT_END
 95
        8
302
GRIDFORMAT
  1
GRIDFORMAT_BEGIN
 90
        0
 91
        1
 62
     0
 92
       -2
340
0
 93
        0
 40
0.045
309
GRIDFORMAT_END
 95
       16
302
GRIDFORMAT
  1
GRIDFORMAT_BEGIN
 90
        0
 91
        1
 62
     0
 92
       -2
340
0
 93
        0
 40
0.045
309
GRIDFORMAT_END
 95
       32
302
GRIDFORMAT
  1
GRIDFORMAT_BEGIN
 90
        0
 91
        1
 62
     0
 92
       -2
340
0
 93
        0
 40
0.045
309
GRIDFORMAT_END
309
TABLEFORMAT_END
  1
CELLSTYLE_BEGIN
 90
        3
 91
        2
300
_DATA
309
CELLSTYLE_END
  0
ACDBASSOCARRAYACTIONBODY
  5
505568A
330
5055689
100
AcDbAssocActionBody
 90
        2
100
AcDbAssocArrayActionBody
 90
        1
  1
AcDbAssocArrayRectangularParameters
 90
        0
 90
        3
  1
AcDbAssocArrayItem
100
AcDbAssocArrayItem
 90
        0
 90
        0
 90
        0
 90
        0
 90
        8
 11
0.0
 21
0.0
 31
0.0
330
5055734
100
AcDbAssocArrayItem
 90
        0
 90
        1
 90
        0
 90
        0
 90
        8
 11
-105.0
 21
0.0
 31
0.0
330
5055735
100
AcDbAssocArrayItem
 90
        0
 90
        2
 90
        0
 90
        0
 90
        8
 11
-210.0
 21
0.0
 31
0.0
330
5055736
 40
1.0
 40
0.0
 40
0.0
 40
420.0
 40
0.0
 40
1.0
 40
0.0
 40
0.0000000000002647
 40
0.0
 40
0.0
 40
1.0
 40
0.0
 40
0.0
 40
0.0
 40
0.0
 40
1.0
  0
ACDBASSOCDEPENDENCY
  5
505568B
330
5055689
100
AcDbAssocDependency
 90
        2
 90
        0
290
     0
290
     1
290
     1
290
     1
 90
        0
330
5055731
290
     0
330
0
330
0
360
0
 90
        1
  0
ACDBASSOCDEPENDENCY
  5
505568C
330
5055689
100
AcDbAssocDependency
 90
        2
 90
        0
290
     1
290
     0
290
     1
290
     1
 90
        0
330
505572D
290
     0
330
0
330
0
360
0
 90
        2
  0
ACDBASSOCDEPENDENCY
  5
505568D
330
5055689
100
AcDbAssocDependency
 90
        2
 90
        0
290
     1
290
     1
290
     1
290
     1
 90
-2147483648
330
50556BE
290
     0
330
0
330
0
360
0
 90
        3
  0
ACDBASSOCVERTEXACTIONPARAM
  5
505568E
330
5055689
100
AcDbAssocActionParam
 90
        1
 90
        0
  1
BaseNormal
100
AcDbAssocSingleDependencyActionParam
 90
        0
330
0
100
AcDbAssocVertexActionParam
 90
        0
 10
0.0
 20
0.0
 30
1.0
  0
ACDBASSOCVERTEXACTIONPARAM
  5
505568F
330
5055689
100
AcDbAssocActionParam
 90
        1
 90
        0
  1
Origin
100
AcDbAssocSingleDependencyActionParam
 90
        0
330
0
100
AcDbAssocVertexActionParam
 90
        0
 10
0.0
 20
0.0
 30
0.0
  0
ACDBASSOCVERTEXACTIONPARAM
  5
5055690
330
5055689
100
AcDbAssocActionParam
 90
        1
 90
        0
  1
basePoint
100
AcDbAssocSingleDependencyActionParam
 90
        0
330
0
100
AcDbAssocVertexActionParam
 90
        0
 10
0.0
 20
0.0
 30
0.0
  0
ACDBASSOCARRAYACTIONBODY
  5
5055692
330
5055691
100
AcDbAssocActionBody
 90
        2
100
AcDbAssocArrayActionBody
 90
        1
  1
AcDbAssocArrayRectangularParameters
 90
        0
 90
        3
  1
AcDbAssocArrayItem
100
AcDbAssocArrayItem
 90
        0
 90
        0
 90
        0
 90
        0
 90
        8
 11
0.0
 21
0.0
 31
0.0
330
505573F
100
AcDbAssocArrayItem
 90
        0
 90
        1
 90
        0
 90
        0
 90
        8
 11
-105.0
 21
0.0
 31
0.0
330
5055740
100
AcDbAssocArrayItem
 90
        0
 90
        2
 90
        0
 90
        0
 90
        8
 11
-210.0
 21
0.0
 31
0.0
330
5055741
 40
1.0
 40
-0.0000000000000001
 40
0.0
 40
420.0
 40
-0.0000000000000001
 40
-1.0
 40
0.0
 40
297.0000000000003
 40
0.0
 40
0.0
 40
1.0
 40
0.0
 40
0.0
 40
0.0
 40
0.0
 40
1.0
  0
ACDBASSOCDEPENDENCY
  5
5055693
330
5055691
100
AcDbAssocDependency
 90
        2
 90
        0
290
     0
290
     1
290
     1
290
     1
 90
        0
330
505573C
290
     0
330
0
330
0
360
0
 90
        1
  0
ACDBASSOCDEPENDENCY
  5
5055694
330
5055691
100
AcDbAssocDependency
 90
        2
 90
        0
290
     1
290
     0
290
     1
290
     1
 90
        0
330
5055738
290
     0
330
0
330
0
360
0
 90
        2
  0
ACDBASSOCDEPENDENCY
  5
5055695
330
5055691
100
AcDbAssocDependency
 90
        2
 90
        0
290
     1
290
     1
290
     1
290
     1
 90
-2147483648
330
50556D0
290
     0
330
0
330
0
360
0
 90
        3
  0
ACDBASSOCVERTEXACTIONPARAM
  5
5055696
330
5055691
100
AcDbAssocActionParam
 90
        1
 90
        0
  1
BaseNormal
100
AcDbAssocSingleDependencyActionParam
 90
        0
330
0
100
AcDbAssocVertexActionParam
 90
        0
 10
0.0
 20
0.0
 30
1.0
  0
ACDBASSOCVERTEXACTIONPARAM
  5
5055697
330
5055691
100
AcDbAssocActionParam
 90
        1
 90
        0
  1
Origin
100
AcDbAssocSingleDependencyActionParam
 90
        0
330
0
100
AcDbAssocVertexActionParam
 90
        0
 10
0.0
 20
0.0
 30
0.0
  0
ACDBASSOCVERTEXACTIONPARAM
  5
5055698
330
5055691
100
AcDbAssocActionParam
 90
        1
 90
        0
  1
basePoint
100
AcDbAssocSingleDependencyActionParam
 90
        0
330
0
100
AcDbAssocVertexActionParam
 90
        0
 10
0.0
 20
0.0
 30
0.0
  0
ENDSEC
  0
SECTION
  2
ACDSDATA
 70
     2
 71
     8
  0
ACDSSCHEMA
 90
        0
  1
AcDb_Thumbnail_Schema
  2
AcDbDs::ID
280
    10
 91
        8
  2
Thumbnail_Data
280
    15
 91
        0
101
ACDSRECORD
 95
        0
 90
        1
  2
AcDbDs::TreatedAsObjectData
280
     1
291
     1
101
ACDSRECORD
 95
        0
 90
        2
  2
AcDbDs::Legacy
280
     1
291
     1
101
ACDSRECORD
  1
AcDbDs::ID
 90
        3
  2
AcDs:Indexable
280
     1
291
     1
101
ACDSRECORD
  1
AcDbDs::ID
 90
        4
  2
AcDbDs::HandleAttribute
280
     7
282
     1
  0
ACDSSCHEMA
 90
        1
  1
AcDbDs::TreatedAsObjectDataSchema
  2
AcDbDs::TreatedAsObjectData
280
     1
 91
        0
  0
ACDSSCHEMA
 90
        2
  1
AcDbDs::LegacySchema
  2
AcDbDs::Legacy
280
     1
 91
        0
  0
ACDSSCHEMA
 90
        3
  1
AcDbDs::IndexedPropertySchema
  2
AcDs:Indexable
280
     1
 91
        0
  0
ACDSSCHEMA
 90
        4
  1
AcDbDs::HandleAttributeSchema
  2
AcDbDs::HandleAttribute
280
     7
 91
        1
284
     1
  0
ACDSRECORD
 90
        0
  2
AcDbDs::ID
280
    10
320
22
  2
Thumbnail_Data
280
    15
 94
     1584
310
89504E470D0A1A0A0000000D49484452000001000000006C0803000000B2ED9CC100000300504C5445000000FFFFFF0000000000000000000000000000000000000000000000000000000000330000660000990000CC0000FF0033000033330033660033990033CC0033FF0066000066330066660066990066CC0066FF0099
310
000099330099660099990099CC0099FF00CC0000CC3300CC6600CC9900CCCC00CCFF00FF0000FF3300FF6600FF9900FFCC00FFFF3300003300333300663300993300CC3300FF3333003333333333663333993333CC3333FF3366003366333366663366993366CC3366FF3399003399333399663399993399CC3399FF33CC00
310
33CC3333CC6633CC9933CCCC33CCFF33FF0033FF3333FF6633FF9933FFCC33FFFF6600006600336600666600996600CC6600FF6633006633336633666633996633CC6633FF6666006666336666666666996666CC6666FF6699006699336699666699996699CC6699FF66CC0066CC3366CC6666CC9966CCCC66CCFF66FF0066
310
FF3366FF6666FF9966FFCC66FFFF9900009900339900669900999900CC9900FF9933009933339933669933999933CC9933FF9966009966339966669966999966CC9966FF9999009999339999669999999999CC9999FF99CC0099CC3399CC6699CC9999CCCC99CCFF99FF0099FF3399FF6699FF9999FFCC99FFFFCC0000CC00
310
33CC0066CC0099CC00CCCC00FFCC3300CC3333CC3366CC3399CC33CCCC33FFCC6600CC6633CC6666CC6699CC66CCCC66FFCC9900CC9933CC9966CC9999CC99CCCC99FFCCCC00CCCC33CCCC66CCCC99CCCCCCCCCCFFCCFF00CCFF33CCFF66CCFF99CCFFCCCCFFFFFF0000FF0033FF0066FF0099FF00CCFF00FFFF3300FF3333
310
FF3366FF3399FF33CCFF33FFFF6600FF6633FF6666FF6699FF66CCFF66FFFF9900FF9933FF9966FF9999FF99CCFF99FFFFCC00FFCC33FFCC66FFCC99FFCCCCFFCCFFFFFF00FFFF33FFFF66FFFF99FFFFCCFFFFFF0000000D0D0D1A1A1A2828283535354343435050505D5D5D6B6B6B787878868686939393A1A1A1AEAEAEBB
310
BBBBC9C9C9D6D6D6E4E4E4F1F1F1FFFFFF0000000000000000000000000000000000000000000000000000000000003AE5ACE9000002894944415478DAED995176823010459FBB70136EDBC32ABA003EFDCA87DB98FF6A288409211942A8ADBEDB530433C672994C02053E82DBEDB9BDE263A1000AA0000AA0000AA0000AA0
310
000AA0000AA080CF142022144001A9A66E8EEBFE1C6E7FD4A3D19A01AE1F590DE94A01BBE9F49F64FA8C2B34668AE0D7C4E3A0FF2B02C297C4A796FE7AA79BA1625C6116380D7CD974ABEB2381D9C1735735CD5F20BA317CC896010708C06E01C80A8012A04313E78FCEB5A6B80EA815A04F21B93B3F5F1805A881A8FF242D
310
B6490D980C780163E743492897A82D88B506F473033502745B59C0D91B18040C9FF635F13E81B03F1390BA92D057180803C4FFC4C3003A33CA02E4880C38FB1C0819901370EF94E7A400C16402CB0A21ABB5F075356083809001C96A0EE872B756F79099083A351747D7369D008FA8213E39439B3200D310181707CD6B80B5
310
0CE48A605E40BC88F90932650054118C3260B8F63E15F609C0C102B0B648B0DC0E4FD3E0B8304C0BF0AB65F7BFA81490B93EC76600D66681E50A231E02A8C880D369B60ED825E082CB13BF05FC06FED7EFE1E7FD1DEB805A01222D3360BD875100C6CD251CEBB7B226DADF0D96049C4211DC27603A4F2801D16B5140F31A50
310
1010DF0D560B38A006F4CB5900B959209E2EB63E0FD87A3778F43498122056019804F47D4640C59C72B480D64FE9F202F63DB03A7808C03AE5BAC283BE8C807B99D70D8161852F6210907950B751001607AF1660CA806A01B70F2153036EB67F2DD8EEEBAA3AFB85286C12208951B714908AAAEBAC6D94C85AD1682840DE49
310
004CDF035B065475D6366AA3806B82470FD702628A3276D6364AD6A340082184104208218410420821841042082184104208218410420821841042082184104208216FCA378675C110FFC44B640000000049454E44AE4260821740B2059063BDAA3C57B57FA805AEBFB7195CAD9DEFFAD433C7551575BAD355000000000000
310
000000000000000000000000000000000000000000000000000000000000000000000000BE137F01A776D21708F0F8D70000000049454E44AE426082
  0
ENDSEC
  0
EOF
